ma_id,review_id,audit_score,consistency_score,robustness_score,stability_score,power_score,final_score,grade,grade_label,percentile_rank
CD013614_pub2_data__A28,CD013614,92.0,100.0,100.0,99.9,100.0,98,A+,Highly Trustworthy,99.9
CD003774_pub5_data__A10,CD003774,92.0,100.0,100.0,99.9,100.0,98,A+,Highly Trustworthy,99.9
CD001155_pub3_data__A5,CD001155,92.0,100.0,100.0,99.9,100.0,98,A+,Highly Trustworthy,99.9
CD013366_pub2_data__A5,CD013366,92.0,100.0,100.0,99.7,100.0,98,A+,Highly Trustworthy,99.9
CD003774_pub5_data__A5,CD003774,92.0,100.0,100.0,99.9,100.0,98,A+,Highly Trustworthy,99.9
CD003774_pub5_data__A2,CD003774,92.0,100.0,100.0,99.9,100.0,98,A+,Highly Trustworthy,99.9
CD007784_pub3_data__A37,CD007784,92.0,100.0,100.0,99.9,100.0,98,A+,Highly Trustworthy,99.9
CD007784_pub3_data__A25,CD007784,92.0,100.0,100.0,99.9,100.0,98,A+,Highly Trustworthy,99.9
CD007784_pub3_data__A22,CD007784,92.0,100.0,100.0,99.9,100.0,98,A+,Highly Trustworthy,99.9
CD007784_pub3_data__A5,CD007784,92.0,100.0,100.0,99.9,100.0,98,A+,Highly Trustworthy,99.9
CD009362_pub4_data__A4,CD009362,92.0,100.0,100.0,99.9,100.0,98,A+,Highly Trustworthy,99.9
CD011762_pub2_data__A9,CD011762,92.0,100.0,100.0,100.0,100.0,98,A+,Highly Trustworthy,99.9
CD011535_pub7_data__A13,CD011535,92.0,100.0,100.0,99.9,100.0,98,A+,Highly Trustworthy,99.9
CD001909_pub4_data__A1,CD001909,92.0,100.0,100.0,99.6,100.0,98,A+,Highly Trustworthy,99.9
CD007784_pub3_data__A54,CD007784,92.0,100.0,100.0,99.9,100.0,98,A+,Highly Trustworthy,99.9
CD007784_pub3_data__A48,CD007784,92.0,100.0,100.0,99.9,100.0,98,A+,Highly Trustworthy,99.9
CD012712_pub2_data__A15,CD012712,92.0,100.0,100.0,99.8,100.0,98,A+,Highly Trustworthy,99.9
CD011762_pub2_data__A3,CD011762,92.0,100.0,100.0,100.0,100.0,98,A+,Highly Trustworthy,99.9
CD003774_pub5_data__A7,CD003774,84.0,100.0,100.0,99.9,100.0,97,A+,Highly Trustworthy,99.7
CD003774_pub5_data__A13,CD003774,84.0,100.0,100.0,99.9,100.0,97,A+,Highly Trustworthy,99.7
CD009749_pub3_data__A6,CD009749,84.0,100.0,100.0,99.9,100.0,97,A+,Highly Trustworthy,99.7
CD013071_pub2_data__A8,CD013071,84.0,100.0,100.0,99.7,100.0,97,A+,Highly Trustworthy,99.7
CD013071_pub2_data__A20,CD013071,84.0,100.0,100.0,99.7,100.0,97,A+,Highly Trustworthy,99.7
CD001909_pub4_data__A4,CD001909,84.0,100.0,100.0,99.6,100.0,97,A+,Highly Trustworthy,99.7
CD001155_pub3_data__A1,CD001155,84.0,100.0,100.0,99.9,100.0,97,A+,Highly Trustworthy,99.7
CD013830_pub2_data__A7,CD013830,84.0,100.0,100.0,99.9,100.0,97,A+,Highly Trustworthy,99.7
CD006257_pub2_data__A5,CD006257,92.0,100.0,90.0,99.9,100.0,96,A+,Highly Trustworthy,99.6
CD007784_pub3_data__A4,CD007784,100.0,100.0,100.0,99.9,75.0,95,A+,Highly Trustworthy,99.5
CD016131_data__A3,CD016131,92.0,100.0,90.0,92.8,100.0,95,A+,Highly Trustworthy,99.5
CD007784_pub3_data__A55,CD007784,100.0,100.0,100.0,99.9,75.0,95,A+,Highly Trustworthy,99.5
CD003598_pub3_data__A2,CD003598,84.0,100.0,90.0,99.9,100.0,95,A+,Highly Trustworthy,99.5
CD002042_pub6_data__A32,CD002042,76.0,100.0,100.0,99.6,100.0,95,A+,Highly Trustworthy,99.5
CD016131_data__A2,CD016131,92.0,100.0,90.0,92.8,100.0,95,A+,Highly Trustworthy,99.5
CD007026_pub7_data__A2,CD007026,84.0,100.0,90.0,99.4,100.0,95,A+,Highly Trustworthy,99.5
CD011600_pub3_data__A12,CD011600,100.0,100.0,90.0,99.3,75.0,93,A+,Highly Trustworthy,99.4
CD011600_pub3_data__A25,CD011600,100.0,100.0,90.0,99.3,75.0,93,A+,Highly Trustworthy,99.4
CD015536_pub2_data__A2,CD015536,76.0,100.0,90.0,99.9,100.0,93,A+,Highly Trustworthy,99.4
CD011600_pub3_data__A14,CD011600,100.0,100.0,90.0,99.3,75.0,93,A+,Highly Trustworthy,99.4
CD013830_pub2_data__A10,CD013830,92.0,100.0,100.0,99.9,75.0,93,A+,Highly Trustworthy,99.4
CD003598_pub3_data__A18,CD003598,100.0,100.0,90.0,99.9,75.0,93,A+,Highly Trustworthy,99.4
CD012712_pub2_data__A5,CD012712,84.0,80.0,100.0,99.8,100.0,93,A+,Highly Trustworthy,99.4
CD013830_pub2_data__A11,CD013830,92.0,100.0,100.0,99.9,75.0,93,A+,Highly Trustworthy,99.4
CD013614_pub2_data__A19,CD013614,92.0,100.0,100.0,99.9,75.0,93,A+,Highly Trustworthy,99.4
CD013874_pub3_data__A11,CD013874,92.0,100.0,100.0,99.5,75.0,93,A+,Highly Trustworthy,99.4
CD016211_data__A2,CD016211,100.0,100.0,90.0,99.7,75.0,93,A+,Highly Trustworthy,99.4
CD013614_pub2_data__A18,CD013614,72.0,100.0,90.0,99.9,100.0,92,A+,Highly Trustworthy,99.2
CD009749_pub3_data__A2,CD009749,84.0,100.0,100.0,99.9,75.0,92,A+,Highly Trustworthy,99.2
CD014722_pub2_data__A1,CD014722,84.0,100.0,80.0,96.6,100.0,92,A+,Highly Trustworthy,99.2
CD013830_pub2_data__A13,CD013830,84.0,100.0,100.0,99.9,75.0,92,A+,Highly Trustworthy,99.2
CD010290_pub4_data__A1,CD010290,84.0,100.0,100.0,99.9,75.0,92,A+,Highly Trustworthy,99.2
CD006023_pub4_data__A7,CD006023,92.0,100.0,90.0,73.8,100.0,91,A+,Highly Trustworthy,99.1
CD006023_pub4_data__A13,CD006023,92.0,100.0,90.0,73.8,100.0,91,A+,Highly Trustworthy,99.1
CD005133_pub4_data__A8,CD005133,76.0,100.0,80.0,98.8,100.0,91,A+,Highly Trustworthy,99.1
CD003743_pub3_data__A4,CD003743,92.0,100.0,90.0,99.7,75.0,91,A+,Highly Trustworthy,99.1
CD012426_pub2_data__A4,CD012426,92.0,100.0,90.0,99.0,75.0,91,A+,Highly Trustworthy,99.1
CD011600_pub3_data__A23,CD011600,92.0,100.0,90.0,99.3,75.0,91,A+,Highly Trustworthy,99.1
CD011600_pub3_data__A10,CD011600,92.0,100.0,90.0,99.3,75.0,91,A+,Highly Trustworthy,99.1
CD003333_pub4_data__A3,CD003333,100.0,100.0,80.0,99.7,75.0,91,A+,Highly Trustworthy,99.1
CD007784_pub3_data__A50,CD007784,80.0,100.0,70.0,99.9,100.0,90,A+,Highly Trustworthy,99.0
CD007784_pub3_data__A24,CD007784,80.0,100.0,70.0,99.9,100.0,90,A+,Highly Trustworthy,99.0
CD007784_pub3_data__A23,CD007784,80.0,100.0,70.0,99.9,100.0,90,A+,Highly Trustworthy,99.0
CD006536_pub5_data__A3,CD006536,80.0,100.0,70.0,99.7,100.0,90,A+,Highly Trustworthy,99.0
CD007784_pub3_data__A38,CD007784,80.0,100.0,70.0,99.9,100.0,90,A+,Highly Trustworthy,99.0
CD007784_pub3_data__A53,CD007784,80.0,100.0,70.0,99.9,100.0,90,A+,Highly Trustworthy,99.0
CD013425_pub2_data__A12,CD013425,80.0,100.0,70.0,99.7,100.0,90,A+,Highly Trustworthy,99.0
CD010290_pub4_data__A3,CD010290,80.0,100.0,70.0,99.9,100.0,90,A+,Highly Trustworthy,99.0
CD003376_pub4_data__A5,CD003376,80.0,100.0,70.0,99.8,100.0,90,A+,Highly Trustworthy,99.0
CD013541_pub2_data__A1,CD013541,80.0,100.0,70.0,98.1,100.0,90,A+,Highly Trustworthy,99.0
CD007784_pub3_data__A1,CD007784,80.0,100.0,70.0,99.9,100.0,90,A+,Highly Trustworthy,99.0
CD010290_pub4_data__A10,CD010290,80.0,100.0,70.0,99.9,100.0,90,A+,Highly Trustworthy,99.0
CD001155_pub3_data__A3,CD001155,80.0,100.0,70.0,99.9,100.0,90,A+,Highly Trustworthy,99.0
CD009298_pub3_data__A28,CD009298,92.0,100.0,50.0,98.3,100.0,88,A,Trustworthy,97.9
CD005595_pub4_data__A11,CD005595,92.0,100.0,50.0,99.8,100.0,88,A,Trustworthy,97.9
CD007784_pub3_data__A51,CD007784,92.0,100.0,50.0,99.9,100.0,88,A,Trustworthy,97.9
CD007784_pub3_data__A44,CD007784,92.0,100.0,50.0,99.9,100.0,88,A,Trustworthy,97.9
CD013614_pub2_data__A27,CD013614,92.0,100.0,50.0,99.9,100.0,88,A,Trustworthy,97.9
CD009298_pub3_data__A27,CD009298,92.0,100.0,50.0,98.3,100.0,88,A,Trustworthy,97.9
CD007784_pub3_data__A42,CD007784,92.0,100.0,50.0,99.9,100.0,88,A,Trustworthy,97.9
CD007784_pub3_data__A40,CD007784,92.0,100.0,50.0,99.9,100.0,88,A,Trustworthy,97.9
CD013830_pub2_data__A2,CD013830,92.0,100.0,50.0,99.9,100.0,88,A,Trustworthy,97.9
CD009749_pub3_data__A3,CD009749,92.0,100.0,50.0,99.9,100.0,88,A,Trustworthy,97.9
CD010966_pub4_data__A1,CD010966,92.0,100.0,50.0,96.0,100.0,88,A,Trustworthy,97.9
CD006536_pub5_data__A21,CD006536,92.0,100.0,50.0,99.7,100.0,88,A,Trustworthy,97.9
CD009298_pub3_data__A16,CD009298,92.0,100.0,50.0,98.3,100.0,88,A,Trustworthy,97.9
CD006536_pub5_data__A2,CD006536,72.0,100.0,70.0,99.7,100.0,88,A,Trustworthy,97.9
CD009298_pub3_data__A8,CD009298,92.0,100.0,50.0,98.3,100.0,88,A,Trustworthy,97.9
CD016136_data__A5,CD016136,92.0,100.0,50.0,99.4,100.0,88,A,Trustworthy,97.9
CD016136_data__A4,CD016136,92.0,100.0,50.0,99.4,100.0,88,A,Trustworthy,97.9
CD010966_pub4_data__A3,CD010966,92.0,100.0,50.0,96.0,100.0,88,A,Trustworthy,97.9
CD007784_pub3_data__A28,CD007784,92.0,100.0,50.0,99.9,100.0,88,A,Trustworthy,97.9
CD007784_pub3_data__A30,CD007784,92.0,100.0,50.0,99.9,100.0,88,A,Trustworthy,97.9
CD007784_pub3_data__A58,CD007784,92.0,100.0,50.0,99.9,100.0,88,A,Trustworthy,97.9
CD007784_pub3_data__A59,CD007784,92.0,100.0,50.0,99.9,100.0,88,A,Trustworthy,97.9
CD013614_pub2_data__A9,CD013614,92.0,100.0,50.0,99.9,100.0,88,A,Trustworthy,97.9
CD013071_pub2_data__A19,CD013071,92.0,100.0,50.0,99.7,100.0,88,A,Trustworthy,97.9
CD013614_pub2_data__A7,CD013614,92.0,100.0,50.0,99.9,100.0,88,A,Trustworthy,97.9
CD007784_pub3_data__A60,CD007784,92.0,100.0,50.0,99.9,100.0,88,A,Trustworthy,97.9
CD010290_pub4_data__A9,CD010290,92.0,100.0,50.0,99.9,100.0,88,A,Trustworthy,97.9
CD001155_pub3_data__A6,CD001155,92.0,100.0,50.0,99.9,100.0,88,A,Trustworthy,97.9
CD013541_pub2_data__A4,CD013541,92.0,100.0,50.0,98.1,100.0,88,A,Trustworthy,97.9
CD013830_pub2_data__A9,CD013830,92.0,100.0,100.0,99.9,50.0,88,A,Trustworthy,97.9
CD003376_pub4_data__A4,CD003376,72.0,100.0,70.0,99.8,100.0,88,A,Trustworthy,97.9
CD006536_pub5_data__A5,CD006536,92.0,100.0,50.0,99.7,100.0,88,A,Trustworthy,97.9
CD013071_pub2_data__A2,CD013071,92.0,100.0,50.0,99.7,100.0,88,A,Trustworthy,97.9
CD013071_pub2_data__A3,CD013071,92.0,100.0,50.0,99.7,100.0,88,A,Trustworthy,97.9
CD004376_pub4_data__A5,CD004376,92.0,100.0,50.0,99.7,100.0,88,A,Trustworthy,97.9
CD012712_pub2_data__A14,CD012712,92.0,100.0,50.0,99.8,100.0,88,A,Trustworthy,97.9
CD006536_pub5_data__A15,CD006536,92.0,100.0,50.0,99.7,100.0,88,A,Trustworthy,97.9
CD007784_pub3_data__A47,CD007784,92.0,100.0,50.0,99.9,100.0,88,A,Trustworthy,97.9
CD013425_pub2_data__A4,CD013425,72.0,100.0,70.0,99.7,100.0,88,A,Trustworthy,97.9
CD007784_pub3_data__A52,CD007784,92.0,100.0,50.0,99.9,100.0,88,A,Trustworthy,97.9
CD013614_pub2_data__A17,CD013614,72.0,80.0,90.0,99.9,100.0,88,A,Trustworthy,97.9
CD013614_pub2_data__A31,CD013614,92.0,100.0,50.0,99.9,100.0,88,A,Trustworthy,97.9
CD013614_pub2_data__A11,CD013614,92.0,100.0,50.0,99.9,100.0,88,A,Trustworthy,97.9
CD013614_pub2_data__A13,CD013614,92.0,100.0,50.0,99.9,100.0,88,A,Trustworthy,97.9
CD013614_pub2_data__A14,CD013614,92.0,100.0,50.0,99.9,100.0,88,A,Trustworthy,97.9
CD002042_pub6_data__A12,CD002042,92.0,100.0,50.0,99.6,100.0,88,A,Trustworthy,97.9
CD013614_pub2_data__A15,CD013614,92.0,100.0,50.0,99.9,100.0,88,A,Trustworthy,97.9
CD013614_pub2_data__A10,CD013614,92.0,100.0,50.0,99.9,100.0,88,A,Trustworthy,97.9
CD009298_pub3_data__A12,CD009298,92.0,100.0,50.0,98.3,100.0,88,A,Trustworthy,97.9
CD003598_pub3_data__A1,CD003598,80.0,100.0,60.0,99.9,100.0,88,A,Trustworthy,97.9
CD013614_pub2_data__A16,CD013614,92.0,100.0,50.0,99.9,100.0,88,A,Trustworthy,97.9
CD009298_pub3_data__A7,CD009298,92.0,100.0,50.0,98.3,100.0,88,A,Trustworthy,97.9
CD010290_pub4_data__A4,CD010290,92.0,100.0,50.0,99.9,100.0,88,A,Trustworthy,97.9
CD010290_pub4_data__A2,CD010290,92.0,100.0,50.0,99.9,100.0,88,A,Trustworthy,97.9
CD009749_pub3_data__A5,CD009749,92.0,100.0,50.0,99.9,100.0,88,A,Trustworthy,97.9
CD010290_pub4_data__A6,CD010290,92.0,100.0,50.0,99.9,100.0,88,A,Trustworthy,97.9
CD009252_pub2_data__A1,CD009252,92.0,100.0,50.0,99.4,100.0,88,A,Trustworthy,97.9
CD007859_pub5_data__A3,CD007859,92.0,100.0,50.0,96.9,100.0,88,A,Trustworthy,97.9
CD007784_pub3_data__A21,CD007784,92.0,100.0,50.0,99.9,100.0,88,A,Trustworthy,97.9
CD013071_pub2_data__A6,CD013071,92.0,100.0,50.0,99.7,100.0,88,A,Trustworthy,97.9
CD003376_pub4_data__A6,CD003376,92.0,100.0,50.0,99.8,100.0,88,A,Trustworthy,97.9
CD007310_pub3_data__A5,CD007310,72.0,100.0,70.0,95.6,100.0,88,A,Trustworthy,97.9
CD011762_pub2_data__A6,CD011762,72.0,100.0,70.0,100.0,100.0,88,A,Trustworthy,97.9
CD003774_pub5_data__A14,CD003774,72.0,100.0,70.0,99.9,100.0,88,A,Trustworthy,97.9
CD003774_pub5_data__A12,CD003774,92.0,100.0,50.0,99.9,100.0,88,A,Trustworthy,97.9
CD013366_pub2_data__A7,CD013366,92.0,100.0,50.0,99.7,100.0,88,A,Trustworthy,97.9
CD002042_pub6_data__A11,CD002042,92.0,100.0,50.0,99.6,100.0,88,A,Trustworthy,97.9
CD002042_pub6_data__A10,CD002042,92.0,100.0,50.0,99.6,100.0,88,A,Trustworthy,97.9
CD002042_pub6_data__A24,CD002042,92.0,100.0,50.0,99.6,100.0,88,A,Trustworthy,97.9
CD002042_pub6_data__A27,CD002042,92.0,100.0,50.0,99.6,100.0,88,A,Trustworthy,97.9
CD011762_pub2_data__A1,CD011762,72.0,100.0,70.0,100.0,100.0,88,A,Trustworthy,97.9
CD002042_pub6_data__A7,CD002042,92.0,100.0,50.0,99.6,100.0,88,A,Trustworthy,97.9
CD002042_pub6_data__A30,CD002042,92.0,100.0,50.0,99.6,100.0,88,A,Trustworthy,97.9
CD002042_pub6_data__A6,CD002042,92.0,100.0,50.0,99.6,100.0,88,A,Trustworthy,97.9
CD007784_pub3_data__A20,CD007784,92.0,100.0,50.0,99.9,100.0,88,A,Trustworthy,97.9
CD013071_pub2_data__A7,CD013071,92.0,100.0,50.0,99.7,100.0,88,A,Trustworthy,97.9
CD013071_pub2_data__A12,CD013071,92.0,100.0,50.0,99.7,100.0,88,A,Trustworthy,97.9
CD013071_pub2_data__A15,CD013071,92.0,100.0,50.0,99.7,100.0,88,A,Trustworthy,97.9
CD002042_pub6_data__A13,CD002042,92.0,100.0,50.0,99.6,100.0,88,A,Trustworthy,97.9
CD002042_pub6_data__A8,CD002042,92.0,100.0,50.0,99.6,100.0,88,A,Trustworthy,97.9
CD002042_pub6_data__A9,CD002042,92.0,100.0,50.0,99.6,100.0,88,A,Trustworthy,97.9
CD002042_pub6_data__A17,CD002042,92.0,100.0,50.0,99.6,100.0,88,A,Trustworthy,97.9
CD001909_pub4_data__A5,CD001909,92.0,100.0,50.0,99.6,100.0,88,A,Trustworthy,97.9
CD009298_pub3_data__A23,CD009298,92.0,100.0,50.0,98.3,100.0,88,A,Trustworthy,97.9
CD009298_pub3_data__A15,CD009298,92.0,100.0,50.0,98.3,100.0,88,A,Trustworthy,97.9
CD009298_pub3_data__A24,CD009298,92.0,100.0,50.0,98.3,100.0,88,A,Trustworthy,97.9
CD005595_pub4_data__A5,CD005595,92.0,100.0,50.0,99.8,100.0,88,A,Trustworthy,97.9
CD005595_pub4_data__A3,CD005595,92.0,100.0,50.0,99.8,100.0,88,A,Trustworthy,97.9
CD011197_pub3_data__A20,CD011197,92.0,100.0,50.0,99.5,100.0,88,A,Trustworthy,97.9
CD009298_pub3_data__A11,CD009298,92.0,100.0,50.0,98.3,100.0,88,A,Trustworthy,97.9
CD013541_pub2_data__A2,CD013541,92.0,100.0,50.0,98.1,100.0,88,A,Trustworthy,97.9
CD013541_pub2_data__A3,CD013541,92.0,100.0,50.0,98.1,100.0,88,A,Trustworthy,97.9
CD013830_pub2_data__A8,CD013830,92.0,100.0,50.0,99.9,100.0,88,A,Trustworthy,97.9
CD013508_pub3_data__A1,CD013508,92.0,100.0,50.0,98.4,100.0,88,A,Trustworthy,97.9
CD001155_pub3_data__A9,CD001155,92.0,100.0,50.0,99.9,100.0,88,A,Trustworthy,97.9
CD001155_pub3_data__A7,CD001155,92.0,100.0,50.0,99.9,100.0,88,A,Trustworthy,97.9
CD003774_pub5_data__A1,CD003774,72.0,100.0,70.0,99.9,100.0,88,A,Trustworthy,97.9
CD016136_data__A3,CD016136,92.0,100.0,50.0,99.4,100.0,88,A,Trustworthy,97.9
CD006257_pub2_data__A14,CD006257,80.0,100.0,60.0,99.9,100.0,88,A,Trustworthy,97.9
CD006536_pub5_data__A4,CD006536,92.0,100.0,50.0,99.7,100.0,88,A,Trustworthy,97.9
CD015083_pub2_data__A1,CD015083,92.0,100.0,50.0,99.9,100.0,88,A,Trustworthy,97.9
CD015083_pub2_data__A10,CD015083,92.0,100.0,50.0,99.9,100.0,88,A,Trustworthy,97.9
CD014792_pub2_data__A3,CD014792,92.0,100.0,50.0,99.8,100.0,88,A,Trustworthy,97.9
CD014792_pub2_data__A5,CD014792,92.0,100.0,50.0,99.8,100.0,88,A,Trustworthy,97.9
CD015083_pub2_data__A6,CD015083,92.0,100.0,50.0,99.9,100.0,88,A,Trustworthy,97.9
CD015083_pub2_data__A8,CD015083,92.0,100.0,50.0,99.9,100.0,88,A,Trustworthy,97.9
CD007784_pub3_data__A11,CD007784,92.0,100.0,50.0,99.9,100.0,88,A,Trustworthy,97.9
CD014967_pub2_data__A3,CD014967,92.0,100.0,50.0,100.0,100.0,88,A,Trustworthy,97.9
CD003376_pub4_data__A3,CD003376,72.0,100.0,70.0,99.8,100.0,88,A,Trustworthy,97.9
CD015673_pub2_data__A3,CD015673,92.0,100.0,50.0,99.9,100.0,88,A,Trustworthy,97.9
CD015083_pub2_data__A3,CD015083,92.0,100.0,50.0,99.9,100.0,88,A,Trustworthy,97.9
CD015083_pub2_data__A12,CD015083,92.0,100.0,50.0,99.9,100.0,88,A,Trustworthy,97.9
CD011866_pub3_data__A7,CD011866,92.0,100.0,50.0,99.8,100.0,88,A,Trustworthy,97.9
CD011866_pub3_data__A6,CD011866,92.0,100.0,50.0,99.8,100.0,88,A,Trustworthy,97.9
CD015350_pub2_data__A1,CD015350,92.0,100.0,50.0,98.2,100.0,88,A,Trustworthy,97.9
CD013071_pub2_data__A10,CD013071,92.0,100.0,50.0,99.7,100.0,88,A,Trustworthy,97.9
CD007784_pub3_data__A33,CD007784,92.0,100.0,50.0,99.9,100.0,88,A,Trustworthy,97.9
CD007784_pub3_data__A35,CD007784,92.0,100.0,50.0,99.9,100.0,88,A,Trustworthy,97.9
CD007784_pub3_data__A19,CD007784,92.0,100.0,50.0,99.9,100.0,88,A,Trustworthy,97.9
CD015673_pub2_data__A5,CD015673,92.0,100.0,50.0,99.9,100.0,88,A,Trustworthy,97.9
CD013071_pub2_data__A11,CD013071,92.0,100.0,50.0,99.7,100.0,88,A,Trustworthy,97.9
CD006536_pub5_data__A1,CD006536,72.0,100.0,70.0,99.7,100.0,88,A,Trustworthy,97.9
CD006536_pub5_data__A17,CD006536,84.0,100.0,50.0,99.7,100.0,87,A,Trustworthy,96.7
CD013396_pub2_data__A5,CD013396,84.0,100.0,50.0,99.8,100.0,87,A,Trustworthy,96.7
CD007784_pub3_data__A45,CD007784,84.0,100.0,50.0,99.9,100.0,87,A,Trustworthy,96.7
CD013614_pub2_data__A24,CD013614,84.0,100.0,50.0,99.9,100.0,87,A,Trustworthy,96.7
CD013614_pub2_data__A12,CD013614,84.0,100.0,50.0,99.9,100.0,87,A,Trustworthy,96.7
CD007784_pub3_data__A26,CD007784,84.0,100.0,50.0,99.9,100.0,87,A,Trustworthy,96.7
CD005595_pub4_data__A1,CD005595,84.0,100.0,50.0,99.8,100.0,87,A,Trustworthy,96.7
CD005566_pub4_data__A3,CD005566,64.0,100.0,70.0,99.5,100.0,87,A,Trustworthy,96.7
CD009749_pub3_data__A1,CD009749,84.0,100.0,50.0,99.9,100.0,87,A,Trustworthy,96.7
CD009749_pub3_data__A10,CD009749,84.0,100.0,50.0,99.9,100.0,87,A,Trustworthy,96.7
CD002042_pub6_data__A14,CD002042,84.0,100.0,50.0,99.6,100.0,87,A,Trustworthy,96.7
CD002042_pub6_data__A21,CD002042,84.0,100.0,50.0,99.6,100.0,87,A,Trustworthy,96.7
CD002042_pub6_data__A15,CD002042,84.0,100.0,50.0,99.6,100.0,87,A,Trustworthy,96.7
CD002042_pub6_data__A22,CD002042,84.0,100.0,50.0,99.6,100.0,87,A,Trustworthy,96.7
CD009252_pub2_data__A4,CD009252,64.0,100.0,70.0,99.4,100.0,87,A,Trustworthy,96.7
CD012712_pub2_data__A9,CD012712,84.0,100.0,50.0,99.8,100.0,87,A,Trustworthy,96.7
CD003774_pub5_data__A11,CD003774,84.0,100.0,50.0,99.9,100.0,87,A,Trustworthy,96.7
CD013366_pub2_data__A1,CD013366,64.0,100.0,70.0,99.7,100.0,87,A,Trustworthy,96.7
CD013396_pub2_data__A4,CD013396,84.0,100.0,50.0,99.8,100.0,87,A,Trustworthy,96.7
CD008858_pub5_data__A4,CD008858,84.0,100.0,50.0,99.9,100.0,87,A,Trustworthy,96.7
CD002042_pub6_data__A23,CD002042,84.0,100.0,50.0,99.6,100.0,87,A,Trustworthy,96.7
CD002042_pub6_data__A28,CD002042,84.0,100.0,50.0,99.6,100.0,87,A,Trustworthy,96.7
CD002042_pub6_data__A19,CD002042,84.0,100.0,50.0,99.6,100.0,87,A,Trustworthy,96.7
CD002042_pub6_data__A18,CD002042,84.0,100.0,50.0,99.6,100.0,87,A,Trustworthy,96.7
CD006536_pub5_data__A8,CD006536,84.0,100.0,50.0,99.7,100.0,87,A,Trustworthy,96.7
CD007784_pub3_data__A36,CD007784,84.0,100.0,50.0,99.9,100.0,87,A,Trustworthy,96.7
CD007784_pub3_data__A32,CD007784,84.0,100.0,50.0,99.9,100.0,87,A,Trustworthy,96.7
CD007784_pub3_data__A14,CD007784,84.0,100.0,50.0,99.9,100.0,87,A,Trustworthy,96.7
CD015215_pub2_data__A18,CD015215,92.0,100.0,100.0,90.8,50.0,87,A,Trustworthy,96.7
CD005566_pub4_data__A1,CD005566,64.0,100.0,70.0,99.5,100.0,87,A,Trustworthy,96.7
CD005566_pub4_data__A2,CD005566,64.0,100.0,70.0,99.5,100.0,87,A,Trustworthy,96.7
CD007024_pub3_data__A8,CD007024,84.0,100.0,50.0,99.9,100.0,87,A,Trustworthy,96.7
CD003598_pub3_data__A10,CD003598,92.0,100.0,40.0,99.9,100.0,86,A,Trustworthy,95.8
CD003598_pub3_data__A11,CD003598,92.0,100.0,40.0,99.9,100.0,86,A,Trustworthy,95.8
CD016031_data__A13,CD016031,92.0,100.0,40.0,97.0,100.0,86,A,Trustworthy,95.8
CD016031_data__A14,CD016031,92.0,100.0,40.0,97.0,100.0,86,A,Trustworthy,95.8
CD016031_data__A15,CD016031,92.0,100.0,40.0,97.0,100.0,86,A,Trustworthy,95.8
CD016031_data__A16,CD016031,92.0,100.0,40.0,97.0,100.0,86,A,Trustworthy,95.8
CD016031_data__A18,CD016031,92.0,100.0,40.0,97.0,100.0,86,A,Trustworthy,95.8
CD003598_pub3_data__A14,CD003598,92.0,100.0,40.0,99.9,100.0,86,A,Trustworthy,95.8
CD003598_pub3_data__A15,CD003598,92.0,100.0,40.0,99.9,100.0,86,A,Trustworthy,95.8
CD003598_pub3_data__A16,CD003598,92.0,100.0,40.0,99.9,100.0,86,A,Trustworthy,95.8
CD003598_pub3_data__A17,CD003598,92.0,100.0,40.0,99.9,100.0,86,A,Trustworthy,95.8
CD003598_pub3_data__A19,CD003598,92.0,100.0,40.0,99.9,100.0,86,A,Trustworthy,95.8
CD003598_pub3_data__A24,CD003598,92.0,100.0,40.0,99.9,100.0,86,A,Trustworthy,95.8
CD003598_pub3_data__A25,CD003598,92.0,100.0,40.0,99.9,100.0,86,A,Trustworthy,95.8
CD013758_pub2_data__A1,CD013758,92.0,100.0,40.0,99.7,100.0,86,A,Trustworthy,95.8
CD006257_pub2_data__A9,CD006257,92.0,100.0,40.0,99.9,100.0,86,A,Trustworthy,95.8
CD011885_pub2_data__A8,CD011885,92.0,100.0,40.0,98.3,100.0,86,A,Trustworthy,95.8
CD003774_pub5_data__A18,CD003774,72.0,100.0,60.0,99.9,100.0,86,A,Trustworthy,95.8
CD003774_pub5_data__A6,CD003774,72.0,100.0,60.0,99.9,100.0,86,A,Trustworthy,95.8
CD015192_pub2_data__A2,CD015192,92.0,100.0,40.0,98.8,100.0,86,A,Trustworthy,95.8
CD015192_pub2_data__A3,CD015192,92.0,100.0,40.0,98.8,100.0,86,A,Trustworthy,95.8
CD009679_pub3_data__A2,CD009679,92.0,100.0,40.0,97.5,100.0,86,A,Trustworthy,95.8
CD009679_pub3_data__A4,CD009679,92.0,100.0,40.0,97.5,100.0,86,A,Trustworthy,95.8
CD013758_pub2_data__A2,CD013758,92.0,100.0,40.0,99.7,100.0,86,A,Trustworthy,95.8
CD013758_pub2_data__A20,CD013758,92.0,100.0,40.0,99.7,100.0,86,A,Trustworthy,95.8
CD013758_pub2_data__A3,CD013758,92.0,100.0,40.0,99.7,100.0,86,A,Trustworthy,95.8
CD013758_pub2_data__A4,CD013758,92.0,100.0,40.0,99.7,100.0,86,A,Trustworthy,95.8
CD013758_pub2_data__A5,CD013758,92.0,100.0,40.0,99.7,100.0,86,A,Trustworthy,95.8
CD013758_pub2_data__A14,CD013758,92.0,100.0,40.0,99.7,100.0,86,A,Trustworthy,95.8
CD013758_pub2_data__A15,CD013758,92.0,100.0,40.0,99.7,100.0,86,A,Trustworthy,95.8
CD013758_pub2_data__A16,CD013758,92.0,100.0,40.0,99.7,100.0,86,A,Trustworthy,95.8
CD011885_pub2_data__A2,CD011885,92.0,100.0,40.0,98.3,100.0,86,A,Trustworthy,95.8
CD015536_pub2_data__A1,CD015536,92.0,100.0,40.0,99.9,100.0,86,A,Trustworthy,95.8
CD015536_pub2_data__A3,CD015536,92.0,100.0,40.0,99.9,100.0,86,A,Trustworthy,95.8
CD013758_pub2_data__A17,CD013758,92.0,100.0,40.0,99.7,100.0,86,A,Trustworthy,95.8
CD013758_pub2_data__A18,CD013758,92.0,100.0,40.0,99.7,100.0,86,A,Trustworthy,95.8
CD013758_pub2_data__A19,CD013758,92.0,100.0,40.0,99.7,100.0,86,A,Trustworthy,95.8
CD007310_pub3_data__A11,CD007310,84.0,100.0,50.0,95.6,100.0,86,A,Trustworthy,95.8
CD007310_pub3_data__A4,CD007310,84.0,100.0,50.0,95.6,100.0,86,A,Trustworthy,95.8
CD013758_pub2_data__A6,CD013758,92.0,100.0,40.0,99.7,100.0,86,A,Trustworthy,95.8
CD013789_pub2_data__A10,CD013789,92.0,100.0,40.0,99.4,100.0,86,A,Trustworthy,95.8
CD013789_pub2_data__A18,CD013789,92.0,100.0,40.0,99.4,100.0,86,A,Trustworthy,95.8
CD013789_pub2_data__A20,CD013789,92.0,100.0,40.0,99.4,100.0,86,A,Trustworthy,95.8
CD013789_pub2_data__A22,CD013789,92.0,100.0,40.0,99.4,100.0,86,A,Trustworthy,95.8
CD013789_pub2_data__A3,CD013789,92.0,100.0,40.0,99.4,100.0,86,A,Trustworthy,95.8
CD002042_pub6_data__A33,CD002042,72.0,100.0,60.0,99.6,100.0,86,A,Trustworthy,95.8
CD002042_pub6_data__A34,CD002042,72.0,100.0,60.0,99.6,100.0,86,A,Trustworthy,95.8
CD007310_pub3_data__A1,CD007310,84.0,100.0,50.0,95.6,100.0,86,A,Trustworthy,95.8
CD010216_pub9_data__A3,CD010216,92.0,100.0,40.0,100.0,100.0,86,A,Trustworthy,95.8
CD009298_pub3_data__A20,CD009298,84.0,100.0,50.0,98.3,100.0,86,A,Trustworthy,95.8
CD015215_pub2_data__A11,CD015215,72.0,100.0,90.0,90.8,75.0,86,A,Trustworthy,95.8
CD013425_pub2_data__A13,CD013425,60.0,100.0,70.0,99.7,100.0,86,A,Trustworthy,95.8
CD013614_pub2_data__A21,CD013614,72.0,100.0,60.0,99.9,100.0,86,A,Trustworthy,95.8
CD003774_pub5_data__A8,CD003774,72.0,100.0,60.0,99.9,100.0,86,A,Trustworthy,95.8
CD004703_pub3_data__A3,CD004703,92.0,100.0,40.0,98.8,100.0,86,A,Trustworthy,95.8
CD004703_pub3_data__A5,CD004703,92.0,100.0,40.0,98.8,100.0,86,A,Trustworthy,95.8
CD005951_pub5_data__A4,CD005951,92.0,100.0,40.0,99.1,100.0,86,A,Trustworthy,95.8
CD011044_pub3_data__A7,CD011044,72.0,100.0,60.0,99.9,100.0,86,A,Trustworthy,95.8
CD013508_pub3_data__A5,CD013508,84.0,100.0,50.0,98.4,100.0,86,A,Trustworthy,95.8
CD003598_pub3_data__A28,CD003598,92.0,100.0,40.0,99.9,100.0,86,A,Trustworthy,95.8
CD003598_pub3_data__A3,CD003598,92.0,100.0,40.0,99.9,100.0,86,A,Trustworthy,95.8
CD003598_pub3_data__A33,CD003598,92.0,100.0,90.0,99.9,50.0,86,A,Trustworthy,95.8
CD003598_pub3_data__A4,CD003598,92.0,100.0,40.0,99.9,100.0,86,A,Trustworthy,95.8
CD003598_pub3_data__A7,CD003598,92.0,100.0,40.0,99.9,100.0,86,A,Trustworthy,95.8
CD003598_pub3_data__A8,CD003598,92.0,100.0,40.0,99.9,100.0,86,A,Trustworthy,95.8
CD003598_pub3_data__A9,CD003598,92.0,100.0,40.0,99.9,100.0,86,A,Trustworthy,95.8
CD015350_pub2_data__A6,CD015350,84.0,100.0,50.0,98.2,100.0,86,A,Trustworthy,95.8
CD016131_data__A6,CD016131,80.0,100.0,80.0,92.8,75.0,86,A,Trustworthy,95.8
CD016211_data__A1,CD016211,92.0,100.0,90.0,99.7,50.0,86,A,Trustworthy,95.8
CD013830_pub2_data__A22,CD013830,100.0,100.0,50.0,99.9,75.0,85,A,Trustworthy,94.4
CD013830_pub2_data__A16,CD013830,100.0,100.0,50.0,99.9,75.0,85,A,Trustworthy,94.4
CD013561_pub2_data__A4,CD013561,84.0,100.0,90.0,99.7,50.0,85,A,Trustworthy,94.4
CD013071_pub2_data__A17,CD013071,100.0,100.0,50.0,99.7,75.0,85,A,Trustworthy,94.4
CD013561_pub2_data__A3,CD013561,84.0,100.0,90.0,99.7,50.0,85,A,Trustworthy,94.4
CD013541_pub2_data__A9,CD013541,100.0,100.0,50.0,98.1,75.0,85,A,Trustworthy,94.4
CD015350_pub2_data__A5,CD015350,76.0,100.0,50.0,98.2,100.0,85,A,Trustworthy,94.4
CD015373_pub2_data__A15,CD015373,84.0,100.0,90.0,99.7,50.0,85,A,Trustworthy,94.4
CD015350_pub2_data__A7,CD015350,100.0,100.0,50.0,98.2,75.0,85,A,Trustworthy,94.4
CD001155_pub3_data__A8,CD001155,76.0,100.0,50.0,99.9,100.0,85,A,Trustworthy,94.4
CD007809_pub3_data__A1,CD007809,92.0,100.0,50.0,81.4,100.0,85,A,Trustworthy,94.4
CD013071_pub2_data__A13,CD013071,100.0,100.0,50.0,99.7,75.0,85,A,Trustworthy,94.4
CD013071_pub2_data__A16,CD013071,100.0,100.0,50.0,99.7,75.0,85,A,Trustworthy,94.4
CD007809_pub3_data__A2,CD007809,92.0,100.0,50.0,81.4,100.0,85,A,Trustworthy,94.4
CD012712_pub2_data__A20,CD012712,100.0,100.0,50.0,99.8,75.0,85,A,Trustworthy,94.4
CD007809_pub3_data__A3,CD007809,92.0,100.0,50.0,81.4,100.0,85,A,Trustworthy,94.4
CD013726_pub2_data__A1,CD013726,100.0,100.0,50.0,99.4,75.0,85,A,Trustworthy,94.4
CD013726_pub2_data__A5,CD013726,100.0,100.0,50.0,99.4,75.0,85,A,Trustworthy,94.4
CD006536_pub5_data__A18,CD006536,84.0,90.0,50.0,99.7,100.0,85,A,Trustworthy,94.4
CD007026_pub7_data__A3,CD007026,84.0,100.0,40.0,99.4,100.0,85,A,Trustworthy,94.4
CD009298_pub3_data__A26,CD009298,100.0,100.0,50.0,98.3,75.0,85,A,Trustworthy,94.4
CD013508_pub3_data__A2,CD013508,100.0,100.0,50.0,98.4,75.0,85,A,Trustworthy,94.4
CD011197_pub3_data__A16,CD011197,100.0,100.0,50.0,99.5,75.0,85,A,Trustworthy,94.4
CD011197_pub3_data__A15,CD011197,100.0,100.0,50.0,99.5,75.0,85,A,Trustworthy,94.4
CD011197_pub3_data__A14,CD011197,100.0,100.0,50.0,99.5,75.0,85,A,Trustworthy,94.4
CD011197_pub3_data__A13,CD011197,100.0,100.0,50.0,99.5,75.0,85,A,Trustworthy,94.4
CD011197_pub3_data__A12,CD011197,100.0,100.0,50.0,99.5,75.0,85,A,Trustworthy,94.4
CD014792_pub2_data__A7,CD014792,100.0,100.0,50.0,99.8,75.0,85,A,Trustworthy,94.4
CD013071_pub2_data__A1,CD013071,100.0,100.0,50.0,99.7,75.0,85,A,Trustworthy,94.4
CD007784_pub3_data__A17,CD007784,100.0,100.0,50.0,99.9,75.0,85,A,Trustworthy,94.4
CD007784_pub3_data__A13,CD007784,100.0,100.0,50.0,99.9,75.0,85,A,Trustworthy,94.4
CD014792_pub2_data__A1,CD014792,100.0,100.0,50.0,99.8,75.0,85,A,Trustworthy,94.4
CD014792_pub2_data__A4,CD014792,100.0,100.0,50.0,99.8,75.0,85,A,Trustworthy,94.4
CD011044_pub3_data__A10,CD011044,100.0,100.0,50.0,99.9,75.0,85,A,Trustworthy,94.4
CD012712_pub2_data__A19,CD012712,100.0,100.0,50.0,99.8,75.0,85,A,Trustworthy,94.4
CD015673_pub2_data__A4,CD015673,100.0,100.0,50.0,99.9,75.0,85,A,Trustworthy,94.4
CD012712_pub2_data__A18,CD012712,100.0,100.0,50.0,99.8,75.0,85,A,Trustworthy,94.4
CD012712_pub2_data__A17,CD012712,100.0,100.0,50.0,99.8,75.0,85,A,Trustworthy,94.4
CD012712_pub2_data__A16,CD012712,100.0,100.0,50.0,99.8,75.0,85,A,Trustworthy,94.4
CD012712_pub2_data__A11,CD012712,100.0,100.0,50.0,99.8,75.0,85,A,Trustworthy,94.4
CD012712_pub2_data__A13,CD012712,100.0,100.0,50.0,99.8,75.0,85,A,Trustworthy,94.4
CD013071_pub2_data__A21,CD013071,100.0,100.0,50.0,99.7,75.0,85,A,Trustworthy,94.4
CD013071_pub2_data__A4,CD013071,100.0,100.0,50.0,99.7,75.0,85,A,Trustworthy,94.4
CD011866_pub3_data__A5,CD011866,100.0,100.0,50.0,99.8,75.0,85,A,Trustworthy,94.4
CD003376_pub4_data__A7,CD003376,100.0,100.0,50.0,99.8,75.0,85,A,Trustworthy,94.4
CD003774_pub5_data__A15,CD003774,64.0,100.0,60.0,99.9,100.0,85,A,Trustworthy,94.4
CD003774_pub5_data__A16,CD003774,76.0,100.0,50.0,99.9,100.0,85,A,Trustworthy,94.4
CD015673_pub2_data__A8,CD015673,76.0,100.0,50.0,99.9,100.0,85,A,Trustworthy,94.4
CD015673_pub2_data__A9,CD015673,100.0,100.0,50.0,99.9,75.0,85,A,Trustworthy,94.4
CD014967_pub2_data__A8,CD014967,100.0,100.0,50.0,100.0,75.0,85,A,Trustworthy,94.4
CD013758_pub2_data__A10,CD013758,84.0,100.0,40.0,99.7,100.0,85,A,Trustworthy,94.4
CD002042_pub6_data__A31,CD002042,100.0,100.0,50.0,99.6,75.0,85,A,Trustworthy,94.4
CD011197_pub3_data__A4,CD011197,100.0,100.0,50.0,99.5,75.0,85,A,Trustworthy,94.4
CD011197_pub3_data__A9,CD011197,100.0,100.0,50.0,99.5,75.0,85,A,Trustworthy,94.4
CD011197_pub3_data__A8,CD011197,100.0,100.0,50.0,99.5,75.0,85,A,Trustworthy,94.4
CD015804_pub2_data__A10,CD015804,100.0,100.0,50.0,99.8,75.0,85,A,Trustworthy,94.4
CD013366_pub2_data__A8,CD013366,100.0,100.0,50.0,99.7,75.0,85,A,Trustworthy,94.4
CD002042_pub6_data__A5,CD002042,100.0,100.0,50.0,99.6,75.0,85,A,Trustworthy,94.4
CD013071_pub2_data__A9,CD013071,100.0,100.0,50.0,99.7,75.0,85,A,Trustworthy,94.4
CD013071_pub2_data__A5,CD013071,100.0,100.0,50.0,99.7,75.0,85,A,Trustworthy,94.4
CD015332_pub2_data__A2,CD015332,100.0,100.0,50.0,99.9,75.0,85,A,Trustworthy,94.4
CD004661_pub4_data__A7,CD004661,84.0,100.0,40.0,100.0,100.0,85,A,Trustworthy,94.4
CD013366_pub2_data__A13,CD013366,100.0,100.0,50.0,99.7,75.0,85,A,Trustworthy,94.4
CD007374_pub3_data__A5,CD007374,100.0,100.0,50.0,99.9,75.0,85,A,Trustworthy,94.4
CD007374_pub3_data__A6,CD007374,100.0,100.0,50.0,99.9,75.0,85,A,Trustworthy,94.4
CD007374_pub3_data__A7,CD007374,100.0,100.0,50.0,99.9,75.0,85,A,Trustworthy,94.4
CD007784_pub3_data__A2,CD007784,64.0,100.0,60.0,99.9,100.0,85,A,Trustworthy,94.4
CD007374_pub3_data__A18,CD007374,100.0,100.0,50.0,99.9,75.0,85,A,Trustworthy,94.4
CD011197_pub3_data__A19,CD011197,100.0,100.0,50.0,99.5,75.0,85,A,Trustworthy,94.4
CD014855_pub2_data__A1,CD014855,84.0,100.0,40.0,99.3,100.0,85,A,Trustworthy,94.4
CD005595_pub4_data__A7,CD005595,100.0,100.0,50.0,99.8,75.0,85,A,Trustworthy,94.4
CD009298_pub3_data__A10,CD009298,100.0,100.0,50.0,98.3,75.0,85,A,Trustworthy,94.4
CD013614_pub2_data__A32,CD013614,100.0,100.0,50.0,99.9,75.0,85,A,Trustworthy,94.4
CD007374_pub3_data__A1,CD007374,100.0,100.0,50.0,99.9,75.0,85,A,Trustworthy,94.4
CD009298_pub3_data__A3,CD009298,76.0,100.0,50.0,98.3,100.0,85,A,Trustworthy,94.4
CD007374_pub3_data__A12,CD007374,100.0,100.0,50.0,99.9,75.0,85,A,Trustworthy,94.4
CD010290_pub4_data__A13,CD010290,100.0,100.0,50.0,99.9,75.0,85,A,Trustworthy,94.4
CD010290_pub4_data__A16,CD010290,100.0,100.0,50.0,99.9,75.0,85,A,Trustworthy,94.4
CD010290_pub4_data__A14,CD010290,100.0,100.0,50.0,99.9,75.0,85,A,Trustworthy,94.4
CD010290_pub4_data__A17,CD010290,100.0,100.0,50.0,99.9,75.0,85,A,Trustworthy,94.4
CD015804_pub2_data__A1,CD015804,100.0,100.0,50.0,99.8,75.0,85,A,Trustworthy,94.4
CD009298_pub3_data__A13,CD009298,100.0,100.0,50.0,98.3,75.0,85,A,Trustworthy,94.4
CD009298_pub3_data__A14,CD009298,100.0,100.0,50.0,98.3,75.0,85,A,Trustworthy,94.4
CD013830_pub2_data__A6,CD013830,64.0,100.0,60.0,99.9,100.0,85,A,Trustworthy,94.4
CD013508_pub3_data__A10,CD013508,100.0,100.0,50.0,98.4,75.0,85,A,Trustworthy,94.4
CD013508_pub3_data__A12,CD013508,100.0,100.0,50.0,98.4,75.0,85,A,Trustworthy,94.4
CD009362_pub4_data__A3,CD009362,100.0,100.0,50.0,99.9,75.0,85,A,Trustworthy,94.4
CD013508_pub3_data__A6,CD013508,100.0,100.0,50.0,98.4,75.0,85,A,Trustworthy,94.4
CD013541_pub2_data__A5,CD013541,100.0,100.0,50.0,98.1,75.0,85,A,Trustworthy,94.4
CD013541_pub2_data__A6,CD013541,100.0,100.0,50.0,98.1,75.0,85,A,Trustworthy,94.4
CD007024_pub3_data__A5,CD007024,76.0,100.0,50.0,99.9,100.0,85,A,Trustworthy,94.4
CD011197_pub3_data__A11,CD011197,100.0,100.0,50.0,99.5,75.0,85,A,Trustworthy,94.4
CD011197_pub3_data__A10,CD011197,100.0,100.0,50.0,99.5,75.0,85,A,Trustworthy,94.4
CD011197_pub3_data__A1,CD011197,100.0,100.0,50.0,99.5,75.0,85,A,Trustworthy,94.4
CD011044_pub3_data__A8,CD011044,64.0,100.0,60.0,99.9,100.0,85,A,Trustworthy,94.4
CD009298_pub3_data__A44,CD009298,100.0,100.0,50.0,98.3,75.0,85,A,Trustworthy,94.4
CD009298_pub3_data__A43,CD009298,100.0,100.0,50.0,98.3,75.0,85,A,Trustworthy,94.4
CD009298_pub3_data__A4,CD009298,76.0,100.0,50.0,98.3,100.0,85,A,Trustworthy,94.4
CD011197_pub3_data__A18,CD011197,100.0,100.0,50.0,99.5,75.0,85,A,Trustworthy,94.4
CD015804_pub2_data__A3,CD015804,100.0,100.0,50.0,99.8,75.0,85,A,Trustworthy,94.4
CD011197_pub3_data__A17,CD011197,100.0,100.0,50.0,99.5,75.0,85,A,Trustworthy,94.4
CD009298_pub3_data__A25,CD009298,100.0,100.0,50.0,98.3,75.0,85,A,Trustworthy,94.4
CD015824_pub2_data__A3,CD015824,92.0,100.0,80.0,76.4,75.0,85,A,Trustworthy,94.4
CD009298_pub3_data__A22,CD009298,100.0,100.0,50.0,98.3,75.0,85,A,Trustworthy,94.4
CD009298_pub3_data__A21,CD009298,100.0,100.0,50.0,98.3,75.0,85,A,Trustworthy,94.4
CD015804_pub2_data__A9,CD015804,100.0,100.0,50.0,99.8,75.0,85,A,Trustworthy,94.4
CD015804_pub2_data__A7,CD015804,100.0,100.0,50.0,99.8,75.0,85,A,Trustworthy,94.4
CD009298_pub3_data__A53,CD009298,100.0,100.0,50.0,98.3,75.0,85,A,Trustworthy,94.4
CD013614_pub2_data__A20,CD013614,100.0,100.0,50.0,99.9,75.0,85,A,Trustworthy,94.4
CD013429_pub2_data__A3,CD013429,64.0,100.0,60.0,99.7,100.0,85,A,Trustworthy,94.4
CD009298_pub3_data__A6,CD009298,100.0,100.0,50.0,98.3,75.0,85,A,Trustworthy,94.4
CD005595_pub4_data__A13,CD005595,100.0,100.0,50.0,99.8,75.0,85,A,Trustworthy,94.4
CD009298_pub3_data__A5,CD009298,100.0,100.0,50.0,98.3,75.0,85,A,Trustworthy,94.4
CD005582_pub5_data__A4,CD005582,100.0,100.0,50.0,100.0,75.0,85,A,Trustworthy,94.4
CD005582_pub5_data__A3,CD005582,100.0,100.0,50.0,100.0,75.0,85,A,Trustworthy,94.4
CD009298_pub3_data__A9,CD009298,100.0,100.0,50.0,98.3,75.0,85,A,Trustworthy,94.4
CD014722_pub2_data__A11,CD014722,92.0,100.0,30.0,96.6,100.0,84,A,Trustworthy,93.2
CD014722_pub2_data__A17,CD014722,92.0,100.0,30.0,96.6,100.0,84,A,Trustworthy,93.2
CD014722_pub2_data__A5,CD014722,92.0,100.0,30.0,96.6,100.0,84,A,Trustworthy,93.2
CD014722_pub2_data__A4,CD014722,92.0,100.0,30.0,96.6,100.0,84,A,Trustworthy,93.2
CD014722_pub2_data__A2,CD014722,72.0,100.0,50.0,96.6,100.0,84,A,Trustworthy,93.2
CD014722_pub2_data__A12,CD014722,92.0,100.0,30.0,96.6,100.0,84,A,Trustworthy,93.2
CD014722_pub2_data__A9,CD014722,92.0,100.0,30.0,96.6,100.0,84,A,Trustworthy,93.2
CD014722_pub2_data__A10,CD014722,92.0,100.0,30.0,96.6,100.0,84,A,Trustworthy,93.2
CD014722_pub2_data__A7,CD014722,92.0,100.0,30.0,96.6,100.0,84,A,Trustworthy,93.2
CD009679_pub3_data__A6,CD009679,84.0,100.0,40.0,97.5,100.0,84,A,Trustworthy,93.2
CD004307_pub7_data__A2,CD004307,72.0,90.0,60.0,99.9,100.0,84,A,Trustworthy,93.2
CD008469_pub3_data__A1,CD008469,92.0,100.0,30.0,100.0,100.0,84,A,Trustworthy,93.2
CD011762_pub2_data__A14,CD011762,52.0,100.0,70.0,100.0,100.0,84,A,Trustworthy,93.2
CD008628_pub3_data__A9,CD008628,92.0,100.0,90.0,60.9,75.0,84,A,Trustworthy,93.2
CD010966_pub4_data__A8,CD010966,52.0,100.0,70.0,96.0,100.0,84,A,Trustworthy,93.2
CD014722_pub2_data__A8,CD014722,92.0,100.0,30.0,96.6,100.0,84,A,Trustworthy,93.2
CD007310_pub3_data__A2,CD007310,100.0,100.0,50.0,95.6,75.0,84,A,Trustworthy,93.2
CD004661_pub4_data__A15,CD004661,72.0,100.0,50.0,100.0,100.0,84,A,Trustworthy,93.2
CD013303_pub2_data__A6,CD013303,92.0,100.0,80.0,50.0,100.0,84,A,Trustworthy,93.2
CD006124_pub3_data__A3,CD006124,92.0,100.0,40.0,87.2,100.0,84,A,Trustworthy,93.2
CD006124_pub3_data__A2,CD006124,92.0,100.0,40.0,87.2,100.0,84,A,Trustworthy,93.2
CD006124_pub3_data__A1,CD006124,92.0,100.0,40.0,87.2,100.0,84,A,Trustworthy,93.2
CD015749_pub2_data__A3,CD015749,92.0,100.0,40.0,86.9,100.0,84,A,Trustworthy,93.2
CD006124_pub3_data__A5,CD006124,92.0,100.0,40.0,87.2,100.0,84,A,Trustworthy,93.2
CD010966_pub4_data__A14,CD010966,100.0,100.0,50.0,96.0,75.0,84,A,Trustworthy,93.2
CD010966_pub4_data__A13,CD010966,100.0,100.0,50.0,96.0,75.0,84,A,Trustworthy,93.2
CD010861_pub3_data__A12,CD010861,92.0,100.0,80.0,50.0,100.0,84,A,Trustworthy,93.2
CD010966_pub4_data__A20,CD010966,100.0,100.0,50.0,96.0,75.0,84,A,Trustworthy,93.2
CD013834_pub2_data__A1,CD013834,92.0,100.0,30.0,99.8,100.0,84,A,Trustworthy,93.2
CD005133_pub4_data__A2,CD005133,92.0,100.0,30.0,98.8,100.0,84,A,Trustworthy,93.2
CD010145_pub2_data__A18,CD010145,92.0,100.0,90.0,39.5,100.0,84,A,Trustworthy,93.2
CD004953_pub5_data__A2,CD004953,92.0,100.0,30.0,92.4,100.0,83,A,Trustworthy,92.1
CD004953_pub5_data__A6,CD004953,92.0,100.0,30.0,92.4,100.0,83,A,Trustworthy,92.1
CD004953_pub5_data__A3,CD004953,92.0,100.0,30.0,92.4,100.0,83,A,Trustworthy,92.1
CD013396_pub2_data__A7,CD013396,92.0,100.0,50.0,99.8,75.0,83,A,Trustworthy,92.1
CD003511_pub6_data__A5,CD003511,92.0,100.0,50.0,99.7,75.0,83,A,Trustworthy,92.1
CD013541_pub2_data__A7,CD013541,92.0,100.0,50.0,98.1,75.0,83,A,Trustworthy,92.1
CD004953_pub5_data__A7,CD004953,92.0,100.0,30.0,92.4,100.0,83,A,Trustworthy,92.1
CD013539_pub2_data__A10,CD013539,84.0,100.0,40.0,93.1,100.0,83,A,Trustworthy,92.1
CD013539_pub2_data__A4,CD013539,84.0,100.0,40.0,93.1,100.0,83,A,Trustworthy,92.1
CD015215_pub2_data__A16,CD015215,100.0,100.0,50.0,90.8,75.0,83,A,Trustworthy,92.1
CD013539_pub2_data__A8,CD013539,84.0,100.0,40.0,93.1,100.0,83,A,Trustworthy,92.1
CD013539_pub2_data__A9,CD013539,84.0,100.0,40.0,93.1,100.0,83,A,Trustworthy,92.1
CD013429_pub2_data__A4,CD013429,56.0,100.0,60.0,99.7,100.0,83,A,Trustworthy,92.1
CD004417_pub6_data__A2,CD004417,56.0,100.0,60.0,99.9,100.0,83,A,Trustworthy,92.1
CD006257_pub2_data__A4,CD006257,64.0,100.0,50.0,99.9,100.0,83,A,Trustworthy,92.1
CD006257_pub2_data__A16,CD006257,100.0,100.0,40.0,99.9,75.0,83,A,Trustworthy,92.1
CD006257_pub2_data__A15,CD006257,100.0,100.0,40.0,99.9,75.0,83,A,Trustworthy,92.1
CD006257_pub2_data__A10,CD006257,64.0,100.0,50.0,99.9,100.0,83,A,Trustworthy,92.1
CD015373_pub2_data__A4,CD015373,100.0,100.0,40.0,99.7,75.0,83,A,Trustworthy,92.1
CD013366_pub2_data__A10,CD013366,92.0,100.0,50.0,99.7,75.0,83,A,Trustworthy,92.1
CD013366_pub2_data__A9,CD013366,92.0,100.0,50.0,99.7,75.0,83,A,Trustworthy,92.1
CD007491_pub3_data__A2,CD007491,100.0,100.0,40.0,99.8,75.0,83,A,Trustworthy,92.1
CD015332_pub2_data__A10,CD015332,92.0,100.0,50.0,99.9,75.0,83,A,Trustworthy,92.1
CD015373_pub2_data__A2,CD015373,100.0,100.0,40.0,99.7,75.0,83,A,Trustworthy,92.1
CD015350_pub2_data__A4,CD015350,92.0,100.0,50.0,98.2,75.0,83,A,Trustworthy,92.1
CD015332_pub2_data__A7,CD015332,92.0,100.0,50.0,99.9,75.0,83,A,Trustworthy,92.1
CD015332_pub2_data__A3,CD015332,92.0,100.0,50.0,99.9,75.0,83,A,Trustworthy,92.1
CD007784_pub3_data__A56,CD007784,92.0,100.0,50.0,99.9,75.0,83,A,Trustworthy,92.1
CD007569_pub4_data__A1,CD007569,76.0,100.0,40.0,99.9,100.0,83,A,Trustworthy,92.1
CD007491_pub3_data__A3,CD007491,100.0,100.0,40.0,99.8,75.0,83,A,Trustworthy,92.1
CD007569_pub4_data__A2,CD007569,100.0,100.0,40.0,99.9,75.0,83,A,Trustworthy,92.1
CD013614_pub2_data__A36,CD013614,92.0,100.0,50.0,99.9,75.0,83,A,Trustworthy,92.1
CD015215_pub2_data__A48,CD015215,100.0,100.0,50.0,90.8,75.0,83,A,Trustworthy,92.1
CD015215_pub2_data__A50,CD015215,100.0,100.0,50.0,90.8,75.0,83,A,Trustworthy,92.1
CD013614_pub2_data__A26,CD013614,92.0,100.0,50.0,99.9,75.0,83,A,Trustworthy,92.1
CD011885_pub2_data__A6,CD011885,100.0,100.0,40.0,98.3,75.0,83,A,Trustworthy,92.1
CD006257_pub2_data__A8,CD006257,100.0,100.0,40.0,99.9,75.0,83,A,Trustworthy,92.1
CD013726_pub2_data__A4,CD013726,92.0,100.0,50.0,99.4,75.0,83,A,Trustworthy,92.1
CD012712_pub2_data__A6,CD012712,64.0,80.0,70.0,99.8,100.0,83,A,Trustworthy,92.1
CD012712_pub2_data__A8,CD012712,92.0,100.0,50.0,99.8,75.0,83,A,Trustworthy,92.1
CD006536_pub5_data__A20,CD006536,92.0,100.0,50.0,99.7,75.0,83,A,Trustworthy,92.1
CD011885_pub2_data__A7,CD011885,76.0,100.0,40.0,98.3,100.0,83,A,Trustworthy,92.1
CD006536_pub5_data__A10,CD006536,92.0,100.0,50.0,99.7,75.0,83,A,Trustworthy,92.1
CD007895_pub3_data__A2,CD007895,100.0,100.0,40.0,98.3,75.0,83,A,Trustworthy,92.1
CD004307_pub7_data__A1,CD004307,64.0,90.0,60.0,99.9,100.0,83,A,Trustworthy,92.1
CD007784_pub3_data__A61,CD007784,92.0,100.0,50.0,99.9,75.0,83,A,Trustworthy,92.1
CD007784_pub3_data__A57,CD007784,92.0,100.0,50.0,99.9,75.0,83,A,Trustworthy,92.1
CD009298_pub3_data__A17,CD009298,92.0,100.0,50.0,98.3,75.0,83,A,Trustworthy,92.1
CD009298_pub3_data__A18,CD009298,92.0,100.0,50.0,98.3,75.0,83,A,Trustworthy,92.1
CD005951_pub5_data__A5,CD005951,76.0,100.0,40.0,99.1,100.0,83,A,Trustworthy,92.1
CD009298_pub3_data__A2,CD009298,92.0,100.0,50.0,98.3,75.0,83,A,Trustworthy,92.1
CD013830_pub2_data__A17,CD013830,92.0,100.0,50.0,99.9,75.0,83,A,Trustworthy,92.1
CD010216_pub9_data__A6,CD010216,100.0,100.0,40.0,100.0,75.0,83,A,Trustworthy,92.1
CD010216_pub9_data__A9,CD010216,100.0,100.0,40.0,100.0,75.0,83,A,Trustworthy,92.1
CD010290_pub4_data__A11,CD010290,80.0,100.0,60.0,99.9,75.0,83,A,Trustworthy,92.1
CD010145_pub2_data__A21,CD010145,84.0,100.0,90.0,39.5,100.0,83,A,Trustworthy,92.1
CD005133_pub4_data__A5,CD005133,84.0,100.0,30.0,98.8,100.0,83,A,Trustworthy,92.1
CD010216_pub9_data__A10,CD010216,100.0,100.0,40.0,100.0,75.0,83,A,Trustworthy,92.1
CD005951_pub5_data__A2,CD005951,76.0,100.0,40.0,99.1,100.0,83,A,Trustworthy,92.1
CD016211_data__A4,CD016211,100.0,100.0,40.0,99.7,75.0,83,A,Trustworthy,92.1
CD010216_pub9_data__A8,CD010216,100.0,100.0,40.0,100.0,75.0,83,A,Trustworthy,92.1
CD009749_pub3_data__A4,CD009749,92.0,100.0,50.0,99.9,75.0,83,A,Trustworthy,92.1
CD001155_pub3_data__A4,CD001155,56.0,100.0,60.0,99.9,100.0,83,A,Trustworthy,92.1
CD016058_pub2_data__A1,CD016058,84.0,100.0,80.0,50.0,100.0,83,A,Trustworthy,92.1
CD010216_pub9_data__A5,CD010216,100.0,100.0,40.0,100.0,75.0,83,A,Trustworthy,92.1
CD014792_pub2_data__A2,CD014792,92.0,100.0,50.0,99.8,75.0,83,A,Trustworthy,92.1
CD014792_pub2_data__A6,CD014792,92.0,100.0,50.0,99.8,75.0,83,A,Trustworthy,92.1
CD005595_pub4_data__A9,CD005595,92.0,100.0,50.0,99.8,75.0,83,A,Trustworthy,92.1
CD015804_pub2_data__A2,CD015804,92.0,100.0,50.0,99.8,75.0,83,A,Trustworthy,92.1
CD011600_pub3_data__A15,CD011600,100.0,100.0,40.0,99.3,75.0,83,A,Trustworthy,92.1
CD011600_pub3_data__A2,CD011600,100.0,100.0,40.0,99.3,75.0,83,A,Trustworthy,92.1
CD011600_pub3_data__A24,CD011600,100.0,100.0,40.0,99.3,75.0,83,A,Trustworthy,92.1
CD011600_pub3_data__A18,CD011600,100.0,100.0,40.0,99.3,75.0,83,A,Trustworthy,92.1
CD011600_pub3_data__A19,CD011600,100.0,100.0,40.0,99.3,75.0,83,A,Trustworthy,92.1
CD011600_pub3_data__A9,CD011600,100.0,100.0,40.0,99.3,75.0,83,A,Trustworthy,92.1
CD011762_pub2_data__A13,CD011762,44.0,100.0,70.0,100.0,100.0,83,A,Trustworthy,92.1
CD011600_pub3_data__A13,CD011600,100.0,100.0,40.0,99.3,75.0,83,A,Trustworthy,92.1
CD011197_pub3_data__A2,CD011197,92.0,100.0,50.0,99.5,75.0,83,A,Trustworthy,92.1
CD014960_pub2_data__A1,CD014960,100.0,100.0,40.0,98.3,75.0,83,A,Trustworthy,92.1
CD011600_pub3_data__A1,CD011600,100.0,100.0,40.0,99.3,75.0,83,A,Trustworthy,92.1
CD011600_pub3_data__A26,CD011600,100.0,100.0,40.0,99.3,75.0,83,A,Trustworthy,92.1
CD011600_pub3_data__A6,CD011600,100.0,100.0,40.0,99.3,75.0,83,A,Trustworthy,92.1
CD004661_pub4_data__A16,CD004661,100.0,100.0,40.0,100.0,75.0,83,A,Trustworthy,92.1
CD014967_pub2_data__A4,CD014967,92.0,100.0,50.0,100.0,75.0,83,A,Trustworthy,92.1
CD014967_pub2_data__A5,CD014967,92.0,100.0,50.0,100.0,75.0,83,A,Trustworthy,92.1
CD014967_pub2_data__A6,CD014967,92.0,100.0,50.0,100.0,75.0,83,A,Trustworthy,92.1
CD013758_pub2_data__A25,CD013758,100.0,100.0,40.0,99.7,75.0,83,A,Trustworthy,92.1
CD013758_pub2_data__A8,CD013758,100.0,100.0,40.0,99.7,75.0,83,A,Trustworthy,92.1
CD013758_pub2_data__A9,CD013758,100.0,100.0,40.0,99.7,75.0,83,A,Trustworthy,92.1
CD013789_pub2_data__A14,CD013789,100.0,100.0,40.0,99.4,75.0,83,A,Trustworthy,92.1
CD013758_pub2_data__A23,CD013758,100.0,100.0,40.0,99.7,75.0,83,A,Trustworthy,92.1
CD011885_pub2_data__A4,CD011885,100.0,100.0,40.0,98.3,75.0,83,A,Trustworthy,92.1
CD015673_pub2_data__A1,CD015673,92.0,100.0,50.0,99.9,75.0,83,A,Trustworthy,92.1
CD011762_pub2_data__A7,CD011762,56.0,100.0,60.0,100.0,100.0,83,A,Trustworthy,92.1
CD015673_pub2_data__A6,CD015673,92.0,100.0,50.0,99.9,75.0,83,A,Trustworthy,92.1
CD015536_pub2_data__A4,CD015536,76.0,100.0,40.0,99.9,100.0,83,A,Trustworthy,92.1
CD011866_pub3_data__A8,CD011866,92.0,100.0,50.0,99.8,75.0,83,A,Trustworthy,92.1
CD015536_pub2_data__A8,CD015536,76.0,100.0,40.0,99.9,100.0,83,A,Trustworthy,92.1
CD013758_pub2_data__A13,CD013758,100.0,100.0,40.0,99.7,75.0,83,A,Trustworthy,92.1
CD001909_pub4_data__A7,CD001909,92.0,100.0,50.0,99.6,75.0,83,A,Trustworthy,92.1
CD001155_pub3_data__A2,CD001155,60.0,80.0,70.0,99.9,100.0,82,A,Trustworthy,91.0
CD009679_pub3_data__A3,CD009679,100.0,100.0,40.0,97.5,75.0,82,A,Trustworthy,91.0
CD014666_pub2_data__A2,CD014666,84.0,100.0,40.0,87.1,100.0,82,A,Trustworthy,91.0
CD010290_pub4_data__A5,CD010290,72.0,100.0,40.0,99.9,100.0,82,A,Trustworthy,91.0
CD016278_data__A5,CD016278,100.0,100.0,50.0,87.1,75.0,82,A,Trustworthy,91.0
CD011858_pub2_data__A2,CD011858,92.0,100.0,50.0,93.8,75.0,82,A,Trustworthy,91.0
CD010966_pub4_data__A9,CD010966,72.0,100.0,40.0,96.0,100.0,82,A,Trustworthy,91.0
CD011044_pub3_data__A5,CD011044,52.0,100.0,60.0,99.9,100.0,82,A,Trustworthy,91.0
CD011044_pub3_data__A9,CD011044,72.0,100.0,40.0,99.9,100.0,82,A,Trustworthy,91.0
CD011044_pub3_data__A3,CD011044,52.0,100.0,60.0,99.9,100.0,82,A,Trustworthy,91.0
CD001909_pub4_data__A3,CD001909,52.0,100.0,60.0,99.6,100.0,82,A,Trustworthy,91.0
CD016278_data__A3,CD016278,100.0,100.0,50.0,87.1,75.0,82,A,Trustworthy,91.0
CD009679_pub3_data__A8,CD009679,100.0,100.0,40.0,97.5,75.0,82,A,Trustworthy,91.0
CD013539_pub2_data__A1,CD013539,100.0,100.0,40.0,93.1,75.0,82,A,Trustworthy,91.0
CD014722_pub2_data__A13,CD014722,84.0,100.0,30.0,96.6,100.0,82,A,Trustworthy,91.0
CD004376_pub4_data__A6,CD004376,80.0,60.0,70.0,99.7,100.0,82,A,Trustworthy,91.0
CD013631_pub2_data__A3,CD013631,92.0,100.0,50.0,90.7,75.0,82,A,Trustworthy,91.0
CD003511_pub6_data__A4,CD003511,84.0,100.0,50.0,99.7,75.0,82,A,Trustworthy,91.0
CD013631_pub2_data__A1,CD013631,92.0,100.0,50.0,90.7,75.0,82,A,Trustworthy,91.0
CD015804_pub2_data__A8,CD015804,84.0,100.0,50.0,99.8,75.0,82,A,Trustworthy,91.0
CD001920_pub4_data__A8,CD001920,84.0,100.0,50.0,99.1,75.0,82,A,Trustworthy,91.0
CD008858_pub5_data__A3,CD008858,52.0,100.0,60.0,99.9,100.0,82,A,Trustworthy,91.0
CD011535_pub7_data__A9,CD011535,52.0,100.0,60.0,99.9,100.0,82,A,Trustworthy,91.0
CD011858_pub2_data__A3,CD011858,92.0,100.0,50.0,93.8,75.0,82,A,Trustworthy,91.0
CD011535_pub7_data__A11,CD011535,52.0,100.0,60.0,99.9,100.0,82,A,Trustworthy,91.0
CD011535_pub7_data__A14,CD011535,52.0,100.0,60.0,99.9,100.0,82,A,Trustworthy,91.0
CD011535_pub7_data__A1,CD011535,52.0,100.0,60.0,99.9,100.0,82,A,Trustworthy,91.0
CD004661_pub4_data__A2,CD004661,52.0,100.0,60.0,100.0,100.0,82,A,Trustworthy,91.0
CD008858_pub5_data__A2,CD008858,52.0,100.0,60.0,99.9,100.0,82,A,Trustworthy,91.0
CD008709_pub4_data__A20,CD008709,84.0,100.0,80.0,46.4,100.0,82,A,Trustworthy,91.0
CD014966_pub2_data__A3,CD014966,84.0,100.0,40.0,88.3,100.0,82,A,Trustworthy,91.0
CD003594_pub7_data__A4,CD003594,84.0,100.0,40.0,87.5,100.0,82,A,Trustworthy,91.0
CD003594_pub7_data__A6,CD003594,84.0,100.0,40.0,87.5,100.0,82,A,Trustworthy,91.0
CD013366_pub2_data__A2,CD013366,72.0,100.0,40.0,99.7,100.0,82,A,Trustworthy,91.0
CD003511_pub6_data__A1,CD003511,84.0,100.0,50.0,99.7,75.0,82,A,Trustworthy,91.0
CD013396_pub2_data__A2,CD013396,72.0,100.0,40.0,99.8,100.0,82,A,Trustworthy,91.0
CD013614_pub2_data__A29,CD013614,52.0,100.0,60.0,99.9,100.0,82,A,Trustworthy,91.0
CD003511_pub6_data__A2,CD003511,84.0,100.0,50.0,99.7,75.0,82,A,Trustworthy,91.0
CD003511_pub6_data__A3,CD003511,84.0,100.0,50.0,99.7,75.0,82,A,Trustworthy,91.0
CD013631_pub2_data__A12,CD013631,92.0,100.0,50.0,90.7,75.0,82,A,Trustworthy,91.0
CD013366_pub2_data__A3,CD013366,52.0,100.0,60.0,99.7,100.0,82,A,Trustworthy,91.0
CD013396_pub2_data__A6,CD013396,84.0,100.0,50.0,99.8,75.0,82,A,Trustworthy,91.0
CD013425_pub2_data__A8,CD013425,52.0,100.0,60.0,99.7,100.0,82,A,Trustworthy,91.0
CD013539_pub2_data__A3,CD013539,100.0,100.0,40.0,93.1,75.0,82,A,Trustworthy,91.0
CD013539_pub2_data__A6,CD013539,76.0,100.0,40.0,93.1,100.0,82,A,Trustworthy,91.0
CD003333_pub4_data__A2,CD003333,100.0,100.0,30.0,99.7,75.0,81,A,Trustworthy,89.9
CD015373_pub2_data__A3,CD015373,92.0,100.0,40.0,99.7,75.0,81,A,Trustworthy,89.9
CD013614_pub2_data__A3,CD013614,64.0,100.0,40.0,99.9,100.0,81,A,Trustworthy,89.9
CD016147_data__A1,CD016147,92.0,100.0,50.0,90.0,75.0,81,A,Trustworthy,89.9
CD004953_pub5_data__A13,CD004953,84.0,100.0,30.0,92.4,100.0,81,A,Trustworthy,89.9
CD003598_pub3_data__A23,CD003598,92.0,100.0,40.0,99.9,75.0,81,A,Trustworthy,89.9
CD004953_pub5_data__A5,CD004953,84.0,100.0,30.0,92.4,100.0,81,A,Trustworthy,89.9
CD003598_pub3_data__A20,CD003598,92.0,100.0,40.0,99.9,75.0,81,A,Trustworthy,89.9
CD004953_pub5_data__A9,CD004953,84.0,100.0,30.0,92.4,100.0,81,A,Trustworthy,89.9
CD010216_pub9_data__A11,CD010216,92.0,100.0,40.0,100.0,75.0,81,A,Trustworthy,89.9
CD013613_pub2_data__A2,CD013613,100.0,100.0,40.0,92.2,75.0,81,A,Trustworthy,89.9
CD006982_pub5_data__A5,CD006982,100.0,100.0,30.0,98.3,75.0,81,A,Trustworthy,89.9
CD006982_pub5_data__A1,CD006982,100.0,100.0,30.0,98.3,75.0,81,A,Trustworthy,89.9
CD007026_pub7_data__A6,CD007026,92.0,100.0,40.0,99.4,75.0,81,A,Trustworthy,89.9
CD003598_pub3_data__A13,CD003598,92.0,100.0,40.0,99.9,75.0,81,A,Trustworthy,89.9
CD007156_pub3_data__A4,CD007156,84.0,100.0,80.0,88.7,50.0,81,A,Trustworthy,89.9
CD013425_pub2_data__A10,CD013425,44.0,100.0,60.0,99.7,100.0,81,A,Trustworthy,89.9
CD013425_pub2_data__A7,CD013425,44.0,100.0,60.0,99.7,100.0,81,A,Trustworthy,89.9
CD013758_pub2_data__A11,CD013758,92.0,100.0,40.0,99.7,75.0,81,A,Trustworthy,89.9
CD006257_pub2_data__A7,CD006257,56.0,100.0,50.0,99.9,100.0,81,A,Trustworthy,89.9
CD015532_data__A10,CD015532,84.0,100.0,80.0,67.4,75.0,81,A,Trustworthy,89.9
CD012426_pub2_data__A1,CD012426,92.0,100.0,40.0,99.0,75.0,81,A,Trustworthy,89.9
CD015524_pub2_data__A5,CD015524,92.0,100.0,50.0,62.2,100.0,81,A,Trustworthy,89.9
CD013748_pub2_data__A4,CD013748,76.0,100.0,80.0,74.2,75.0,81,A,Trustworthy,89.9
CD015524_pub2_data__A6,CD015524,92.0,100.0,50.0,62.2,100.0,81,A,Trustworthy,89.9
CD013726_pub2_data__A6,CD013726,64.0,100.0,40.0,99.4,100.0,81,A,Trustworthy,89.9
CD015192_pub2_data__A4,CD015192,92.0,100.0,40.0,98.8,75.0,81,A,Trustworthy,89.9
CD015524_pub2_data__A1,CD015524,92.0,100.0,50.0,62.2,100.0,81,A,Trustworthy,89.9
CD007809_pub3_data__A6,CD007809,100.0,100.0,50.0,81.4,75.0,81,A,Trustworthy,89.9
CD003774_pub5_data__A9,CD003774,64.0,100.0,40.0,99.9,100.0,81,A,Trustworthy,89.9
CD007388_pub3_data__A4,CD007388,76.0,100.0,80.0,50.0,100.0,81,A,Trustworthy,89.9
CD007310_pub3_data__A9,CD007310,48.0,100.0,60.0,95.6,100.0,81,A,Trustworthy,89.9
CD006023_pub4_data__A5,CD006023,92.0,100.0,40.0,73.8,100.0,81,A,Trustworthy,89.9
CD006023_pub4_data__A21,CD006023,92.0,100.0,40.0,73.8,100.0,81,A,Trustworthy,89.9
CD008469_pub3_data__A3,CD008469,100.0,100.0,30.0,100.0,75.0,81,A,Trustworthy,89.9
CD015524_pub2_data__A3,CD015524,92.0,100.0,50.0,62.2,100.0,81,A,Trustworthy,89.9
CD013789_pub2_data__A11,CD013789,92.0,100.0,40.0,99.4,75.0,81,A,Trustworthy,89.9
CD004661_pub4_data__A19,CD004661,92.0,100.0,40.0,100.0,75.0,81,A,Trustworthy,89.9
CD011885_pub2_data__A3,CD011885,92.0,100.0,40.0,98.3,75.0,81,A,Trustworthy,89.9
CD008469_pub3_data__A2,CD008469,100.0,100.0,30.0,100.0,75.0,81,A,Trustworthy,89.9
CD011535_pub7_data__A2,CD011535,64.0,100.0,40.0,99.9,100.0,81,A,Trustworthy,89.9
CD013816_pub2_data__A1,CD013816,100.0,100.0,30.0,99.6,75.0,81,A,Trustworthy,89.9
CD013789_pub2_data__A2,CD013789,92.0,100.0,40.0,99.4,75.0,81,A,Trustworthy,89.9
CD013789_pub2_data__A4,CD013789,92.0,100.0,40.0,99.4,75.0,81,A,Trustworthy,89.9
CD013789_pub2_data__A5,CD013789,92.0,100.0,40.0,99.4,75.0,81,A,Trustworthy,89.9
CD013789_pub2_data__A19,CD013789,92.0,100.0,40.0,99.4,75.0,81,A,Trustworthy,89.9
CD004661_pub4_data__A20,CD004661,92.0,100.0,40.0,100.0,75.0,81,A,Trustworthy,89.9
CD014966_pub2_data__A2,CD014966,100.0,100.0,40.0,88.3,75.0,81,A,Trustworthy,89.9
CD004661_pub4_data__A3,CD004661,44.0,100.0,60.0,100.0,100.0,81,A,Trustworthy,89.9
CD013789_pub2_data__A17,CD013789,92.0,100.0,40.0,99.4,75.0,81,A,Trustworthy,89.9
CD006023_pub4_data__A6,CD006023,92.0,100.0,40.0,73.8,100.0,81,A,Trustworthy,89.9
CD002042_pub6_data__A20,CD002042,64.0,100.0,40.0,99.6,100.0,81,A,Trustworthy,89.9
CD011535_pub7_data__A10,CD011535,44.0,100.0,60.0,99.9,100.0,81,A,Trustworthy,89.9
CD013816_pub2_data__A14,CD013816,100.0,100.0,30.0,99.6,75.0,81,A,Trustworthy,89.9
CD009362_pub4_data__A2,CD009362,44.0,100.0,60.0,99.9,100.0,81,A,Trustworthy,89.9
CD011120_pub3_data__A1,CD011120,64.0,100.0,40.0,99.8,100.0,81,A,Trustworthy,89.9
CD005951_pub5_data__A3,CD005951,92.0,100.0,40.0,99.1,75.0,81,A,Trustworthy,89.9
CD015854_data__A6,CD015854,92.0,100.0,40.0,98.6,75.0,81,A,Trustworthy,89.9
CD006023_pub4_data__A20,CD006023,92.0,100.0,40.0,73.8,100.0,81,A,Trustworthy,89.9
CD006023_pub4_data__A16,CD006023,92.0,100.0,40.0,73.8,100.0,81,A,Trustworthy,89.9
CD006023_pub4_data__A15,CD006023,92.0,100.0,40.0,73.8,100.0,81,A,Trustworthy,89.9
CD006023_pub4_data__A14,CD006023,92.0,100.0,40.0,73.8,100.0,81,A,Trustworthy,89.9
CD014855_pub2_data__A2,CD014855,56.0,100.0,50.0,99.3,100.0,81,A,Trustworthy,89.9
CD009298_pub3_data__A1,CD009298,84.0,100.0,50.0,98.3,75.0,81,A,Trustworthy,89.9
CD015854_data__A1,CD015854,92.0,100.0,40.0,98.6,75.0,81,A,Trustworthy,89.9
CD014869_pub2_data__A6,CD014869,92.0,100.0,40.0,99.8,75.0,81,A,Trustworthy,89.9
CD006023_pub4_data__A11,CD006023,92.0,100.0,40.0,73.8,100.0,81,A,Trustworthy,89.9
CD006023_pub4_data__A12,CD006023,92.0,100.0,40.0,73.8,100.0,81,A,Trustworthy,89.9
CD006023_pub4_data__A8,CD006023,92.0,100.0,40.0,73.8,100.0,81,A,Trustworthy,89.9
CD005566_pub4_data__A5,CD005566,64.0,100.0,40.0,99.5,100.0,81,A,Trustworthy,89.9
CD013816_pub2_data__A3,CD013816,100.0,100.0,30.0,99.6,75.0,81,A,Trustworthy,89.9
CD013816_pub2_data__A4,CD013816,100.0,100.0,30.0,99.6,75.0,81,A,Trustworthy,89.9
CD015854_data__A2,CD015854,92.0,100.0,40.0,98.6,75.0,81,A,Trustworthy,89.9
CD010966_pub4_data__A16,CD010966,48.0,100.0,60.0,96.0,100.0,81,A,Trustworthy,89.9
CD016031_data__A9,CD016031,92.0,100.0,40.0,97.0,75.0,81,A,Trustworthy,89.9
CD014811_pub2_data__A1,CD014811,100.0,100.0,50.0,80.7,75.0,81,A,Trustworthy,89.9
CD014811_pub2_data__A5,CD014811,100.0,100.0,50.0,80.7,75.0,81,A,Trustworthy,89.9
CD013816_pub2_data__A7,CD013816,100.0,100.0,30.0,99.6,75.0,81,A,Trustworthy,89.9
CD005133_pub4_data__A4,CD005133,76.0,100.0,30.0,98.8,100.0,81,A,Trustworthy,89.9
CD009679_pub3_data__A7,CD009679,92.0,100.0,40.0,97.5,75.0,81,A,Trustworthy,89.9
CD005133_pub4_data__A7,CD005133,100.0,100.0,30.0,98.8,75.0,81,A,Trustworthy,89.9
CD010145_pub2_data__A2,CD010145,76.0,100.0,90.0,39.5,100.0,81,A,Trustworthy,89.9
CD015749_pub2_data__A2,CD015749,100.0,100.0,40.0,86.9,75.0,80,A,Trustworthy,88.7
CD015751_pub2_data__A3,CD015751,100.0,100.0,50.0,99.9,50.0,80,A,Trustworthy,88.7
CD009749_pub3_data__A8,CD009749,56.0,100.0,70.0,99.9,75.0,80,A,Trustworthy,88.7
CD015749_pub2_data__A1,CD015749,100.0,100.0,40.0,86.9,75.0,80,A,Trustworthy,88.7
CD003774_pub5_data__A4,CD003774,60.0,100.0,40.0,99.9,100.0,80,A,Trustworthy,88.7
CD013613_pub2_data__A15,CD013613,92.0,100.0,40.0,92.2,75.0,80,A,Trustworthy,88.7
CD014722_pub2_data__A20,CD014722,100.0,100.0,30.0,96.6,75.0,80,A,Trustworthy,88.7
CD014722_pub2_data__A19,CD014722,100.0,100.0,30.0,96.6,75.0,80,A,Trustworthy,88.7
CD011689_pub4_data__A9,CD011689,80.0,100.0,20.0,100.0,100.0,80,A,Trustworthy,88.7
CD011689_pub4_data__A8,CD011689,80.0,100.0,20.0,100.0,100.0,80,A,Trustworthy,88.7
CD011689_pub4_data__A4,CD011689,80.0,100.0,20.0,100.0,100.0,80,A,Trustworthy,88.7
CD013541_pub2_data__A8,CD013541,100.0,100.0,50.0,98.1,50.0,80,A,Trustworthy,88.7
CD012586_pub2_data__A5,CD012586,76.0,100.0,80.0,41.5,100.0,80,A,Trustworthy,88.7
CD014722_pub2_data__A14,CD014722,100.0,100.0,30.0,96.6,75.0,80,A,Trustworthy,88.7
CD014722_pub2_data__A15,CD014722,100.0,100.0,30.0,96.6,75.0,80,A,Trustworthy,88.7
CD014722_pub2_data__A6,CD014722,100.0,100.0,30.0,96.6,75.0,80,A,Trustworthy,88.7
CD013396_pub2_data__A3,CD013396,64.0,100.0,60.0,99.8,75.0,80,A,Trustworthy,88.7
CD006536_pub5_data__A11,CD006536,100.0,100.0,50.0,99.7,50.0,80,A,Trustworthy,88.7
CD007374_pub3_data__A19,CD007374,100.0,100.0,50.0,99.9,50.0,80,A,Trustworthy,88.7
CD008709_pub4_data__A1,CD008709,76.0,100.0,80.0,46.4,100.0,80,A,Trustworthy,88.7
CD011866_pub3_data__A1,CD011866,48.0,90.0,60.0,99.8,100.0,80,A,Trustworthy,88.7
CD011866_pub3_data__A9,CD011866,100.0,100.0,50.0,99.8,50.0,80,A,Trustworthy,88.7
CD014722_pub2_data__A18,CD014722,100.0,100.0,30.0,96.6,75.0,80,A,Trustworthy,88.7
CD011885_pub2_data__A1,CD011885,72.0,100.0,30.0,98.3,100.0,80,A,Trustworthy,88.7
CD004953_pub5_data__A8,CD004953,76.0,100.0,30.0,92.4,100.0,80,A,Trustworthy,88.7
CD015536_pub2_data__A7,CD015536,52.0,100.0,50.0,99.9,100.0,80,A,Trustworthy,88.7
CD013830_pub2_data__A21,CD013830,100.0,100.0,50.0,99.9,50.0,80,A,Trustworthy,88.7
CD006124_pub3_data__A7,CD006124,100.0,100.0,40.0,87.2,75.0,80,A,Trustworthy,88.7
CD015749_pub2_data__A4,CD015749,100.0,100.0,40.0,86.9,75.0,80,A,Trustworthy,88.7
CD014428_pub2_data__A1,CD014428,92.0,100.0,50.0,57.0,100.0,80,A,Trustworthy,88.7
CD004661_pub4_data__A1,CD004661,72.0,100.0,30.0,100.0,100.0,80,A,Trustworthy,88.7
CD015332_pub2_data__A24,CD015332,100.0,100.0,50.0,99.9,50.0,80,A,Trustworthy,88.7
CD015749_pub2_data__A5,CD015749,100.0,100.0,40.0,86.9,75.0,80,A,Trustworthy,88.7
CD007024_pub3_data__A1,CD007024,80.0,100.0,20.0,99.9,100.0,80,A,Trustworthy,88.7
CD007024_pub3_data__A2,CD007024,80.0,100.0,20.0,99.9,100.0,80,A,Trustworthy,88.7
CD007024_pub3_data__A4,CD007024,76.0,100.0,50.0,99.9,75.0,80,A,Trustworthy,88.7
CD015751_pub2_data__A1,CD015751,100.0,100.0,50.0,99.9,50.0,80,A,Trustworthy,88.7
CD015749_pub2_data__A7,CD015749,100.0,100.0,40.0,86.9,75.0,80,A,Trustworthy,88.7
CD015824_pub2_data__A2,CD015824,92.0,100.0,30.0,76.4,100.0,80,A,Trustworthy,88.7
CD015332_pub2_data__A11,CD015332,100.0,100.0,50.0,99.9,50.0,80,A,Trustworthy,88.7
CD015332_pub2_data__A8,CD015332,100.0,100.0,50.0,99.9,50.0,80,A,Trustworthy,88.7
CD015332_pub2_data__A17,CD015332,100.0,100.0,50.0,99.9,50.0,80,A,Trustworthy,88.7
CD015332_pub2_data__A9,CD015332,100.0,100.0,50.0,99.9,50.0,80,A,Trustworthy,88.7
CD014967_pub2_data__A7,CD014967,100.0,100.0,50.0,100.0,50.0,80,A,Trustworthy,88.7
CD013366_pub2_data__A6,CD013366,80.0,100.0,20.0,99.7,100.0,80,A,Trustworthy,88.7
CD013366_pub2_data__A4,CD013366,60.0,100.0,40.0,99.7,100.0,80,A,Trustworthy,88.7
CD015824_pub2_data__A5,CD015824,92.0,100.0,30.0,76.4,100.0,80,A,Trustworthy,88.7
CD015332_pub2_data__A27,CD015332,100.0,100.0,50.0,99.9,50.0,80,A,Trustworthy,88.7
CD007374_pub3_data__A10,CD007374,100.0,100.0,50.0,99.9,50.0,80,A,Trustworthy,88.7
CD007310_pub3_data__A8,CD007310,64.0,100.0,40.0,95.6,100.0,80,A,Trustworthy,88.7
CD015332_pub2_data__A12,CD015332,100.0,100.0,50.0,99.9,50.0,80,A,Trustworthy,88.7
CD015332_pub2_data__A31,CD015332,100.0,100.0,50.0,99.9,50.0,80,A,Trustworthy,88.7
CD015824_pub2_data__A4,CD015824,92.0,100.0,30.0,76.4,100.0,80,A,Trustworthy,88.7
CD015332_pub2_data__A38,CD015332,100.0,100.0,50.0,99.9,50.0,80,A,Trustworthy,88.7
CD006257_pub2_data__A2,CD006257,72.0,100.0,30.0,99.9,100.0,80,A,Trustworthy,88.7
CD009252_pub2_data__A2,CD009252,80.0,100.0,20.0,99.4,100.0,80,A,Trustworthy,88.7
CD006257_pub2_data__A3,CD006257,72.0,100.0,30.0,99.9,100.0,80,A,Trustworthy,88.7
CD006023_pub4_data__A2,CD006023,84.0,100.0,40.0,73.8,100.0,80,A,Trustworthy,88.7
CD006023_pub4_data__A10,CD006023,84.0,100.0,40.0,73.8,100.0,80,A,Trustworthy,88.7
CD006257_pub2_data__A1,CD006257,72.0,100.0,30.0,99.9,100.0,80,A,Trustworthy,88.7
CD006536_pub5_data__A9,CD006536,100.0,100.0,50.0,99.7,50.0,80,A,Trustworthy,88.7
CD014869_pub2_data__A1,CD014869,84.0,100.0,40.0,99.8,75.0,80,A,Trustworthy,88.7
CD014811_pub2_data__A4,CD014811,92.0,100.0,50.0,80.7,75.0,80,A,Trustworthy,88.7
CD005595_pub4_data__A8,CD005595,64.0,100.0,60.0,99.8,75.0,80,A,Trustworthy,88.7
CD005595_pub4_data__A10,CD005595,80.0,100.0,20.0,99.8,100.0,80,A,Trustworthy,88.7
CD005566_pub4_data__A7,CD005566,80.0,100.0,20.0,99.5,100.0,80,A,Trustworthy,88.7
CD005566_pub4_data__A8,CD005566,80.0,100.0,20.0,99.5,100.0,80,A,Trustworthy,88.7
CD005566_pub4_data__A9,CD005566,80.0,100.0,20.0,99.5,100.0,80,A,Trustworthy,88.7
CD005566_pub4_data__A6,CD005566,80.0,100.0,20.0,99.5,100.0,80,A,Trustworthy,88.7
CD014811_pub2_data__A2,CD014811,92.0,100.0,50.0,80.7,75.0,80,A,Trustworthy,88.7
CD005595_pub4_data__A12,CD005595,80.0,100.0,20.0,99.8,100.0,80,A,Trustworthy,88.7
CD013830_pub2_data__A1,CD013830,64.0,100.0,60.0,99.9,75.0,80,A,Trustworthy,88.7
CD012712_pub2_data__A12,CD012712,80.0,100.0,20.0,99.8,100.0,80,A,Trustworthy,88.7
CD005566_pub4_data__A10,CD005566,80.0,100.0,20.0,99.5,100.0,80,A,Trustworthy,88.7
CD005566_pub4_data__A11,CD005566,80.0,100.0,20.0,99.5,100.0,80,A,Trustworthy,88.7
CD006536_pub5_data__A22,CD006536,100.0,100.0,50.0,99.7,50.0,80,A,Trustworthy,88.7
CD007784_pub3_data__A12,CD007784,100.0,100.0,50.0,99.9,50.0,80,A,Trustworthy,88.7
CD006536_pub5_data__A24,CD006536,92.0,100.0,80.0,99.7,25.0,79,B,Moderately Trustworthy,87.0
CD007374_pub3_data__A16,CD007374,92.0,100.0,80.0,99.9,25.0,79,B,Moderately Trustworthy,87.0
CD015215_pub2_data__A1,CD015215,40.0,100.0,90.0,90.8,75.0,79,B,Moderately Trustworthy,87.0
CD004953_pub5_data__A10,CD004953,100.0,100.0,30.0,92.4,75.0,79,B,Moderately Trustworthy,87.0
CD011858_pub2_data__A4,CD011858,100.0,100.0,50.0,93.8,50.0,79,B,Moderately Trustworthy,87.0
CD015804_pub2_data__A12,CD015804,92.0,100.0,80.0,99.8,25.0,79,B,Moderately Trustworthy,87.0
CD014736_pub2_data__A1,CD014736,100.0,100.0,50.0,94.6,50.0,79,B,Moderately Trustworthy,87.0
CD013830_pub2_data__A18,CD013830,92.0,100.0,80.0,99.9,25.0,79,B,Moderately Trustworthy,87.0
CD014736_pub2_data__A2,CD014736,100.0,100.0,50.0,94.6,50.0,79,B,Moderately Trustworthy,87.0
CD010966_pub4_data__A22,CD010966,92.0,100.0,80.0,96.0,25.0,79,B,Moderately Trustworthy,87.0
CD008469_pub3_data__A4,CD008469,92.0,100.0,30.0,100.0,75.0,79,B,Moderately Trustworthy,87.0
CD013834_pub2_data__A2,CD013834,92.0,100.0,30.0,99.8,75.0,79,B,Moderately Trustworthy,87.0
CD013830_pub2_data__A5,CD013830,80.0,100.0,40.0,99.9,75.0,79,B,Moderately Trustworthy,87.0
CD013830_pub2_data__A4,CD013830,80.0,100.0,40.0,99.9,75.0,79,B,Moderately Trustworthy,87.0
CD013874_pub3_data__A16,CD013874,92.0,100.0,80.0,99.5,25.0,79,B,Moderately Trustworthy,87.0
CD010966_pub4_data__A25,CD010966,92.0,100.0,80.0,96.0,25.0,79,B,Moderately Trustworthy,87.0
CD013396_pub2_data__A11,CD013396,92.0,100.0,80.0,99.8,25.0,79,B,Moderately Trustworthy,87.0
CD013614_pub2_data__A35,CD013614,92.0,100.0,80.0,99.9,25.0,79,B,Moderately Trustworthy,87.0
CD010966_pub4_data__A23,CD010966,92.0,100.0,80.0,96.0,25.0,79,B,Moderately Trustworthy,87.0
CD013614_pub2_data__A37,CD013614,92.0,100.0,80.0,99.9,25.0,79,B,Moderately Trustworthy,87.0
CD013614_pub2_data__A42,CD013614,80.0,100.0,40.0,99.9,75.0,79,B,Moderately Trustworthy,87.0
CD013614_pub2_data__A43,CD013614,60.0,100.0,60.0,99.9,75.0,79,B,Moderately Trustworthy,87.0
CD013476_pub2_data__A14,CD013476,92.0,100.0,80.0,99.9,25.0,79,B,Moderately Trustworthy,87.0
CD013476_pub2_data__A7,CD013476,92.0,100.0,80.0,99.9,25.0,79,B,Moderately Trustworthy,87.0
CD013476_pub2_data__A5,CD013476,92.0,100.0,80.0,99.9,25.0,79,B,Moderately Trustworthy,87.0
CD007024_pub3_data__A7,CD007024,92.0,100.0,80.0,99.9,25.0,79,B,Moderately Trustworthy,87.0
CD011866_pub3_data__A10,CD011866,92.0,100.0,80.0,99.8,25.0,79,B,Moderately Trustworthy,87.0
CD013614_pub2_data__A25,CD013614,80.0,100.0,40.0,99.9,75.0,79,B,Moderately Trustworthy,87.0
CD009298_pub3_data__A46,CD009298,92.0,100.0,80.0,98.3,25.0,79,B,Moderately Trustworthy,87.0
CD009298_pub3_data__A45,CD009298,92.0,100.0,80.0,98.3,25.0,79,B,Moderately Trustworthy,87.0
CD007024_pub3_data__A9,CD007024,92.0,100.0,80.0,99.9,25.0,79,B,Moderately Trustworthy,87.0
CD013476_pub2_data__A8,CD013476,92.0,100.0,80.0,99.9,25.0,79,B,Moderately Trustworthy,87.0
CD013476_pub2_data__A4,CD013476,92.0,100.0,80.0,99.9,25.0,79,B,Moderately Trustworthy,87.0
CD013476_pub2_data__A3,CD013476,92.0,100.0,80.0,99.9,25.0,79,B,Moderately Trustworthy,87.0
CD008858_pub5_data__A1,CD008858,60.0,100.0,60.0,99.9,75.0,79,B,Moderately Trustworthy,87.0
CD010216_pub9_data__A2,CD010216,64.0,100.0,30.0,100.0,100.0,79,B,Moderately Trustworthy,87.0
CD014687_pub2_data__A3,CD014687,92.0,100.0,80.0,50.0,75.0,79,B,Moderately Trustworthy,87.0
CD014594_pub2_data__A5,CD014594,92.0,100.0,80.0,99.8,25.0,79,B,Moderately Trustworthy,87.0
CD015673_pub2_data__A11,CD015673,92.0,100.0,80.0,99.9,25.0,79,B,Moderately Trustworthy,87.0
CD013476_pub2_data__A2,CD013476,92.0,100.0,80.0,99.9,25.0,79,B,Moderately Trustworthy,87.0
CD016131_data__A1,CD016131,52.0,100.0,50.0,92.8,100.0,79,B,Moderately Trustworthy,87.0
CD015751_pub2_data__A4,CD015751,92.0,100.0,80.0,99.9,25.0,79,B,Moderately Trustworthy,87.0
CD014300_pub2_data__A11,CD014300,92.0,100.0,40.0,88.2,75.0,79,B,Moderately Trustworthy,87.0
CD014145_pub2_data__A8,CD014145,92.0,100.0,80.0,99.9,25.0,79,B,Moderately Trustworthy,87.0
CD014145_pub2_data__A9,CD014145,92.0,100.0,80.0,99.9,25.0,79,B,Moderately Trustworthy,87.0
CD014145_pub2_data__A7,CD014145,92.0,100.0,80.0,99.9,25.0,79,B,Moderately Trustworthy,87.0
CD001155_pub3_data__A10,CD001155,92.0,100.0,80.0,99.9,25.0,79,B,Moderately Trustworthy,87.0
CD000143_pub2_data__A1,CD000143,44.0,100.0,50.0,99.8,100.0,79,B,Moderately Trustworthy,87.0
CD010966_pub4_data__A5,CD010966,80.0,100.0,20.0,96.0,100.0,79,B,Moderately Trustworthy,87.0
CD007310_pub3_data__A13,CD007310,92.0,100.0,80.0,95.6,25.0,79,B,Moderately Trustworthy,87.0
CD004953_pub5_data__A1,CD004953,100.0,100.0,30.0,92.4,75.0,79,B,Moderately Trustworthy,87.0
CD015524_pub2_data__A2,CD015524,84.0,100.0,50.0,62.2,100.0,79,B,Moderately Trustworthy,87.0
CD002042_pub6_data__A16,CD002042,80.0,100.0,40.0,99.6,75.0,79,B,Moderately Trustworthy,87.0
CD007859_pub5_data__A5,CD007859,92.0,100.0,80.0,96.9,25.0,79,B,Moderately Trustworthy,87.0
CD005582_pub5_data__A1,CD005582,92.0,100.0,80.0,100.0,25.0,79,B,Moderately Trustworthy,87.0
CD013830_pub2_data__A12,CD013830,60.0,100.0,60.0,99.9,75.0,79,B,Moderately Trustworthy,87.0
CD010861_pub3_data__A13,CD010861,92.0,100.0,80.0,50.0,75.0,79,B,Moderately Trustworthy,87.0
CD001920_pub4_data__A11,CD001920,92.0,100.0,80.0,99.1,25.0,79,B,Moderately Trustworthy,87.0
CD012712_pub2_data__A7,CD012712,76.0,20.0,100.0,99.8,100.0,79,B,Moderately Trustworthy,87.0
CD010966_pub4_data__A18,CD010966,92.0,100.0,80.0,96.0,25.0,79,B,Moderately Trustworthy,87.0
CD010966_pub4_data__A17,CD010966,92.0,100.0,80.0,96.0,25.0,79,B,Moderately Trustworthy,87.0
CD010966_pub4_data__A2,CD010966,80.0,100.0,20.0,96.0,100.0,79,B,Moderately Trustworthy,87.0
CD010966_pub4_data__A21,CD010966,92.0,100.0,80.0,96.0,25.0,79,B,Moderately Trustworthy,87.0
CD007374_pub3_data__A3,CD007374,92.0,100.0,80.0,99.9,25.0,79,B,Moderately Trustworthy,87.0
CD007374_pub3_data__A8,CD007374,92.0,100.0,80.0,99.9,25.0,79,B,Moderately Trustworthy,87.0
CD004417_pub6_data__A5,CD004417,92.0,100.0,80.0,99.9,25.0,79,B,Moderately Trustworthy,87.0
CD013052_pub3_data__A5,CD013052,92.0,100.0,80.0,99.9,25.0,79,B,Moderately Trustworthy,87.0
CD015332_pub2_data__A34,CD015332,92.0,100.0,80.0,99.9,25.0,79,B,Moderately Trustworthy,87.0
CD015332_pub2_data__A39,CD015332,92.0,100.0,80.0,99.9,25.0,79,B,Moderately Trustworthy,87.0
CD007784_pub3_data__A8,CD007784,92.0,100.0,80.0,99.9,25.0,79,B,Moderately Trustworthy,87.0
CD016031_data__A20,CD016031,84.0,100.0,40.0,97.0,75.0,79,B,Moderately Trustworthy,87.0
CD013726_pub2_data__A3,CD013726,92.0,100.0,80.0,99.4,25.0,79,B,Moderately Trustworthy,87.0
CD013748_pub2_data__A1,CD013748,68.0,100.0,80.0,74.2,75.0,79,B,Moderately Trustworthy,87.0
CD015215_pub2_data__A5,CD015215,72.0,90.0,40.0,90.8,100.0,79,B,Moderately Trustworthy,87.0
CD015804_pub2_data__A5,CD015804,92.0,100.0,80.0,99.8,25.0,79,B,Moderately Trustworthy,87.0
CD012642_pub2_data__A1,CD012642,92.0,100.0,40.0,88.9,75.0,79,B,Moderately Trustworthy,87.0
CD009252_pub2_data__A3,CD009252,36.0,100.0,60.0,99.4,100.0,79,B,Moderately Trustworthy,87.0
CD015087_pub2_data__A2,CD015087,100.0,100.0,40.0,77.6,75.0,79,B,Moderately Trustworthy,87.0
CD003511_pub6_data__A9,CD003511,92.0,100.0,80.0,99.7,25.0,79,B,Moderately Trustworthy,87.0
CD007374_pub3_data__A21,CD007374,92.0,100.0,80.0,99.9,25.0,79,B,Moderately Trustworthy,87.0
CD013614_pub2_data__A8,CD013614,80.0,100.0,40.0,99.9,75.0,79,B,Moderately Trustworthy,87.0
CD007859_pub5_data__A2,CD007859,80.0,100.0,20.0,96.9,100.0,79,B,Moderately Trustworthy,87.0
CD015804_pub2_data__A6,CD015804,92.0,100.0,80.0,99.8,25.0,79,B,Moderately Trustworthy,87.0
CD005951_pub5_data__A1,CD005951,64.0,100.0,30.0,99.1,100.0,79,B,Moderately Trustworthy,87.0
CD007859_pub5_data__A1,CD007859,80.0,100.0,20.0,96.9,100.0,79,B,Moderately Trustworthy,87.0
CD010966_pub4_data__A15,CD010966,92.0,100.0,80.0,96.0,25.0,79,B,Moderately Trustworthy,87.0
CD010966_pub4_data__A12,CD010966,92.0,100.0,80.0,96.0,25.0,79,B,Moderately Trustworthy,87.0
CD010966_pub4_data__A19,CD010966,92.0,100.0,80.0,96.0,25.0,79,B,Moderately Trustworthy,87.0
CD005582_pub5_data__A2,CD005582,92.0,100.0,80.0,100.0,25.0,79,B,Moderately Trustworthy,87.0
CD014967_pub2_data__A13,CD014967,92.0,100.0,80.0,100.0,25.0,79,B,Moderately Trustworthy,87.0
CD013071_pub2_data__A18,CD013071,92.0,100.0,80.0,99.7,25.0,79,B,Moderately Trustworthy,87.0
CD013366_pub2_data__A11,CD013366,92.0,100.0,80.0,99.7,25.0,79,B,Moderately Trustworthy,87.0
CD015215_pub2_data__A6,CD015215,64.0,100.0,40.0,90.8,100.0,79,B,Moderately Trustworthy,87.0
CD007784_pub3_data__A10,CD007784,92.0,100.0,80.0,99.9,25.0,79,B,Moderately Trustworthy,87.0
CD013366_pub2_data__A15,CD013366,92.0,100.0,80.0,99.7,25.0,79,B,Moderately Trustworthy,87.0
CD015332_pub2_data__A29,CD015332,92.0,100.0,80.0,99.9,25.0,79,B,Moderately Trustworthy,87.0
CD007784_pub3_data__A16,CD007784,92.0,100.0,80.0,99.9,25.0,79,B,Moderately Trustworthy,87.0
CD007784_pub3_data__A15,CD007784,92.0,100.0,80.0,99.9,25.0,79,B,Moderately Trustworthy,87.0
CD015332_pub2_data__A32,CD015332,92.0,100.0,80.0,99.9,25.0,79,B,Moderately Trustworthy,87.0
CD014967_pub2_data__A12,CD014967,92.0,100.0,80.0,100.0,25.0,79,B,Moderately Trustworthy,87.0
CD015332_pub2_data__A21,CD015332,92.0,100.0,80.0,99.9,25.0,79,B,Moderately Trustworthy,87.0
CD004417_pub6_data__A6,CD004417,92.0,100.0,80.0,99.9,25.0,79,B,Moderately Trustworthy,87.0
CD013366_pub2_data__A14,CD013366,92.0,100.0,80.0,99.7,25.0,79,B,Moderately Trustworthy,87.0
CD015332_pub2_data__A28,CD015332,92.0,100.0,80.0,99.9,25.0,79,B,Moderately Trustworthy,87.0
CD007374_pub3_data__A14,CD007374,92.0,100.0,80.0,99.9,25.0,79,B,Moderately Trustworthy,87.0
CD007374_pub3_data__A15,CD007374,92.0,100.0,80.0,99.9,25.0,79,B,Moderately Trustworthy,87.0
CD004661_pub4_data__A11,CD004661,64.0,100.0,30.0,100.0,100.0,79,B,Moderately Trustworthy,87.0
CD009298_pub3_data__A41,CD009298,92.0,100.0,80.0,98.3,25.0,79,B,Moderately Trustworthy,87.0
CD009298_pub3_data__A42,CD009298,92.0,100.0,80.0,98.3,25.0,79,B,Moderately Trustworthy,87.0
CD003376_pub4_data__A8,CD003376,92.0,100.0,80.0,99.8,25.0,79,B,Moderately Trustworthy,87.0
CD013303_pub2_data__A5,CD013303,92.0,100.0,80.0,50.0,75.0,79,B,Moderately Trustworthy,87.0
CD009298_pub3_data__A37,CD009298,92.0,100.0,80.0,98.3,25.0,79,B,Moderately Trustworthy,87.0
CD009298_pub3_data__A38,CD009298,92.0,100.0,80.0,98.3,25.0,79,B,Moderately Trustworthy,87.0
CD003333_pub4_data__A1,CD003333,92.0,100.0,30.0,99.7,75.0,79,B,Moderately Trustworthy,87.0
CD014967_pub2_data__A16,CD014967,92.0,100.0,80.0,100.0,25.0,79,B,Moderately Trustworthy,87.0
CD014967_pub2_data__A14,CD014967,92.0,100.0,80.0,100.0,25.0,79,B,Moderately Trustworthy,87.0
CD014145_pub2_data__A4,CD014145,92.0,100.0,80.0,99.9,25.0,79,B,Moderately Trustworthy,87.0
CD014145_pub2_data__A6,CD014145,92.0,100.0,80.0,99.9,25.0,79,B,Moderately Trustworthy,87.0
CD014145_pub2_data__A5,CD014145,92.0,100.0,80.0,99.9,25.0,79,B,Moderately Trustworthy,87.0
CD007024_pub3_data__A6,CD007024,92.0,100.0,80.0,99.9,25.0,79,B,Moderately Trustworthy,87.0
CD013476_pub2_data__A9,CD013476,92.0,100.0,80.0,99.9,25.0,79,B,Moderately Trustworthy,87.0
CD013874_pub3_data__A7,CD013874,80.0,100.0,40.0,99.5,75.0,79,B,Moderately Trustworthy,87.0
CD003594_pub7_data__A3,CD003594,56.0,100.0,50.0,87.5,100.0,79,B,Moderately Trustworthy,87.0
CD013476_pub2_data__A10,CD013476,92.0,100.0,80.0,99.9,25.0,79,B,Moderately Trustworthy,87.0
CD013476_pub2_data__A11,CD013476,92.0,100.0,80.0,99.9,25.0,79,B,Moderately Trustworthy,87.0
CD007024_pub3_data__A11,CD007024,92.0,100.0,80.0,99.9,25.0,79,B,Moderately Trustworthy,87.0
CD007024_pub3_data__A10,CD007024,92.0,100.0,80.0,99.9,25.0,79,B,Moderately Trustworthy,87.0
CD015786_pub2_data__A3,CD015786,100.0,100.0,90.0,25.6,75.0,78,B,Moderately Trustworthy,84.5
CD013508_pub3_data__A14,CD013508,92.0,100.0,50.0,98.4,50.0,78,B,Moderately Trustworthy,84.5
CD013508_pub3_data__A15,CD013508,92.0,100.0,50.0,98.4,50.0,78,B,Moderately Trustworthy,84.5
CD003598_pub3_data__A27,CD003598,100.0,100.0,40.0,99.9,50.0,78,B,Moderately Trustworthy,84.5
CD003598_pub3_data__A6,CD003598,80.0,100.0,10.0,99.9,100.0,78,B,Moderately Trustworthy,84.5
CD007024_pub3_data__A3,CD007024,72.0,100.0,20.0,99.9,100.0,78,B,Moderately Trustworthy,84.5
CD013476_pub2_data__A13,CD013476,84.0,100.0,80.0,99.9,25.0,78,B,Moderately Trustworthy,84.5
CD011762_pub2_data__A11,CD011762,72.0,100.0,20.0,100.0,100.0,78,B,Moderately Trustworthy,84.5
CD011762_pub2_data__A2,CD011762,52.0,100.0,40.0,100.0,100.0,78,B,Moderately Trustworthy,84.5
CD014594_pub2_data__A3,CD014594,92.0,100.0,50.0,99.8,50.0,78,B,Moderately Trustworthy,84.5
CD014594_pub2_data__A4,CD014594,92.0,100.0,50.0,99.8,50.0,78,B,Moderately Trustworthy,84.5
CD011689_pub4_data__A1,CD011689,72.0,100.0,20.0,100.0,100.0,78,B,Moderately Trustworthy,84.5
CD016136_data__A1,CD016136,72.0,100.0,20.0,99.4,100.0,78,B,Moderately Trustworthy,84.5
CD015350_pub2_data__A3,CD015350,92.0,100.0,50.0,98.2,50.0,78,B,Moderately Trustworthy,84.5
CD015332_pub2_data__A22,CD015332,92.0,100.0,50.0,99.9,50.0,78,B,Moderately Trustworthy,84.5
CD013284_pub2_data__A10,CD013284,100.0,100.0,30.0,85.5,75.0,78,B,Moderately Trustworthy,84.5
CD013284_pub2_data__A11,CD013284,100.0,100.0,30.0,85.5,75.0,78,B,Moderately Trustworthy,84.5
CD009298_pub3_data__A32,CD009298,92.0,100.0,50.0,98.3,50.0,78,B,Moderately Trustworthy,84.5
CD009298_pub3_data__A34,CD009298,92.0,100.0,50.0,98.3,50.0,78,B,Moderately Trustworthy,84.5
CD009298_pub3_data__A19,CD009298,72.0,100.0,20.0,98.3,100.0,78,B,Moderately Trustworthy,84.5
CD013789_pub2_data__A21,CD013789,100.0,100.0,40.0,99.4,50.0,78,B,Moderately Trustworthy,84.5
CD013789_pub2_data__A7,CD013789,80.0,100.0,10.0,99.4,100.0,78,B,Moderately Trustworthy,84.5
CD013789_pub2_data__A9,CD013789,100.0,100.0,40.0,99.4,50.0,78,B,Moderately Trustworthy,84.5
CD014967_pub2_data__A2,CD014967,52.0,100.0,40.0,100.0,100.0,78,B,Moderately Trustworthy,84.5
CD004417_pub6_data__A4,CD004417,72.0,100.0,20.0,99.9,100.0,78,B,Moderately Trustworthy,84.5
CD003376_pub4_data__A9,CD003376,92.0,100.0,50.0,99.8,50.0,78,B,Moderately Trustworthy,84.5
CD013284_pub2_data__A13,CD013284,100.0,100.0,30.0,85.5,75.0,78,B,Moderately Trustworthy,84.5
CD013284_pub2_data__A14,CD013284,100.0,100.0,30.0,85.5,75.0,78,B,Moderately Trustworthy,84.5
CD013284_pub2_data__A15,CD013284,100.0,100.0,30.0,85.5,75.0,78,B,Moderately Trustworthy,84.5
CD013284_pub2_data__A16,CD013284,100.0,100.0,30.0,85.5,75.0,78,B,Moderately Trustworthy,84.5
CD013284_pub2_data__A5,CD013284,100.0,100.0,30.0,85.5,75.0,78,B,Moderately Trustworthy,84.5
CD013284_pub2_data__A9,CD013284,100.0,100.0,30.0,85.5,75.0,78,B,Moderately Trustworthy,84.5
CD007784_pub3_data__A34,CD007784,72.0,100.0,20.0,99.9,100.0,78,B,Moderately Trustworthy,84.5
CD007784_pub3_data__A18,CD007784,72.0,100.0,20.0,99.9,100.0,78,B,Moderately Trustworthy,84.5
CD015332_pub2_data__A4,CD015332,92.0,100.0,50.0,99.9,50.0,78,B,Moderately Trustworthy,84.5
CD015083_pub2_data__A2,CD015083,72.0,100.0,20.0,99.9,100.0,78,B,Moderately Trustworthy,84.5
CD015083_pub2_data__A4,CD015083,72.0,100.0,20.0,99.9,100.0,78,B,Moderately Trustworthy,84.5
CD015083_pub2_data__A5,CD015083,72.0,100.0,20.0,99.9,100.0,78,B,Moderately Trustworthy,84.5
CD013758_pub2_data__A21,CD013758,80.0,100.0,10.0,99.7,100.0,78,B,Moderately Trustworthy,84.5
CD014967_pub2_data__A1,CD014967,52.0,100.0,40.0,100.0,100.0,78,B,Moderately Trustworthy,84.5
CD014967_pub2_data__A11,CD014967,92.0,100.0,50.0,100.0,50.0,78,B,Moderately Trustworthy,84.5
CD007374_pub3_data__A9,CD007374,92.0,100.0,50.0,99.9,50.0,78,B,Moderately Trustworthy,84.5
CD003511_pub6_data__A8,CD003511,92.0,100.0,50.0,99.7,50.0,78,B,Moderately Trustworthy,84.5
CD015215_pub2_data__A55,CD015215,92.0,100.0,80.0,90.8,25.0,78,B,Moderately Trustworthy,84.5
CD013071_pub2_data__A14,CD013071,92.0,100.0,50.0,99.7,50.0,78,B,Moderately Trustworthy,84.5
CD003376_pub4_data__A1,CD003376,80.0,90.0,20.0,99.8,100.0,78,B,Moderately Trustworthy,84.5
CD003376_pub4_data__A2,CD003376,80.0,90.0,20.0,99.8,100.0,78,B,Moderately Trustworthy,84.5
CD010290_pub4_data__A15,CD010290,92.0,100.0,50.0,99.9,50.0,78,B,Moderately Trustworthy,84.5
CD010290_pub4_data__A8,CD010290,92.0,100.0,50.0,99.9,50.0,78,B,Moderately Trustworthy,84.5
CD004703_pub3_data__A1,CD004703,80.0,100.0,10.0,98.8,100.0,78,B,Moderately Trustworthy,84.5
CD015373_pub2_data__A23,CD015373,100.0,100.0,40.0,99.7,50.0,78,B,Moderately Trustworthy,84.5
CD007784_pub3_data__A27,CD007784,72.0,100.0,20.0,99.9,100.0,78,B,Moderately Trustworthy,84.5
CD007784_pub3_data__A29,CD007784,72.0,100.0,20.0,99.9,100.0,78,B,Moderately Trustworthy,84.5
CD007784_pub3_data__A3,CD007784,92.0,100.0,50.0,99.9,50.0,78,B,Moderately Trustworthy,84.5
CD007784_pub3_data__A31,CD007784,72.0,100.0,20.0,99.9,100.0,78,B,Moderately Trustworthy,84.5
CD015332_pub2_data__A1,CD015332,92.0,100.0,50.0,99.9,50.0,78,B,Moderately Trustworthy,84.5
CD013631_pub2_data__A23,CD013631,92.0,100.0,80.0,90.7,25.0,78,B,Moderately Trustworthy,84.5
CD015215_pub2_data__A51,CD015215,92.0,100.0,80.0,90.8,25.0,78,B,Moderately Trustworthy,84.5
CD015215_pub2_data__A53,CD015215,92.0,100.0,80.0,90.8,25.0,78,B,Moderately Trustworthy,84.5
CD013366_pub2_data__A12,CD013366,92.0,100.0,50.0,99.7,50.0,78,B,Moderately Trustworthy,84.5
CD007374_pub3_data__A4,CD007374,92.0,100.0,50.0,99.9,50.0,78,B,Moderately Trustworthy,84.5
CD005595_pub4_data__A2,CD005595,72.0,100.0,20.0,99.8,100.0,78,B,Moderately Trustworthy,84.5
CD005595_pub4_data__A4,CD005595,72.0,100.0,20.0,99.8,100.0,78,B,Moderately Trustworthy,84.5
CD007784_pub3_data__A39,CD007784,72.0,100.0,20.0,99.9,100.0,78,B,Moderately Trustworthy,84.5
CD007784_pub3_data__A41,CD007784,72.0,100.0,20.0,99.9,100.0,78,B,Moderately Trustworthy,84.5
CD007784_pub3_data__A43,CD007784,72.0,100.0,20.0,99.9,100.0,78,B,Moderately Trustworthy,84.5
CD007784_pub3_data__A46,CD007784,72.0,100.0,20.0,99.9,100.0,78,B,Moderately Trustworthy,84.5
CD007784_pub3_data__A49,CD007784,72.0,100.0,20.0,99.9,100.0,78,B,Moderately Trustworthy,84.5
CD015083_pub2_data__A11,CD015083,72.0,100.0,20.0,99.9,100.0,78,B,Moderately Trustworthy,84.5
CD013631_pub2_data__A24,CD013631,92.0,100.0,80.0,90.7,25.0,78,B,Moderately Trustworthy,84.5
CD013631_pub2_data__A25,CD013631,92.0,100.0,80.0,90.7,25.0,78,B,Moderately Trustworthy,84.5
CD013631_pub2_data__A27,CD013631,92.0,100.0,80.0,90.7,25.0,78,B,Moderately Trustworthy,84.5
CD013631_pub2_data__A5,CD013631,100.0,100.0,50.0,90.7,50.0,78,B,Moderately Trustworthy,84.5
CD013631_pub2_data__A7,CD013631,100.0,100.0,50.0,90.7,50.0,78,B,Moderately Trustworthy,84.5
CD013726_pub2_data__A7,CD013726,72.0,100.0,20.0,99.4,100.0,78,B,Moderately Trustworthy,84.5
CD006257_pub2_data__A6,CD006257,80.0,100.0,10.0,99.9,100.0,78,B,Moderately Trustworthy,84.5
CD004417_pub6_data__A3,CD004417,56.0,75.0,60.0,99.9,100.0,78,B,Moderately Trustworthy,84.5
CD013631_pub2_data__A21,CD013631,92.0,100.0,80.0,90.7,25.0,78,B,Moderately Trustworthy,84.5
CD013631_pub2_data__A22,CD013631,92.0,100.0,80.0,90.7,25.0,78,B,Moderately Trustworthy,84.5
CD013631_pub2_data__A18,CD013631,92.0,100.0,80.0,90.7,25.0,78,B,Moderately Trustworthy,84.5
CD013631_pub2_data__A19,CD013631,92.0,100.0,80.0,90.7,25.0,78,B,Moderately Trustworthy,84.5
CD015083_pub2_data__A7,CD015083,72.0,100.0,20.0,99.9,100.0,78,B,Moderately Trustworthy,84.5
CD015083_pub2_data__A9,CD015083,72.0,100.0,20.0,99.9,100.0,78,B,Moderately Trustworthy,84.5
CD004307_pub7_data__A3,CD004307,72.0,100.0,20.0,99.9,100.0,78,B,Moderately Trustworthy,84.5
CD009298_pub3_data__A54,CD009298,92.0,100.0,50.0,98.3,50.0,78,B,Moderately Trustworthy,84.5
CD009298_pub3_data__A55,CD009298,92.0,100.0,50.0,98.3,50.0,78,B,Moderately Trustworthy,84.5
CD009298_pub3_data__A30,CD009298,92.0,100.0,50.0,98.3,50.0,78,B,Moderately Trustworthy,84.5
CD015215_pub2_data__A41,CD015215,92.0,100.0,80.0,90.8,25.0,78,B,Moderately Trustworthy,84.5
CD015215_pub2_data__A43,CD015215,92.0,100.0,80.0,90.8,25.0,78,B,Moderately Trustworthy,84.5
CD015215_pub2_data__A44,CD015215,92.0,100.0,80.0,90.8,25.0,78,B,Moderately Trustworthy,84.5
CD015215_pub2_data__A46,CD015215,92.0,100.0,80.0,90.8,25.0,78,B,Moderately Trustworthy,84.5
CD015215_pub2_data__A47,CD015215,92.0,100.0,80.0,90.8,25.0,78,B,Moderately Trustworthy,84.5
CD015824_pub2_data__A6,CD015824,84.0,100.0,30.0,76.4,100.0,78,B,Moderately Trustworthy,84.5
CD007809_pub3_data__A5,CD007809,84.0,100.0,50.0,81.4,75.0,78,B,Moderately Trustworthy,84.5
CD015373_pub2_data__A6,CD015373,100.0,100.0,40.0,99.7,50.0,78,B,Moderately Trustworthy,84.5
CD015373_pub2_data__A7,CD015373,100.0,100.0,40.0,99.7,50.0,78,B,Moderately Trustworthy,84.5
CD006023_pub4_data__A24,CD006023,100.0,100.0,40.0,73.8,75.0,78,B,Moderately Trustworthy,84.5
CD006023_pub4_data__A25,CD006023,100.0,100.0,40.0,73.8,75.0,78,B,Moderately Trustworthy,84.5
CD013052_pub3_data__A2,CD013052,84.0,80.0,50.0,99.9,75.0,78,B,Moderately Trustworthy,84.5
CD015215_pub2_data__A49,CD015215,92.0,100.0,80.0,90.8,25.0,78,B,Moderately Trustworthy,84.5
CD013614_pub2_data__A5,CD013614,52.0,100.0,40.0,99.9,100.0,78,B,Moderately Trustworthy,84.5
CD013631_pub2_data__A13,CD013631,100.0,100.0,50.0,90.7,50.0,78,B,Moderately Trustworthy,84.5
CD013631_pub2_data__A14,CD013631,92.0,100.0,80.0,90.7,25.0,78,B,Moderately Trustworthy,84.5
CD013631_pub2_data__A15,CD013631,92.0,100.0,80.0,90.7,25.0,78,B,Moderately Trustworthy,84.5
CD013631_pub2_data__A16,CD013631,92.0,100.0,80.0,90.7,25.0,78,B,Moderately Trustworthy,84.5
CD013631_pub2_data__A17,CD013631,92.0,100.0,80.0,90.7,25.0,78,B,Moderately Trustworthy,84.5
CD006536_pub5_data__A7,CD006536,72.0,100.0,20.0,99.7,100.0,78,B,Moderately Trustworthy,84.5
CD007310_pub3_data__A6,CD007310,52.0,100.0,40.0,95.6,100.0,78,B,Moderately Trustworthy,84.5
CD015854_data__A5,CD015854,100.0,100.0,40.0,98.6,50.0,78,B,Moderately Trustworthy,84.5
CD015854_data__A7,CD015854,100.0,100.0,40.0,98.6,50.0,78,B,Moderately Trustworthy,84.5
CD010779_pub2_data__A2,CD010779,100.0,100.0,40.0,98.7,50.0,78,B,Moderately Trustworthy,84.5
CD012967_pub2_data__A1,CD012967,92.0,100.0,80.0,95.0,25.0,78,B,Moderately Trustworthy,84.5
CD012967_pub2_data__A2,CD012967,92.0,100.0,80.0,95.0,25.0,78,B,Moderately Trustworthy,84.5
CD012967_pub2_data__A3,CD012967,92.0,100.0,80.0,95.0,25.0,78,B,Moderately Trustworthy,84.5
CD012967_pub2_data__A4,CD012967,92.0,100.0,80.0,95.0,25.0,78,B,Moderately Trustworthy,84.5
CD014792_pub2_data__A10,CD014792,84.0,100.0,80.0,99.8,25.0,78,B,Moderately Trustworthy,84.5
CD014792_pub2_data__A9,CD014792,92.0,100.0,50.0,99.8,50.0,78,B,Moderately Trustworthy,84.5
CD012712_pub2_data__A1,CD012712,72.0,100.0,20.0,99.8,100.0,78,B,Moderately Trustworthy,84.5
CD012712_pub2_data__A10,CD012712,72.0,100.0,20.0,99.8,100.0,78,B,Moderately Trustworthy,84.5
CD002042_pub6_data__A25,CD002042,92.0,100.0,50.0,99.6,50.0,78,B,Moderately Trustworthy,84.5
CD011197_pub3_data__A5,CD011197,92.0,100.0,50.0,99.5,50.0,78,B,Moderately Trustworthy,84.5
CD006536_pub5_data__A12,CD006536,92.0,100.0,50.0,99.7,50.0,78,B,Moderately Trustworthy,84.5
CD010966_pub4_data__A11,CD010966,92.0,100.0,50.0,96.0,50.0,78,B,Moderately Trustworthy,84.5
CD013631_pub2_data__A20,CD013631,92.0,100.0,80.0,90.7,25.0,78,B,Moderately Trustworthy,84.5
CD006536_pub5_data__A13,CD006536,92.0,100.0,50.0,99.7,50.0,78,B,Moderately Trustworthy,84.5
CD006536_pub5_data__A14,CD006536,92.0,100.0,50.0,99.7,50.0,78,B,Moderately Trustworthy,84.5
CD006536_pub5_data__A16,CD006536,72.0,100.0,20.0,99.7,100.0,78,B,Moderately Trustworthy,84.5
CD006536_pub5_data__A19,CD006536,72.0,100.0,20.0,99.7,100.0,78,B,Moderately Trustworthy,84.5
CD013614_pub2_data__A38,CD013614,92.0,100.0,50.0,99.9,50.0,78,B,Moderately Trustworthy,84.5
CD013614_pub2_data__A39,CD013614,92.0,100.0,50.0,99.9,50.0,78,B,Moderately Trustworthy,84.5
CD013614_pub2_data__A40,CD013614,92.0,100.0,50.0,99.9,50.0,78,B,Moderately Trustworthy,84.5
CD013396_pub2_data__A10,CD013396,92.0,100.0,50.0,99.8,50.0,78,B,Moderately Trustworthy,84.5
CD015215_pub2_data__A40,CD015215,92.0,100.0,80.0,90.8,25.0,78,B,Moderately Trustworthy,84.5
CD003511_pub6_data__A6,CD003511,92.0,100.0,50.0,99.7,50.0,78,B,Moderately Trustworthy,84.5
CD003511_pub6_data__A7,CD003511,92.0,100.0,50.0,99.7,50.0,78,B,Moderately Trustworthy,84.5
CD013396_pub2_data__A8,CD013396,92.0,100.0,50.0,99.8,50.0,78,B,Moderately Trustworthy,84.5
CD007374_pub3_data__A20,CD007374,92.0,100.0,50.0,99.9,50.0,78,B,Moderately Trustworthy,84.5
CD015192_pub2_data__A1,CD015192,80.0,100.0,10.0,98.8,100.0,78,B,Moderately Trustworthy,84.5
CD004953_pub5_data__A12,CD004953,92.0,100.0,30.0,92.4,75.0,78,B,Moderately Trustworthy,84.5
CD014736_pub2_data__A4,CD014736,92.0,100.0,80.0,94.6,25.0,78,B,Moderately Trustworthy,84.5
CD014736_pub2_data__A5,CD014736,92.0,100.0,80.0,94.6,25.0,78,B,Moderately Trustworthy,84.5
CD011197_pub3_data__A6,CD011197,92.0,100.0,50.0,99.5,50.0,78,B,Moderately Trustworthy,84.5
CD011197_pub3_data__A7,CD011197,92.0,100.0,50.0,99.5,50.0,78,B,Moderately Trustworthy,84.5
CD012445_pub2_data__A3,CD012445,100.0,100.0,40.0,74.6,75.0,78,B,Moderately Trustworthy,84.5
CD012445_pub2_data__A9,CD012445,100.0,100.0,40.0,74.6,75.0,78,B,Moderately Trustworthy,84.5
CD011858_pub2_data__A14,CD011858,92.0,100.0,80.0,93.8,25.0,78,B,Moderately Trustworthy,84.5
CD015786_pub2_data__A4,CD015786,100.0,100.0,90.0,25.6,75.0,78,B,Moderately Trustworthy,84.5
CD011535_pub7_data__A15,CD011535,52.0,100.0,40.0,99.9,100.0,78,B,Moderately Trustworthy,84.5
CD011535_pub7_data__A16,CD011535,52.0,100.0,40.0,99.9,100.0,78,B,Moderately Trustworthy,84.5
CD015532_data__A5,CD015532,92.0,100.0,30.0,67.4,100.0,78,B,Moderately Trustworthy,84.5
CD013874_pub3_data__A13,CD013874,92.0,100.0,50.0,99.5,50.0,78,B,Moderately Trustworthy,84.5
CD013874_pub3_data__A14,CD013874,92.0,100.0,50.0,99.5,50.0,78,B,Moderately Trustworthy,84.5
CD011858_pub2_data__A15,CD011858,92.0,100.0,80.0,93.8,25.0,78,B,Moderately Trustworthy,84.5
CD013425_pub2_data__A3,CD013425,52.0,100.0,40.0,99.7,100.0,78,B,Moderately Trustworthy,84.5
CD013425_pub2_data__A6,CD013425,32.0,100.0,60.0,99.7,100.0,78,B,Moderately Trustworthy,84.5
CD013614_pub2_data__A44,CD013614,92.0,100.0,50.0,99.9,50.0,78,B,Moderately Trustworthy,84.5
CD013614_pub2_data__A45,CD013614,92.0,100.0,50.0,99.9,50.0,78,B,Moderately Trustworthy,84.5
CD013614_pub2_data__A46,CD013614,92.0,100.0,50.0,99.9,50.0,78,B,Moderately Trustworthy,84.5
CD003743_pub3_data__A13,CD003743,100.0,100.0,40.0,99.7,50.0,78,B,Moderately Trustworthy,84.5
CD010966_pub4_data__A24,CD010966,92.0,100.0,50.0,96.0,50.0,78,B,Moderately Trustworthy,84.5
CD011120_pub3_data__A3,CD011120,92.0,100.0,50.0,99.8,50.0,78,B,Moderately Trustworthy,84.5
CD009362_pub4_data__A1,CD009362,32.0,100.0,60.0,99.9,100.0,78,B,Moderately Trustworthy,84.5
CD009298_pub3_data__A47,CD009298,92.0,100.0,50.0,98.3,50.0,78,B,Moderately Trustworthy,84.5
CD013614_pub2_data__A33,CD013614,72.0,100.0,20.0,99.9,100.0,78,B,Moderately Trustworthy,84.5
CD013614_pub2_data__A22,CD013614,72.0,100.0,20.0,99.9,100.0,78,B,Moderately Trustworthy,84.5
CD009298_pub3_data__A48,CD009298,92.0,100.0,50.0,98.3,50.0,78,B,Moderately Trustworthy,84.5
CD009298_pub3_data__A49,CD009298,92.0,100.0,50.0,98.3,50.0,78,B,Moderately Trustworthy,84.5
CD009298_pub3_data__A50,CD009298,92.0,100.0,50.0,98.3,50.0,78,B,Moderately Trustworthy,84.5
CD009298_pub3_data__A51,CD009298,92.0,100.0,50.0,98.3,50.0,78,B,Moderately Trustworthy,84.5
CD009298_pub3_data__A52,CD009298,92.0,100.0,50.0,98.3,50.0,78,B,Moderately Trustworthy,84.5
CD011762_pub2_data__A10,CD011762,52.0,100.0,40.0,100.0,100.0,78,B,Moderately Trustworthy,84.5
CD011866_pub3_data__A3,CD011866,52.0,100.0,40.0,99.8,100.0,78,B,Moderately Trustworthy,84.5
CD001431_pub6_data__A6,CD001431,72.0,100.0,20.0,99.8,100.0,78,B,Moderately Trustworthy,84.5
CD004953_pub5_data__A4,CD004953,92.0,100.0,30.0,92.4,75.0,78,B,Moderately Trustworthy,84.5
CD011858_pub2_data__A10,CD011858,92.0,100.0,80.0,93.8,25.0,78,B,Moderately Trustworthy,84.5
CD011858_pub2_data__A11,CD011858,92.0,100.0,80.0,93.8,25.0,78,B,Moderately Trustworthy,84.5
CD011858_pub2_data__A12,CD011858,92.0,100.0,80.0,93.8,25.0,78,B,Moderately Trustworthy,84.5
CD011858_pub2_data__A13,CD011858,92.0,100.0,80.0,93.8,25.0,78,B,Moderately Trustworthy,84.5
CD015673_pub2_data__A10,CD015673,92.0,100.0,50.0,99.9,50.0,78,B,Moderately Trustworthy,84.5
CD015673_pub2_data__A7,CD015673,92.0,100.0,50.0,99.9,50.0,78,B,Moderately Trustworthy,84.5
CD010216_pub9_data__A7,CD010216,100.0,100.0,40.0,100.0,50.0,78,B,Moderately Trustworthy,84.5
CD010290_pub4_data__A12,CD010290,92.0,100.0,50.0,99.9,50.0,78,B,Moderately Trustworthy,84.5
CD011689_pub4_data__A18,CD011689,52.0,100.0,40.0,100.0,100.0,78,B,Moderately Trustworthy,84.5
CD008858_pub5_data__A5,CD008858,92.0,100.0,50.0,99.9,50.0,78,B,Moderately Trustworthy,84.5
CD013425_pub2_data__A11,CD013425,32.0,100.0,60.0,99.7,100.0,78,B,Moderately Trustworthy,84.5
CD015751_pub2_data__A6,CD015751,92.0,100.0,50.0,99.9,50.0,78,B,Moderately Trustworthy,84.5
CD013508_pub3_data__A7,CD013508,92.0,100.0,50.0,98.4,50.0,78,B,Moderately Trustworthy,84.5
CD011044_pub3_data__A1,CD011044,72.0,100.0,20.0,99.9,100.0,78,B,Moderately Trustworthy,84.5
CD003598_pub3_data__A21,CD003598,80.0,100.0,10.0,99.9,100.0,78,B,Moderately Trustworthy,84.5
CD003598_pub3_data__A26,CD003598,100.0,100.0,40.0,99.9,50.0,78,B,Moderately Trustworthy,84.5
CD013508_pub3_data__A4,CD013508,92.0,100.0,50.0,98.4,50.0,78,B,Moderately Trustworthy,84.5
CD015215_pub2_data__A12,CD015215,72.0,60.0,90.0,90.8,75.0,78,B,Moderately Trustworthy,84.5
CD016136_data__A2,CD016136,72.0,100.0,20.0,99.4,100.0,78,B,Moderately Trustworthy,84.5
CD016147_data__A5,CD016147,92.0,100.0,80.0,90.0,25.0,77,B,Moderately Trustworthy,81.3
CD016211_data__A14,CD016211,92.0,100.0,70.0,99.7,25.0,77,B,Moderately Trustworthy,81.3
CD016211_data__A12,CD016211,92.0,100.0,70.0,99.7,25.0,77,B,Moderately Trustworthy,81.3
CD016278_data__A9,CD016278,92.0,100.0,80.0,87.1,25.0,77,B,Moderately Trustworthy,81.3
CD016147_data__A6,CD016147,92.0,100.0,80.0,90.0,25.0,77,B,Moderately Trustworthy,81.3
CD016211_data__A10,CD016211,92.0,100.0,70.0,99.7,25.0,77,B,Moderately Trustworthy,81.3
CD016211_data__A9,CD016211,92.0,100.0,70.0,99.7,25.0,77,B,Moderately Trustworthy,81.3
CD016147_data__A7,CD016147,92.0,100.0,80.0,90.0,25.0,77,B,Moderately Trustworthy,81.3
CD016211_data__A18,CD016211,92.0,100.0,70.0,99.7,25.0,77,B,Moderately Trustworthy,81.3
CD016147_data__A8,CD016147,92.0,100.0,80.0,90.0,25.0,77,B,Moderately Trustworthy,81.3
CD016131_data__A4,CD016131,80.0,100.0,10.0,92.8,100.0,77,B,Moderately Trustworthy,81.3
CD000143_pub2_data__A6,CD000143,92.0,100.0,70.0,99.8,25.0,77,B,Moderately Trustworthy,81.3
CD016278_data__A21,CD016278,92.0,100.0,80.0,87.1,25.0,77,B,Moderately Trustworthy,81.3
CD016147_data__A9,CD016147,92.0,100.0,80.0,90.0,25.0,77,B,Moderately Trustworthy,81.3
CD016211_data__A16,CD016211,92.0,100.0,70.0,99.7,25.0,77,B,Moderately Trustworthy,81.3
CD002042_pub6_data__A29,CD002042,84.0,100.0,50.0,99.6,50.0,77,B,Moderately Trustworthy,81.3
CD014762_pub2_data__A1,CD014762,60.0,100.0,50.0,99.9,75.0,77,B,Moderately Trustworthy,81.3
CD014762_pub2_data__A2,CD014762,80.0,100.0,30.0,99.9,75.0,77,B,Moderately Trustworthy,81.3
CD014762_pub2_data__A4,CD014762,80.0,100.0,30.0,99.9,75.0,77,B,Moderately Trustworthy,81.3
CD013539_pub2_data__A7,CD013539,80.0,100.0,10.0,93.1,100.0,77,B,Moderately Trustworthy,81.3
CD006839_pub5_data__A1,CD006839,92.0,100.0,50.0,94.1,50.0,77,B,Moderately Trustworthy,81.3
CD006839_pub5_data__A2,CD006839,92.0,100.0,50.0,94.1,50.0,77,B,Moderately Trustworthy,81.3
CD006839_pub5_data__A3,CD006839,92.0,100.0,50.0,94.1,50.0,77,B,Moderately Trustworthy,81.3
CD003743_pub3_data__A1,CD003743,92.0,100.0,70.0,99.7,25.0,77,B,Moderately Trustworthy,81.3
CD016278_data__A18,CD016278,92.0,100.0,80.0,87.1,25.0,77,B,Moderately Trustworthy,81.3
CD015215_pub2_data__A15,CD015215,80.0,100.0,40.0,90.8,75.0,77,B,Moderately Trustworthy,81.3
CD015215_pub2_data__A17,CD015215,92.0,100.0,50.0,90.8,50.0,77,B,Moderately Trustworthy,81.3
CD015215_pub2_data__A19,CD015215,92.0,100.0,50.0,90.8,50.0,77,B,Moderately Trustworthy,81.3
CD003743_pub3_data__A11,CD003743,92.0,100.0,70.0,99.7,25.0,77,B,Moderately Trustworthy,81.3
CD003598_pub3_data__A31,CD003598,92.0,100.0,70.0,99.9,25.0,77,B,Moderately Trustworthy,81.3
CD003598_pub3_data__A32,CD003598,92.0,100.0,70.0,99.9,25.0,77,B,Moderately Trustworthy,81.3
CD003598_pub3_data__A34,CD003598,92.0,100.0,70.0,99.9,25.0,77,B,Moderately Trustworthy,81.3
CD003598_pub3_data__A35,CD003598,92.0,100.0,70.0,99.9,25.0,77,B,Moderately Trustworthy,81.3
CD003598_pub3_data__A36,CD003598,92.0,100.0,70.0,99.9,25.0,77,B,Moderately Trustworthy,81.3
CD015968_data__A2,CD015968,100.0,100.0,50.0,84.6,50.0,77,B,Moderately Trustworthy,81.3
CD013590_pub2_data__A3,CD013590,92.0,100.0,90.0,0.7,100.0,77,B,Moderately Trustworthy,81.3
CD012623_pub2_data__A1,CD012623,76.0,100.0,90.0,19.9,100.0,77,B,Moderately Trustworthy,81.3
CD011885_pub2_data__A9,CD011885,92.0,100.0,70.0,98.3,25.0,77,B,Moderately Trustworthy,81.3
CD012967_pub2_data__A5,CD012967,92.0,100.0,50.0,95.0,50.0,77,B,Moderately Trustworthy,81.3
CD011885_pub2_data__A46,CD011885,92.0,100.0,70.0,98.3,25.0,77,B,Moderately Trustworthy,81.3
CD011885_pub2_data__A47,CD011885,92.0,100.0,70.0,98.3,25.0,77,B,Moderately Trustworthy,81.3
CD011885_pub2_data__A48,CD011885,92.0,100.0,70.0,98.3,25.0,77,B,Moderately Trustworthy,81.3
CD011885_pub2_data__A50,CD011885,92.0,100.0,70.0,98.3,25.0,77,B,Moderately Trustworthy,81.3
CD011885_pub2_data__A51,CD011885,92.0,100.0,70.0,98.3,25.0,77,B,Moderately Trustworthy,81.3
CD011885_pub2_data__A52,CD011885,92.0,100.0,70.0,98.3,25.0,77,B,Moderately Trustworthy,81.3
CD013052_pub3_data__A1,CD013052,44.0,100.0,40.0,99.9,100.0,77,B,Moderately Trustworthy,81.3
CD013052_pub3_data__A3,CD013052,84.0,50.0,50.0,99.9,100.0,77,B,Moderately Trustworthy,81.3
CD013052_pub3_data__A4,CD013052,84.0,100.0,50.0,99.9,50.0,77,B,Moderately Trustworthy,81.3
CD011600_pub3_data__A27,CD011600,92.0,100.0,70.0,99.3,25.0,77,B,Moderately Trustworthy,81.3
CD013561_pub2_data__A6,CD013561,92.0,100.0,70.0,99.7,25.0,77,B,Moderately Trustworthy,81.3
CD011044_pub3_data__A4,CD011044,44.0,100.0,40.0,99.9,100.0,77,B,Moderately Trustworthy,81.3
CD015968_data__A4,CD015968,100.0,100.0,50.0,84.6,50.0,77,B,Moderately Trustworthy,81.3
CD003743_pub3_data__A10,CD003743,92.0,100.0,70.0,99.7,25.0,77,B,Moderately Trustworthy,81.3
CD007895_pub3_data__A3,CD007895,92.0,100.0,70.0,98.3,25.0,77,B,Moderately Trustworthy,81.3
CD011885_pub2_data__A55,CD011885,92.0,100.0,70.0,98.3,25.0,77,B,Moderately Trustworthy,81.3
CD011885_pub2_data__A56,CD011885,92.0,100.0,70.0,98.3,25.0,77,B,Moderately Trustworthy,81.3
CD011885_pub2_data__A57,CD011885,92.0,100.0,70.0,98.3,25.0,77,B,Moderately Trustworthy,81.3
CD011885_pub2_data__A58,CD011885,92.0,100.0,70.0,98.3,25.0,77,B,Moderately Trustworthy,81.3
CD011885_pub2_data__A59,CD011885,92.0,100.0,70.0,98.3,25.0,77,B,Moderately Trustworthy,81.3
CD011885_pub2_data__A60,CD011885,92.0,100.0,70.0,98.3,25.0,77,B,Moderately Trustworthy,81.3
CD011885_pub2_data__A41,CD011885,92.0,100.0,70.0,98.3,25.0,77,B,Moderately Trustworthy,81.3
CD015854_data__A11,CD015854,92.0,100.0,70.0,98.6,25.0,77,B,Moderately Trustworthy,81.3
CD013396_pub2_data__A9,CD013396,84.0,100.0,50.0,99.8,50.0,77,B,Moderately Trustworthy,81.3
CD011627_pub3_data__A2,CD011627,92.0,100.0,70.0,99.9,25.0,77,B,Moderately Trustworthy,81.3
CD011627_pub3_data__A3,CD011627,92.0,100.0,70.0,99.9,25.0,77,B,Moderately Trustworthy,81.3
CD011627_pub3_data__A4,CD011627,92.0,100.0,70.0,99.9,25.0,77,B,Moderately Trustworthy,81.3
CD011689_pub4_data__A12,CD011689,24.0,100.0,60.0,100.0,100.0,77,B,Moderately Trustworthy,81.3
CD011689_pub4_data__A14,CD011689,44.0,100.0,40.0,100.0,100.0,77,B,Moderately Trustworthy,81.3
CD011689_pub4_data__A15,CD011689,44.0,100.0,40.0,100.0,100.0,77,B,Moderately Trustworthy,81.3
CD011600_pub3_data__A20,CD011600,92.0,100.0,70.0,99.3,25.0,77,B,Moderately Trustworthy,81.3
CD011600_pub3_data__A21,CD011600,92.0,100.0,70.0,99.3,25.0,77,B,Moderately Trustworthy,81.3
CD011600_pub3_data__A22,CD011600,92.0,100.0,70.0,99.3,25.0,77,B,Moderately Trustworthy,81.3
CD015524_pub2_data__A7,CD015524,100.0,100.0,50.0,62.2,75.0,77,B,Moderately Trustworthy,81.3
CD011885_pub2_data__A43,CD011885,92.0,100.0,70.0,98.3,25.0,77,B,Moderately Trustworthy,81.3
CD011885_pub2_data__A45,CD011885,92.0,100.0,70.0,98.3,25.0,77,B,Moderately Trustworthy,81.3
CD014855_pub2_data__A6,CD014855,92.0,100.0,70.0,99.3,25.0,77,B,Moderately Trustworthy,81.3
CD014869_pub2_data__A2,CD014869,92.0,100.0,70.0,99.8,25.0,77,B,Moderately Trustworthy,81.3
CD014869_pub2_data__A3,CD014869,92.0,100.0,70.0,99.8,25.0,77,B,Moderately Trustworthy,81.3
CD005951_pub5_data__A10,CD005951,92.0,100.0,70.0,99.1,25.0,77,B,Moderately Trustworthy,81.3
CD005951_pub5_data__A11,CD005951,92.0,100.0,70.0,99.1,25.0,77,B,Moderately Trustworthy,81.3
CD014960_pub2_data__A7,CD014960,92.0,100.0,70.0,98.3,25.0,77,B,Moderately Trustworthy,81.3
CD003743_pub3_data__A2,CD003743,92.0,100.0,70.0,99.7,25.0,77,B,Moderately Trustworthy,81.3
CD003743_pub3_data__A3,CD003743,92.0,100.0,70.0,99.7,25.0,77,B,Moderately Trustworthy,81.3
CD003743_pub3_data__A5,CD003743,92.0,100.0,70.0,99.7,25.0,77,B,Moderately Trustworthy,81.3
CD003743_pub3_data__A6,CD003743,92.0,100.0,70.0,99.7,25.0,77,B,Moderately Trustworthy,81.3
CD003743_pub3_data__A7,CD003743,92.0,100.0,70.0,99.7,25.0,77,B,Moderately Trustworthy,81.3
CD003743_pub3_data__A8,CD003743,92.0,100.0,70.0,99.7,25.0,77,B,Moderately Trustworthy,81.3
CD011120_pub3_data__A2,CD011120,72.0,100.0,40.0,99.8,75.0,77,B,Moderately Trustworthy,81.3
CD003743_pub3_data__A9,CD003743,92.0,100.0,70.0,99.7,25.0,77,B,Moderately Trustworthy,81.3
CD013614_pub2_data__A34,CD013614,84.0,100.0,50.0,99.9,50.0,77,B,Moderately Trustworthy,81.3
CD006742_pub3_data__A1,CD006742,100.0,100.0,40.0,70.6,75.0,77,B,Moderately Trustworthy,81.3
CD015820_pub2_data__A1,CD015820,100.0,100.0,40.0,72.5,75.0,77,B,Moderately Trustworthy,81.3
CD015373_pub2_data__A8,CD015373,92.0,100.0,70.0,99.7,25.0,77,B,Moderately Trustworthy,81.3
CD015395_pub3_data__A4,CD015395,80.0,100.0,30.0,99.4,75.0,77,B,Moderately Trustworthy,81.3
CD015395_pub3_data__A5,CD015395,92.0,100.0,70.0,99.4,25.0,77,B,Moderately Trustworthy,81.3
CD015395_pub3_data__A6,CD015395,92.0,100.0,70.0,99.4,25.0,77,B,Moderately Trustworthy,81.3
CD015395_pub3_data__A7,CD015395,92.0,100.0,70.0,99.4,25.0,77,B,Moderately Trustworthy,81.3
CD015395_pub3_data__A8,CD015395,92.0,100.0,70.0,99.4,25.0,77,B,Moderately Trustworthy,81.3
CD005951_pub5_data__A7,CD005951,92.0,100.0,70.0,99.1,25.0,77,B,Moderately Trustworthy,81.3
CD011600_pub3_data__A8,CD011600,92.0,100.0,70.0,99.3,25.0,77,B,Moderately Trustworthy,81.3
CD013614_pub2_data__A41,CD013614,52.0,100.0,60.0,99.9,75.0,77,B,Moderately Trustworthy,81.3
CD013429_pub2_data__A6,CD013429,92.0,100.0,70.0,99.7,25.0,77,B,Moderately Trustworthy,81.3
CD007374_pub3_data__A2,CD007374,72.0,100.0,40.0,99.9,75.0,77,B,Moderately Trustworthy,81.3
CD015192_pub2_data__A5,CD015192,92.0,100.0,70.0,98.8,25.0,77,B,Moderately Trustworthy,81.3
CD015192_pub2_data__A6,CD015192,92.0,100.0,70.0,98.8,25.0,77,B,Moderately Trustworthy,81.3
CD013425_pub2_data__A9,CD013425,44.0,100.0,40.0,99.7,100.0,77,B,Moderately Trustworthy,81.3
CD003743_pub3_data__A14,CD003743,92.0,100.0,70.0,99.7,25.0,77,B,Moderately Trustworthy,81.3
CD005951_pub5_data__A8,CD005951,92.0,100.0,70.0,99.1,25.0,77,B,Moderately Trustworthy,81.3
CD005951_pub5_data__A9,CD005951,92.0,100.0,70.0,99.1,25.0,77,B,Moderately Trustworthy,81.3
CD016031_data__A19,CD016031,80.0,100.0,10.0,97.0,100.0,77,B,Moderately Trustworthy,81.3
CD016031_data__A3,CD016031,92.0,100.0,70.0,97.0,25.0,77,B,Moderately Trustworthy,81.3
CD016031_data__A4,CD016031,92.0,100.0,70.0,97.0,25.0,77,B,Moderately Trustworthy,81.3
CD007784_pub3_data__A9,CD007784,84.0,100.0,50.0,99.9,50.0,77,B,Moderately Trustworthy,81.3
CD011885_pub2_data__A24,CD011885,92.0,100.0,70.0,98.3,25.0,77,B,Moderately Trustworthy,81.3
CD013874_pub3_data__A10,CD013874,72.0,100.0,40.0,99.5,75.0,77,B,Moderately Trustworthy,81.3
CD013844_pub2_data__A6,CD013844,92.0,100.0,90.0,3.8,100.0,77,B,Moderately Trustworthy,81.3
CD011885_pub2_data__A27,CD011885,92.0,100.0,70.0,98.3,25.0,77,B,Moderately Trustworthy,81.3
CD011885_pub2_data__A28,CD011885,92.0,100.0,70.0,98.3,25.0,77,B,Moderately Trustworthy,81.3
CD011885_pub2_data__A29,CD011885,92.0,100.0,70.0,98.3,25.0,77,B,Moderately Trustworthy,81.3
CD009679_pub3_data__A9,CD009679,100.0,100.0,40.0,97.5,50.0,77,B,Moderately Trustworthy,81.3
CD011689_pub4_data__A19,CD011689,64.0,100.0,20.0,100.0,100.0,77,B,Moderately Trustworthy,81.3
CD015854_data__A9,CD015854,92.0,100.0,70.0,98.6,25.0,77,B,Moderately Trustworthy,81.3
CD010779_pub2_data__A3,CD010779,92.0,100.0,70.0,98.7,25.0,77,B,Moderately Trustworthy,81.3
CD015087_pub2_data__A1,CD015087,92.0,100.0,40.0,77.6,75.0,77,B,Moderately Trustworthy,81.3
CD011600_pub3_data__A3,CD011600,80.0,100.0,30.0,99.3,75.0,77,B,Moderately Trustworthy,81.3
CD013874_pub3_data__A5,CD013874,52.0,65.0,70.0,99.5,100.0,77,B,Moderately Trustworthy,81.3
CD013874_pub3_data__A6,CD013874,80.0,90.0,40.0,99.5,75.0,77,B,Moderately Trustworthy,81.3
CD011762_pub2_data__A5,CD011762,44.0,100.0,40.0,100.0,100.0,77,B,Moderately Trustworthy,81.3
CD013631_pub2_data__A6,CD013631,92.0,100.0,50.0,90.7,50.0,77,B,Moderately Trustworthy,81.3
CD001533_pub7_data__A4,CD001533,52.0,100.0,50.0,82.1,100.0,77,B,Moderately Trustworthy,81.3
CD001533_pub7_data__A5,CD001533,72.0,100.0,30.0,82.1,100.0,77,B,Moderately Trustworthy,81.3
CD016031_data__A10,CD016031,100.0,100.0,40.0,97.0,50.0,77,B,Moderately Trustworthy,81.3
CD016031_data__A12,CD016031,92.0,100.0,70.0,97.0,25.0,77,B,Moderately Trustworthy,81.3
CD011762_pub2_data__A8,CD011762,44.0,100.0,40.0,100.0,100.0,77,B,Moderately Trustworthy,81.3
CD013874_pub3_data__A3,CD013874,72.0,45.0,70.0,99.5,100.0,77,B,Moderately Trustworthy,81.3
CD010216_pub9_data__A18,CD010216,80.0,100.0,30.0,100.0,75.0,77,B,Moderately Trustworthy,81.3
CD010216_pub9_data__A19,CD010216,92.0,100.0,70.0,100.0,25.0,77,B,Moderately Trustworthy,81.3
CD011885_pub2_data__A30,CD011885,92.0,100.0,70.0,98.3,25.0,77,B,Moderately Trustworthy,81.3
CD011885_pub2_data__A31,CD011885,92.0,100.0,70.0,98.3,25.0,77,B,Moderately Trustworthy,81.3
CD010441_pub3_data__A4,CD010441,100.0,100.0,50.0,58.7,75.0,77,B,Moderately Trustworthy,81.3
CD014935_pub2_data__A11,CD014935,92.0,100.0,70.0,99.7,25.0,77,B,Moderately Trustworthy,81.3
CD014935_pub2_data__A8,CD014935,92.0,100.0,70.0,99.7,25.0,77,B,Moderately Trustworthy,81.3
CD015514_pub2_data__A1,CD015514,92.0,100.0,70.0,99.5,25.0,77,B,Moderately Trustworthy,81.3
CD015514_pub2_data__A3,CD015514,92.0,100.0,70.0,99.5,25.0,77,B,Moderately Trustworthy,81.3
CD011885_pub2_data__A32,CD011885,92.0,100.0,70.0,98.3,25.0,77,B,Moderately Trustworthy,81.3
CD011885_pub2_data__A33,CD011885,92.0,100.0,70.0,98.3,25.0,77,B,Moderately Trustworthy,81.3
CD011885_pub2_data__A34,CD011885,92.0,100.0,70.0,98.3,25.0,77,B,Moderately Trustworthy,81.3
CD011885_pub2_data__A35,CD011885,92.0,100.0,70.0,98.3,25.0,77,B,Moderately Trustworthy,81.3
CD011885_pub2_data__A36,CD011885,92.0,100.0,70.0,98.3,25.0,77,B,Moderately Trustworthy,81.3
CD011885_pub2_data__A37,CD011885,92.0,100.0,70.0,98.3,25.0,77,B,Moderately Trustworthy,81.3
CD007374_pub3_data__A11,CD007374,52.0,100.0,60.0,99.9,75.0,77,B,Moderately Trustworthy,81.3
CD014967_pub2_data__A10,CD014967,84.0,100.0,50.0,100.0,50.0,77,B,Moderately Trustworthy,81.3
CD015636_pub2_data__A1,CD015636,80.0,100.0,30.0,99.6,75.0,77,B,Moderately Trustworthy,81.3
CD011885_pub2_data__A38,CD011885,92.0,100.0,70.0,98.3,25.0,77,B,Moderately Trustworthy,81.3
CD011885_pub2_data__A40,CD011885,92.0,100.0,70.0,98.3,25.0,77,B,Moderately Trustworthy,81.3
CD011885_pub2_data__A12,CD011885,92.0,100.0,70.0,98.3,25.0,77,B,Moderately Trustworthy,81.3
CD011885_pub2_data__A17,CD011885,92.0,100.0,70.0,98.3,25.0,77,B,Moderately Trustworthy,81.3
CD015373_pub2_data__A17,CD015373,92.0,100.0,70.0,99.7,25.0,77,B,Moderately Trustworthy,81.3
CD015373_pub2_data__A18,CD015373,92.0,100.0,70.0,99.7,25.0,77,B,Moderately Trustworthy,81.3
CD015373_pub2_data__A19,CD015373,92.0,100.0,70.0,99.7,25.0,77,B,Moderately Trustworthy,81.3
CD011885_pub2_data__A19,CD011885,92.0,100.0,70.0,98.3,25.0,77,B,Moderately Trustworthy,81.3
CD011885_pub2_data__A20,CD011885,92.0,100.0,70.0,98.3,25.0,77,B,Moderately Trustworthy,81.3
CD011885_pub2_data__A21,CD011885,92.0,100.0,70.0,98.3,25.0,77,B,Moderately Trustworthy,81.3
CD011885_pub2_data__A23,CD011885,92.0,100.0,70.0,98.3,25.0,77,B,Moderately Trustworthy,81.3
CD011858_pub2_data__A5,CD011858,92.0,100.0,50.0,93.8,50.0,77,B,Moderately Trustworthy,81.3
CD015551_pub2_data__A1,CD015551,80.0,100.0,30.0,99.8,75.0,77,B,Moderately Trustworthy,81.3
CD015551_pub2_data__A3,CD015551,80.0,100.0,30.0,99.8,75.0,77,B,Moderately Trustworthy,81.3
CD015215_pub2_data__A54,CD015215,92.0,100.0,50.0,90.8,50.0,77,B,Moderately Trustworthy,81.3
CD015215_pub2_data__A9,CD015215,80.0,100.0,40.0,90.8,75.0,77,B,Moderately Trustworthy,81.3
CD014967_pub2_data__A15,CD014967,84.0,100.0,50.0,100.0,50.0,77,B,Moderately Trustworthy,81.3
CD006257_pub2_data__A17,CD006257,92.0,100.0,70.0,99.9,25.0,77,B,Moderately Trustworthy,81.3
CD014967_pub2_data__A9,CD014967,84.0,100.0,50.0,100.0,50.0,77,B,Moderately Trustworthy,81.3
CD009679_pub3_data__A10,CD009679,92.0,100.0,70.0,97.5,25.0,77,B,Moderately Trustworthy,81.3
CD009679_pub3_data__A12,CD009679,92.0,100.0,70.0,97.5,25.0,77,B,Moderately Trustworthy,81.3
CD001533_pub7_data__A2,CD001533,52.0,100.0,50.0,82.1,100.0,77,B,Moderately Trustworthy,81.3
CD013284_pub2_data__A2,CD013284,92.0,100.0,30.0,85.5,75.0,77,B,Moderately Trustworthy,81.3
CD013284_pub2_data__A3,CD013284,92.0,100.0,30.0,85.5,75.0,77,B,Moderately Trustworthy,81.3
CD014960_pub2_data__A8,CD014960,92.0,100.0,70.0,98.3,25.0,77,B,Moderately Trustworthy,81.3
CD014960_pub2_data__A9,CD014960,92.0,100.0,70.0,98.3,25.0,77,B,Moderately Trustworthy,81.3
CD004661_pub4_data__A24,CD004661,92.0,100.0,70.0,100.0,25.0,77,B,Moderately Trustworthy,81.3
CD011858_pub2_data__A1,CD011858,52.0,100.0,40.0,93.8,100.0,77,B,Moderately Trustworthy,81.3
CD011858_pub2_data__A6,CD011858,92.0,100.0,50.0,93.8,50.0,77,B,Moderately Trustworthy,81.3
CD011858_pub2_data__A7,CD011858,92.0,100.0,50.0,93.8,50.0,77,B,Moderately Trustworthy,81.3
CD011858_pub2_data__A8,CD011858,92.0,100.0,50.0,93.8,50.0,77,B,Moderately Trustworthy,81.3
CD011858_pub2_data__A9,CD011858,92.0,100.0,50.0,93.8,50.0,77,B,Moderately Trustworthy,81.3
CD013284_pub2_data__A12,CD013284,92.0,100.0,30.0,85.5,75.0,77,B,Moderately Trustworthy,81.3
CD009298_pub3_data__A36,CD009298,84.0,100.0,80.0,98.3,25.0,77,B,Moderately Trustworthy,81.3
CD009298_pub3_data__A39,CD009298,84.0,100.0,80.0,98.3,25.0,77,B,Moderately Trustworthy,81.3
CD009298_pub3_data__A40,CD009298,84.0,100.0,80.0,98.3,25.0,77,B,Moderately Trustworthy,81.3
CD014960_pub2_data__A4,CD014960,92.0,100.0,70.0,98.3,25.0,77,B,Moderately Trustworthy,81.3
CD014960_pub2_data__A5,CD014960,92.0,100.0,70.0,98.3,25.0,77,B,Moderately Trustworthy,81.3
CD014960_pub2_data__A6,CD014960,92.0,100.0,70.0,98.3,25.0,77,B,Moderately Trustworthy,81.3
CD009679_pub3_data__A1,CD009679,80.0,100.0,10.0,97.5,100.0,77,B,Moderately Trustworthy,81.3
CD010216_pub9_data__A13,CD010216,92.0,100.0,70.0,100.0,25.0,77,B,Moderately Trustworthy,81.3
CD010216_pub9_data__A14,CD010216,92.0,100.0,70.0,100.0,25.0,77,B,Moderately Trustworthy,81.3
CD016147_data__A10,CD016147,92.0,100.0,80.0,90.0,25.0,77,B,Moderately Trustworthy,81.3
CD016278_data__A13,CD016278,92.0,100.0,80.0,87.1,25.0,77,B,Moderately Trustworthy,81.3
CD011575_pub3_data__A9,CD011575,92.0,100.0,70.0,96.1,25.0,77,B,Moderately Trustworthy,81.3
CD011600_pub3_data__A11,CD011600,92.0,100.0,70.0,99.3,25.0,77,B,Moderately Trustworthy,81.3
CD011600_pub3_data__A17,CD011600,92.0,100.0,70.0,99.3,25.0,77,B,Moderately Trustworthy,81.3
CD016211_data__A15,CD016211,92.0,100.0,70.0,99.7,25.0,77,B,Moderately Trustworthy,81.3
CD000143_pub2_data__A3,CD000143,92.0,100.0,70.0,99.8,25.0,77,B,Moderately Trustworthy,81.3
CD000143_pub2_data__A5,CD000143,92.0,100.0,70.0,99.8,25.0,77,B,Moderately Trustworthy,81.3
CD009749_pub3_data__A9,CD009749,84.0,100.0,50.0,99.9,50.0,77,B,Moderately Trustworthy,81.3
CD000143_pub2_data__A7,CD000143,92.0,100.0,70.0,99.8,25.0,77,B,Moderately Trustworthy,81.3
CD000143_pub2_data__A8,CD000143,92.0,100.0,70.0,99.8,25.0,77,B,Moderately Trustworthy,81.3
CD011575_pub3_data__A6,CD011575,92.0,100.0,40.0,96.1,50.0,76,B,Moderately Trustworthy,78.2
CD010216_pub9_data__A16,CD010216,92.0,100.0,40.0,100.0,50.0,76,B,Moderately Trustworthy,78.2
CD009749_pub3_data__A7,CD009749,84.0,70.0,50.0,99.9,75.0,76,B,Moderately Trustworthy,78.2
CD011575_pub3_data__A5,CD011575,92.0,100.0,40.0,96.1,50.0,76,B,Moderately Trustworthy,78.2
CD011575_pub3_data__A4,CD011575,92.0,100.0,40.0,96.1,50.0,76,B,Moderately Trustworthy,78.2
CD011575_pub3_data__A3,CD011575,92.0,100.0,40.0,96.1,50.0,76,B,Moderately Trustworthy,78.2
CD011575_pub3_data__A21,CD011575,92.0,100.0,40.0,96.1,50.0,76,B,Moderately Trustworthy,78.2
CD011575_pub3_data__A20,CD011575,92.0,100.0,40.0,96.1,50.0,76,B,Moderately Trustworthy,78.2
CD015968_data__A17,CD015968,92.0,100.0,80.0,84.6,25.0,76,B,Moderately Trustworthy,78.2
CD015968_data__A16,CD015968,92.0,100.0,80.0,84.6,25.0,76,B,Moderately Trustworthy,78.2
CD015968_data__A15,CD015968,92.0,100.0,80.0,84.6,25.0,76,B,Moderately Trustworthy,78.2
CD015968_data__A14,CD015968,92.0,100.0,80.0,84.6,25.0,76,B,Moderately Trustworthy,78.2
CD015968_data__A13,CD015968,92.0,100.0,80.0,84.6,25.0,76,B,Moderately Trustworthy,78.2
CD011600_pub3_data__A16,CD011600,92.0,100.0,40.0,99.3,50.0,76,B,Moderately Trustworthy,78.2
CD016278_data__A12,CD016278,92.0,100.0,50.0,87.1,50.0,76,B,Moderately Trustworthy,78.2
CD016147_data__A12,CD016147,92.0,100.0,50.0,90.0,50.0,76,B,Moderately Trustworthy,78.2
CD016147_data__A11,CD016147,92.0,100.0,50.0,90.0,50.0,76,B,Moderately Trustworthy,78.2
CD010216_pub9_data__A15,CD010216,92.0,100.0,40.0,100.0,50.0,76,B,Moderately Trustworthy,78.2
CD011575_pub3_data__A7,CD011575,92.0,100.0,40.0,96.1,50.0,76,B,Moderately Trustworthy,78.2
CD004661_pub4_data__A14,CD004661,52.0,100.0,30.0,100.0,100.0,76,B,Moderately Trustworthy,78.2
CD014960_pub2_data__A3,CD014960,92.0,100.0,40.0,98.3,50.0,76,B,Moderately Trustworthy,78.2
CD004661_pub4_data__A10,CD004661,52.0,100.0,30.0,100.0,100.0,76,B,Moderately Trustworthy,78.2
CD004661_pub4_data__A6,CD004661,52.0,100.0,30.0,100.0,100.0,76,B,Moderately Trustworthy,78.2
CD015536_pub2_data__A10,CD015536,52.0,100.0,30.0,99.9,100.0,76,B,Moderately Trustworthy,78.2
CD004661_pub4_data__A26,CD004661,84.0,100.0,70.0,100.0,25.0,76,B,Moderately Trustworthy,78.2
CD004661_pub4_data__A25,CD004661,92.0,100.0,40.0,100.0,50.0,76,B,Moderately Trustworthy,78.2
CD014965_pub2_data__A21,CD014965,84.0,100.0,70.0,99.7,25.0,76,B,Moderately Trustworthy,78.2
CD014965_pub2_data__A17,CD014965,84.0,100.0,70.0,99.7,25.0,76,B,Moderately Trustworthy,78.2
CD004992_pub4_data__A1,CD004992,84.0,100.0,80.0,68.5,50.0,76,B,Moderately Trustworthy,78.2
CD009679_pub3_data__A11,CD009679,92.0,100.0,40.0,97.5,50.0,76,B,Moderately Trustworthy,78.2
CD006257_pub2_data__A12,CD006257,32.0,100.0,50.0,99.9,100.0,76,B,Moderately Trustworthy,78.2
CD004661_pub4_data__A18,CD004661,92.0,100.0,40.0,100.0,50.0,76,B,Moderately Trustworthy,78.2
CD004661_pub4_data__A17,CD004661,92.0,100.0,40.0,100.0,50.0,76,B,Moderately Trustworthy,78.2
CD013764_pub2_data__A2,CD013764,100.0,100.0,30.0,73.7,75.0,76,B,Moderately Trustworthy,78.2
CD013758_pub2_data__A7,CD013758,92.0,100.0,40.0,99.7,50.0,76,B,Moderately Trustworthy,78.2
CD015229_pub2_data__A7,CD015229,44.0,100.0,60.0,99.7,75.0,76,B,Moderately Trustworthy,78.2
CD007491_pub3_data__A1,CD007491,92.0,100.0,40.0,99.8,50.0,76,B,Moderately Trustworthy,78.2
CD011535_pub7_data__A5,CD011535,40.0,100.0,40.0,99.9,100.0,76,B,Moderately Trustworthy,78.2
CD015551_pub2_data__A4,CD015551,92.0,100.0,40.0,99.8,50.0,76,B,Moderately Trustworthy,78.2
CD015350_pub2_data__A2,CD015350,84.0,100.0,50.0,98.2,50.0,76,B,Moderately Trustworthy,78.2
CD011885_pub2_data__A16,CD011885,92.0,100.0,40.0,98.3,50.0,76,B,Moderately Trustworthy,78.2
CD011885_pub2_data__A14,CD011885,92.0,100.0,40.0,98.3,50.0,76,B,Moderately Trustworthy,78.2
CD011885_pub2_data__A11,CD011885,92.0,100.0,40.0,98.3,50.0,76,B,Moderately Trustworthy,78.2
CD011575_pub3_data__A19,CD011575,92.0,100.0,40.0,96.1,50.0,76,B,Moderately Trustworthy,78.2
CD011575_pub3_data__A17,CD011575,92.0,100.0,40.0,96.1,50.0,76,B,Moderately Trustworthy,78.2
CD011575_pub3_data__A16,CD011575,92.0,100.0,40.0,96.1,50.0,76,B,Moderately Trustworthy,78.2
CD011575_pub3_data__A15,CD011575,92.0,100.0,40.0,96.1,50.0,76,B,Moderately Trustworthy,78.2
CD011575_pub3_data__A14,CD011575,92.0,100.0,40.0,96.1,50.0,76,B,Moderately Trustworthy,78.2
CD011575_pub3_data__A13,CD011575,92.0,100.0,40.0,96.1,50.0,76,B,Moderately Trustworthy,78.2
CD011575_pub3_data__A12,CD011575,92.0,100.0,40.0,96.1,50.0,76,B,Moderately Trustworthy,78.2
CD011535_pub7_data__A8,CD011535,40.0,100.0,40.0,99.9,100.0,76,B,Moderately Trustworthy,78.2
CD013745_pub2_data__A4,CD013745,92.0,100.0,80.0,7.0,100.0,76,B,Moderately Trustworthy,78.2
CD013758_pub2_data__A24,CD013758,92.0,100.0,40.0,99.7,50.0,76,B,Moderately Trustworthy,78.2
CD013758_pub2_data__A22,CD013758,92.0,100.0,40.0,99.7,50.0,76,B,Moderately Trustworthy,78.2
CD013758_pub2_data__A12,CD013758,72.0,100.0,10.0,99.7,100.0,76,B,Moderately Trustworthy,78.2
CD007491_pub3_data__A5,CD007491,92.0,100.0,40.0,99.8,50.0,76,B,Moderately Trustworthy,78.2
CD015373_pub2_data__A5,CD015373,92.0,100.0,40.0,99.7,50.0,76,B,Moderately Trustworthy,78.2
CD014960_pub2_data__A2,CD014960,92.0,100.0,40.0,98.3,50.0,76,B,Moderately Trustworthy,78.2
CD010290_pub4_data__A7,CD010290,60.0,100.0,20.0,99.9,100.0,76,B,Moderately Trustworthy,78.2
CD010216_pub9_data__A17,CD010216,92.0,100.0,40.0,100.0,50.0,76,B,Moderately Trustworthy,78.2
CD016031_data__A11,CD016031,92.0,100.0,40.0,97.0,50.0,76,B,Moderately Trustworthy,78.2
CD009298_pub3_data__A31,CD009298,84.0,100.0,50.0,98.3,50.0,76,B,Moderately Trustworthy,78.2
CD015968_data__A11,CD015968,92.0,100.0,80.0,84.6,25.0,76,B,Moderately Trustworthy,78.2
CD015968_data__A10,CD015968,92.0,100.0,80.0,84.6,25.0,76,B,Moderately Trustworthy,78.2
CD011762_pub2_data__A4,CD011762,60.0,100.0,20.0,100.0,100.0,76,B,Moderately Trustworthy,78.2
CD011600_pub3_data__A7,CD011600,92.0,100.0,40.0,99.3,50.0,76,B,Moderately Trustworthy,78.2
CD011689_pub4_data__A3,CD011689,52.0,90.0,40.0,100.0,100.0,76,B,Moderately Trustworthy,78.2
CD010779_pub2_data__A1,CD010779,92.0,100.0,40.0,98.7,50.0,76,B,Moderately Trustworthy,78.2
CD016031_data__A17,CD016031,72.0,100.0,10.0,97.0,100.0,76,B,Moderately Trustworthy,78.2
CD015854_data__A4,CD015854,92.0,100.0,40.0,98.6,50.0,76,B,Moderately Trustworthy,78.2
CD007310_pub3_data__A7,CD007310,44.0,100.0,40.0,95.6,100.0,76,B,Moderately Trustworthy,78.2
CD007310_pub3_data__A16,CD007310,84.0,100.0,50.0,95.6,50.0,76,B,Moderately Trustworthy,78.2
CD010216_pub9_data__A4,CD010216,72.0,100.0,10.0,100.0,100.0,76,B,Moderately Trustworthy,78.2
CD004992_pub4_data__A2,CD004992,84.0,100.0,80.0,68.5,50.0,76,B,Moderately Trustworthy,78.2
CD015373_pub2_data__A1,CD015373,92.0,100.0,40.0,99.7,50.0,76,B,Moderately Trustworthy,78.2
CD016031_data__A7,CD016031,92.0,100.0,40.0,97.0,50.0,76,B,Moderately Trustworthy,78.2
CD016031_data__A21,CD016031,92.0,100.0,40.0,97.0,50.0,76,B,Moderately Trustworthy,78.2
CD006536_pub5_data__A6,CD006536,60.0,100.0,20.0,99.7,100.0,76,B,Moderately Trustworthy,78.2
CD013425_pub2_data__A1,CD013425,40.0,100.0,40.0,99.7,100.0,76,B,Moderately Trustworthy,78.2
CD007310_pub3_data__A10,CD007310,24.0,100.0,60.0,95.6,100.0,76,B,Moderately Trustworthy,78.2
CD013396_pub2_data__A1,CD013396,40.0,100.0,40.0,99.8,100.0,76,B,Moderately Trustworthy,78.2
CD013429_pub2_data__A5,CD013429,92.0,100.0,40.0,99.7,50.0,76,B,Moderately Trustworthy,78.2
CD013429_pub2_data__A10,CD013429,92.0,100.0,40.0,99.7,50.0,76,B,Moderately Trustworthy,78.2
CD003774_pub5_data__A3,CD003774,40.0,100.0,40.0,99.9,100.0,76,B,Moderately Trustworthy,78.2
CD011627_pub3_data__A1,CD011627,52.0,100.0,30.0,99.9,100.0,76,B,Moderately Trustworthy,78.2
CD007784_pub3_data__A7,CD007784,72.0,100.0,60.0,99.9,50.0,76,B,Moderately Trustworthy,78.2
CD015514_pub2_data__A7,CD015514,92.0,100.0,40.0,99.5,50.0,76,B,Moderately Trustworthy,78.2
CD014855_pub2_data__A4,CD014855,72.0,100.0,10.0,99.3,100.0,76,B,Moderately Trustworthy,78.2
CD007809_pub3_data__A21,CD007809,92.0,100.0,80.0,81.4,25.0,76,B,Moderately Trustworthy,78.2
CD009298_pub3_data__A29,CD009298,84.0,100.0,50.0,98.3,50.0,76,B,Moderately Trustworthy,78.2
CD015824_pub2_data__A7,CD015824,100.0,100.0,30.0,76.4,75.0,76,B,Moderately Trustworthy,78.2
CD015373_pub2_data__A13,CD015373,92.0,100.0,40.0,99.7,50.0,76,B,Moderately Trustworthy,78.2
CD015373_pub2_data__A11,CD015373,92.0,100.0,40.0,99.7,50.0,76,B,Moderately Trustworthy,78.2
CD013613_pub2_data__A4,CD013613,100.0,100.0,40.0,92.2,50.0,76,B,Moderately Trustworthy,78.2
CD013613_pub2_data__A3,CD013613,100.0,100.0,40.0,92.2,50.0,76,B,Moderately Trustworthy,78.2
CD013613_pub2_data__A13,CD013613,92.0,100.0,70.0,92.2,25.0,76,B,Moderately Trustworthy,78.2
CD013613_pub2_data__A10,CD013613,100.0,100.0,40.0,92.2,50.0,76,B,Moderately Trustworthy,78.2
CD010966_pub4_data__A4,CD010966,64.0,100.0,20.0,96.0,100.0,76,B,Moderately Trustworthy,78.2
CD003743_pub3_data__A15,CD003743,84.0,100.0,70.0,99.7,25.0,76,B,Moderately Trustworthy,78.2
CD014869_pub2_data__A5,CD014869,92.0,100.0,40.0,99.8,50.0,76,B,Moderately Trustworthy,78.2
CD004703_pub3_data__A4,CD004703,92.0,100.0,40.0,98.8,50.0,76,B,Moderately Trustworthy,78.2
CD004703_pub3_data__A2,CD004703,72.0,100.0,10.0,98.8,100.0,76,B,Moderately Trustworthy,78.2
CD014855_pub2_data__A5,CD014855,72.0,100.0,10.0,99.3,100.0,76,B,Moderately Trustworthy,78.2
CD011885_pub2_data__A42,CD011885,92.0,100.0,40.0,98.3,50.0,76,B,Moderately Trustworthy,78.2
CD015532_data__A7,CD015532,84.0,100.0,30.0,67.4,100.0,76,B,Moderately Trustworthy,78.2
CD015532_data__A2,CD015532,84.0,100.0,30.0,67.4,100.0,76,B,Moderately Trustworthy,78.2
CD015854_data__A10,CD015854,84.0,100.0,70.0,98.6,25.0,76,B,Moderately Trustworthy,78.2
CD013613_pub2_data__A8,CD013613,100.0,100.0,40.0,92.2,50.0,76,B,Moderately Trustworthy,78.2
CD013613_pub2_data__A7,CD013613,100.0,100.0,40.0,92.2,50.0,76,B,Moderately Trustworthy,78.2
CD013613_pub2_data__A6,CD013613,100.0,100.0,40.0,92.2,50.0,76,B,Moderately Trustworthy,78.2
CD013613_pub2_data__A5,CD013613,100.0,100.0,40.0,92.2,50.0,76,B,Moderately Trustworthy,78.2
CD011885_pub2_data__A54,CD011885,92.0,100.0,40.0,98.3,50.0,76,B,Moderately Trustworthy,78.2
CD007895_pub3_data__A4,CD007895,92.0,100.0,40.0,98.3,50.0,76,B,Moderately Trustworthy,78.2
CD007895_pub3_data__A1,CD007895,92.0,100.0,40.0,98.3,50.0,76,B,Moderately Trustworthy,78.2
CD007809_pub3_data__A20,CD007809,92.0,100.0,80.0,81.4,25.0,76,B,Moderately Trustworthy,78.2
CD007809_pub3_data__A19,CD007809,92.0,100.0,80.0,81.4,25.0,76,B,Moderately Trustworthy,78.2
CD007809_pub3_data__A18,CD007809,92.0,100.0,80.0,81.4,25.0,76,B,Moderately Trustworthy,78.2
CD007809_pub3_data__A17,CD007809,92.0,100.0,80.0,81.4,25.0,76,B,Moderately Trustworthy,78.2
CD007809_pub3_data__A16,CD007809,92.0,100.0,80.0,81.4,25.0,76,B,Moderately Trustworthy,78.2
CD013508_pub3_data__A11,CD013508,60.0,100.0,20.0,98.4,100.0,76,B,Moderately Trustworthy,78.2
CD015968_data__A9,CD015968,92.0,100.0,80.0,84.6,25.0,76,B,Moderately Trustworthy,78.2
CD015968_data__A8,CD015968,92.0,100.0,80.0,84.6,25.0,76,B,Moderately Trustworthy,78.2
CD011044_pub3_data__A2,CD011044,60.0,100.0,20.0,99.9,100.0,76,B,Moderately Trustworthy,78.2
CD013429_pub2_data__A9,CD013429,92.0,100.0,40.0,99.7,50.0,76,B,Moderately Trustworthy,78.2
CD007026_pub7_data__A5,CD007026,92.0,100.0,40.0,99.4,50.0,76,B,Moderately Trustworthy,78.2
CD007026_pub7_data__A4,CD007026,72.0,100.0,10.0,99.4,100.0,76,B,Moderately Trustworthy,78.2
CD007026_pub7_data__A1,CD007026,72.0,100.0,10.0,99.4,100.0,76,B,Moderately Trustworthy,78.2
CD013561_pub2_data__A7,CD013561,84.0,100.0,70.0,99.7,25.0,76,B,Moderately Trustworthy,78.2
CD013561_pub2_data__A5,CD013561,84.0,100.0,70.0,99.7,25.0,76,B,Moderately Trustworthy,78.2
CD011575_pub3_data__A2,CD011575,92.0,100.0,40.0,96.1,50.0,76,B,Moderately Trustworthy,78.2
CD007809_pub3_data__A15,CD007809,92.0,100.0,80.0,81.4,25.0,76,B,Moderately Trustworthy,78.2
CD007809_pub3_data__A14,CD007809,92.0,100.0,80.0,81.4,25.0,76,B,Moderately Trustworthy,78.2
CD015524_pub2_data__A15,CD015524,92.0,100.0,50.0,62.2,75.0,76,B,Moderately Trustworthy,78.2
CD015524_pub2_data__A14,CD015524,92.0,100.0,50.0,62.2,75.0,76,B,Moderately Trustworthy,78.2
CD015524_pub2_data__A12,CD015524,92.0,100.0,50.0,62.2,75.0,76,B,Moderately Trustworthy,78.2
CD005595_pub4_data__A6,CD005595,60.0,100.0,20.0,99.8,100.0,76,B,Moderately Trustworthy,78.2
CD007859_pub5_data__A7,CD007859,84.0,100.0,50.0,96.9,50.0,76,B,Moderately Trustworthy,78.2
CD011885_pub2_data__A53,CD011885,92.0,100.0,40.0,98.3,50.0,76,B,Moderately Trustworthy,78.2
CD011885_pub2_data__A49,CD011885,92.0,100.0,40.0,98.3,50.0,76,B,Moderately Trustworthy,78.2
CD002052_pub4_data__A9,CD002052,92.0,100.0,80.0,80.9,25.0,76,B,Moderately Trustworthy,78.2
CD002052_pub4_data__A7,CD002052,100.0,100.0,50.0,80.9,50.0,76,B,Moderately Trustworthy,78.2
CD012642_pub2_data__A2,CD012642,56.0,100.0,60.0,88.9,75.0,76,B,Moderately Trustworthy,78.2
CD013827_pub2_data__A6,CD013827,92.0,100.0,90.0,0.2,100.0,76,B,Moderately Trustworthy,78.2
CD014811_pub2_data__A3,CD014811,100.0,100.0,50.0,80.7,50.0,76,B,Moderately Trustworthy,78.2
CD012635_pub2_data__A6,CD012635,100.0,100.0,40.0,65.0,75.0,76,B,Moderately Trustworthy,78.2
CD015524_pub2_data__A18,CD015524,92.0,100.0,50.0,62.2,75.0,76,B,Moderately Trustworthy,78.2
CD015524_pub2_data__A17,CD015524,92.0,100.0,50.0,62.2,75.0,76,B,Moderately Trustworthy,78.2
CD015524_pub2_data__A16,CD015524,92.0,100.0,50.0,62.2,75.0,76,B,Moderately Trustworthy,78.2
CD012635_pub2_data__A1,CD012635,100.0,100.0,40.0,65.0,75.0,76,B,Moderately Trustworthy,78.2
CD002052_pub4_data__A12,CD002052,92.0,100.0,80.0,80.9,25.0,76,B,Moderately Trustworthy,78.2
CD013613_pub2_data__A1,CD013613,100.0,100.0,40.0,92.2,50.0,76,B,Moderately Trustworthy,78.2
CD013595_pub2_data__A2,CD013595,100.0,100.0,80.0,27.0,75.0,76,B,Moderately Trustworthy,78.2
CD015968_data__A20,CD015968,92.0,100.0,80.0,84.6,25.0,76,B,Moderately Trustworthy,78.2
CD015968_data__A19,CD015968,92.0,100.0,80.0,84.6,25.0,76,B,Moderately Trustworthy,78.2
CD015968_data__A18,CD015968,92.0,100.0,80.0,84.6,25.0,76,B,Moderately Trustworthy,78.2
CD003598_pub3_data__A5,CD003598,72.0,100.0,10.0,99.9,100.0,76,B,Moderately Trustworthy,78.2
CD003598_pub3_data__A30,CD003598,92.0,100.0,40.0,99.9,50.0,76,B,Moderately Trustworthy,78.2
CD003743_pub3_data__A12,CD003743,92.0,100.0,40.0,99.7,50.0,76,B,Moderately Trustworthy,78.2
CD015968_data__A12,CD015968,92.0,100.0,80.0,84.6,25.0,76,B,Moderately Trustworthy,78.2
CD016278_data__A19,CD016278,92.0,100.0,50.0,87.1,50.0,76,B,Moderately Trustworthy,78.2
CD016278_data__A17,CD016278,92.0,100.0,50.0,87.1,50.0,76,B,Moderately Trustworthy,78.2
CD016278_data__A16,CD016278,92.0,100.0,50.0,87.1,50.0,76,B,Moderately Trustworthy,78.2
CD016278_data__A15,CD016278,92.0,100.0,50.0,87.1,50.0,76,B,Moderately Trustworthy,78.2
CD016278_data__A14,CD016278,92.0,100.0,50.0,87.1,50.0,76,B,Moderately Trustworthy,78.2
CD013508_pub3_data__A9,CD013508,60.0,100.0,20.0,98.4,100.0,76,B,Moderately Trustworthy,78.2
CD002052_pub4_data__A11,CD002052,92.0,100.0,80.0,80.9,25.0,76,B,Moderately Trustworthy,78.2
CD002052_pub4_data__A10,CD002052,92.0,100.0,80.0,80.9,25.0,76,B,Moderately Trustworthy,78.2
CD002042_pub6_data__A26,CD002042,60.0,100.0,20.0,99.6,100.0,76,B,Moderately Trustworthy,78.2
CD015524_pub2_data__A10,CD015524,92.0,100.0,50.0,62.2,75.0,76,B,Moderately Trustworthy,78.2
CD012642_pub2_data__A3,CD012642,56.0,100.0,60.0,88.9,75.0,76,B,Moderately Trustworthy,78.2
CD016278_data__A7,CD016278,92.0,100.0,50.0,87.1,50.0,76,B,Moderately Trustworthy,78.2
CD016278_data__A6,CD016278,92.0,100.0,50.0,87.1,50.0,76,B,Moderately Trustworthy,78.2
CD010145_pub2_data__A4,CD010145,76.0,100.0,90.0,39.5,75.0,76,B,Moderately Trustworthy,78.2
CD011575_pub3_data__A8,CD011575,92.0,100.0,40.0,96.1,50.0,76,B,Moderately Trustworthy,78.2
CD016211_data__A17,CD016211,92.0,100.0,40.0,99.7,50.0,76,B,Moderately Trustworthy,78.2
CD016211_data__A3,CD016211,92.0,100.0,40.0,99.7,50.0,76,B,Moderately Trustworthy,78.2
CD016278_data__A8,CD016278,92.0,100.0,50.0,87.1,50.0,76,B,Moderately Trustworthy,78.2
CD016131_data__A5,CD016131,72.0,100.0,10.0,92.8,100.0,75,B,Moderately Trustworthy,75.9
CD010216_pub9_data__A12,CD010216,84.0,100.0,40.0,100.0,50.0,75,B,Moderately Trustworthy,75.9
CD016147_data__A2,CD016147,72.0,100.0,40.0,90.0,75.0,75,B,Moderately Trustworthy,75.9
CD009945_pub3_data__A3,CD009945,92.0,100.0,60.0,99.4,25.0,75,B,Moderately Trustworthy,75.9
CD016278_data__A2,CD016278,84.0,100.0,80.0,87.1,25.0,75,B,Moderately Trustworthy,75.9
CD012642_pub2_data__A8,CD012642,92.0,100.0,70.0,88.9,25.0,75,B,Moderately Trustworthy,75.9
CD001920_pub4_data__A10,CD001920,80.0,100.0,20.0,99.1,75.0,75,B,Moderately Trustworthy,75.9
CD011197_pub3_data__A3,CD011197,64.0,100.0,60.0,99.5,50.0,75,B,Moderately Trustworthy,75.9
CD002052_pub4_data__A1,CD002052,92.0,100.0,50.0,80.9,50.0,75,B,Moderately Trustworthy,75.9
CD014762_pub2_data__A5,CD014762,84.0,100.0,40.0,99.9,50.0,75,B,Moderately Trustworthy,75.9
CD012570_pub2_data__A6,CD012570,92.0,100.0,30.0,54.8,100.0,75,B,Moderately Trustworthy,75.9
CD012642_pub2_data__A10,CD012642,92.0,100.0,70.0,88.9,25.0,75,B,Moderately Trustworthy,75.9
CD012570_pub2_data__A5,CD012570,92.0,100.0,30.0,54.8,100.0,75,B,Moderately Trustworthy,75.9
CD012426_pub2_data__A5,CD012426,84.0,100.0,40.0,99.0,50.0,75,B,Moderately Trustworthy,75.9
CD012642_pub2_data__A11,CD012642,92.0,100.0,70.0,88.9,25.0,75,B,Moderately Trustworthy,75.9
CD014792_pub2_data__A8,CD014792,60.0,100.0,40.0,99.8,75.0,75,B,Moderately Trustworthy,75.9
CD007809_pub3_data__A8,CD007809,92.0,100.0,50.0,81.4,50.0,75,B,Moderately Trustworthy,75.9
CD007809_pub3_data__A9,CD007809,92.0,100.0,50.0,81.4,50.0,75,B,Moderately Trustworthy,75.9
CD013816_pub2_data__A18,CD013816,92.0,100.0,60.0,99.6,25.0,75,B,Moderately Trustworthy,75.9
CD013816_pub2_data__A2,CD013816,80.0,100.0,20.0,99.6,75.0,75,B,Moderately Trustworthy,75.9
CD009235_pub4_data__A16,CD009235,92.0,100.0,80.0,2.1,100.0,75,B,Moderately Trustworthy,75.9
CD009235_pub4_data__A19,CD009235,92.0,100.0,80.0,2.1,100.0,75,B,Moderately Trustworthy,75.9
CD007809_pub3_data__A7,CD007809,92.0,100.0,50.0,81.4,50.0,75,B,Moderately Trustworthy,75.9
CD002052_pub4_data__A2,CD002052,92.0,100.0,50.0,80.9,50.0,75,B,Moderately Trustworthy,75.9
CD008176_pub3_data__A5,CD008176,92.0,100.0,80.0,0.5,100.0,75,B,Moderately Trustworthy,75.9
CD005951_pub5_data__A6,CD005951,84.0,100.0,40.0,99.1,50.0,75,B,Moderately Trustworthy,75.9
CD005187_pub6_data__A5,CD005187,92.0,100.0,80.0,3.5,100.0,75,B,Moderately Trustworthy,75.9
CD013816_pub2_data__A9,CD013816,80.0,100.0,20.0,99.6,75.0,75,B,Moderately Trustworthy,75.9
CD014944_pub2_data__A3,CD014944,92.0,100.0,60.0,99.8,25.0,75,B,Moderately Trustworthy,75.9
CD011885_pub2_data__A13,CD011885,84.0,100.0,70.0,98.3,25.0,75,B,Moderately Trustworthy,75.9
CD014944_pub2_data__A5,CD014944,92.0,100.0,60.0,99.8,25.0,75,B,Moderately Trustworthy,75.9
CD014944_pub2_data__A4,CD014944,92.0,100.0,60.0,99.8,25.0,75,B,Moderately Trustworthy,75.9
CD006124_pub3_data__A6,CD006124,80.0,100.0,10.0,87.2,100.0,75,B,Moderately Trustworthy,75.9
CD011885_pub2_data__A15,CD011885,84.0,100.0,70.0,98.3,25.0,75,B,Moderately Trustworthy,75.9
CD016031_data__A8,CD016031,72.0,100.0,30.0,97.0,75.0,75,B,Moderately Trustworthy,75.9
CD013830_pub2_data__A3,CD013830,64.0,100.0,60.0,99.9,50.0,75,B,Moderately Trustworthy,75.9
CD013874_pub3_data__A1,CD013874,60.0,45.0,70.0,99.5,100.0,75,B,Moderately Trustworthy,75.9
CD013830_pub2_data__A20,CD013830,64.0,100.0,60.0,99.9,50.0,75,B,Moderately Trustworthy,75.9
CD006023_pub4_data__A9,CD006023,52.0,100.0,50.0,73.8,100.0,75,B,Moderately Trustworthy,75.9
CD016031_data__A5,CD016031,72.0,100.0,30.0,97.0,75.0,75,B,Moderately Trustworthy,75.9
CD015532_data__A4,CD015532,76.0,100.0,30.0,67.4,100.0,75,B,Moderately Trustworthy,75.9
CD014869_pub2_data__A4,CD014869,84.0,100.0,40.0,99.8,50.0,75,B,Moderately Trustworthy,75.9
CD007809_pub3_data__A13,CD007809,92.0,100.0,50.0,81.4,50.0,75,B,Moderately Trustworthy,75.9
CD007809_pub3_data__A10,CD007809,92.0,100.0,50.0,81.4,50.0,75,B,Moderately Trustworthy,75.9
CD006023_pub4_data__A4,CD006023,72.0,80.0,50.0,73.8,100.0,75,B,Moderately Trustworthy,75.9
CD007784_pub3_data__A6,CD007784,60.0,100.0,40.0,99.9,75.0,75,B,Moderately Trustworthy,75.9
CD007809_pub3_data__A4,CD007809,72.0,100.0,20.0,81.4,100.0,75,B,Moderately Trustworthy,75.9
CD009235_pub4_data__A9,CD009235,92.0,100.0,80.0,2.1,100.0,75,B,Moderately Trustworthy,75.9
CD013874_pub3_data__A4,CD013874,52.0,65.0,60.0,99.5,100.0,75,B,Moderately Trustworthy,75.9
CD003594_pub7_data__A1,CD003594,64.0,75.0,50.0,87.5,100.0,75,B,Moderately Trustworthy,75.9
CD015968_data__A3,CD015968,92.0,100.0,50.0,84.6,50.0,75,B,Moderately Trustworthy,75.9
CD013539_pub2_data__A2,CD013539,92.0,100.0,40.0,93.1,50.0,75,B,Moderately Trustworthy,75.9
CD006689_pub3_data__A1,CD006689,92.0,100.0,80.0,1.8,100.0,75,B,Moderately Trustworthy,75.9
CD013429_pub2_data__A2,CD013429,44.0,100.0,30.0,99.7,100.0,75,B,Moderately Trustworthy,75.9
CD006982_pub5_data__A6,CD006982,92.0,100.0,60.0,98.3,25.0,75,B,Moderately Trustworthy,75.9
CD015749_pub2_data__A8,CD015749,92.0,100.0,70.0,86.9,25.0,75,B,Moderately Trustworthy,75.9
CD013429_pub2_data__A1,CD013429,44.0,100.0,30.0,99.7,100.0,75,B,Moderately Trustworthy,75.9
CD003743_pub3_data__A16,CD003743,84.0,100.0,40.0,99.7,50.0,75,B,Moderately Trustworthy,75.9
CD010966_pub4_data__A10,CD010966,60.0,100.0,20.0,96.0,100.0,75,B,Moderately Trustworthy,75.9
CD000028_pub4_data__A4,CD000028,92.0,100.0,80.0,4.5,100.0,75,B,Moderately Trustworthy,75.9
CD001703_pub4_data__A27,CD001703,92.0,100.0,80.0,0.5,100.0,75,B,Moderately Trustworthy,75.9
CD015855_data__A4,CD015855,68.0,100.0,80.0,50.0,75.0,75,B,Moderately Trustworthy,75.9
CD014678_pub2_data__A6,CD014678,92.0,100.0,80.0,2.4,100.0,75,B,Moderately Trustworthy,75.9
CD014585_pub2_data__A2,CD014585,92.0,100.0,80.0,0.9,100.0,75,B,Moderately Trustworthy,75.9
CD011851_pub3_data__A7,CD011851,100.0,100.0,40.0,58.5,75.0,75,B,Moderately Trustworthy,75.9
CD011851_pub3_data__A6,CD011851,100.0,100.0,40.0,58.5,75.0,75,B,Moderately Trustworthy,75.9
CD011851_pub3_data__A10,CD011851,100.0,100.0,40.0,58.5,75.0,75,B,Moderately Trustworthy,75.9
CD011851_pub3_data__A9,CD011851,100.0,100.0,40.0,58.5,75.0,75,B,Moderately Trustworthy,75.9
CD009235_pub4_data__A11,CD009235,92.0,100.0,80.0,2.1,100.0,75,B,Moderately Trustworthy,75.9
CD011575_pub3_data__A10,CD011575,84.0,100.0,70.0,96.1,25.0,75,B,Moderately Trustworthy,75.9
CD006257_pub2_data__A11,CD006257,44.0,100.0,30.0,99.9,100.0,75,B,Moderately Trustworthy,75.9
CD009235_pub4_data__A13,CD009235,92.0,100.0,80.0,2.1,100.0,75,B,Moderately Trustworthy,75.9
CD011851_pub3_data__A11,CD011851,100.0,100.0,40.0,58.5,75.0,75,B,Moderately Trustworthy,75.9
CD015536_pub2_data__A9,CD015536,64.0,100.0,10.0,99.9,100.0,75,B,Moderately Trustworthy,75.9
CD009235_pub4_data__A22,CD009235,92.0,100.0,80.0,2.1,100.0,75,B,Moderately Trustworthy,75.9
CD006404_pub5_data__A1,CD006404,92.0,100.0,80.0,0.8,100.0,75,B,Moderately Trustworthy,75.9
CD004661_pub4_data__A13,CD004661,24.0,100.0,50.0,100.0,100.0,75,B,Moderately Trustworthy,75.9
CD001533_pub7_data__A3,CD001533,44.0,100.0,50.0,82.1,100.0,75,B,Moderately Trustworthy,75.9
CD014722_pub2_data__A21,CD014722,92.0,100.0,60.0,96.6,25.0,75,B,Moderately Trustworthy,75.9
CD014722_pub2_data__A16,CD014722,92.0,100.0,60.0,96.6,25.0,75,B,Moderately Trustworthy,75.9
CD011851_pub3_data__A4,CD011851,100.0,100.0,40.0,58.5,75.0,75,B,Moderately Trustworthy,75.9
CD004661_pub4_data__A22,CD004661,84.0,100.0,40.0,100.0,50.0,75,B,Moderately Trustworthy,75.9
CD011851_pub3_data__A3,CD011851,100.0,100.0,40.0,58.5,75.0,75,B,Moderately Trustworthy,75.9
CD009298_pub3_data__A33,CD009298,60.0,100.0,40.0,98.3,75.0,75,B,Moderately Trustworthy,75.9
CD008469_pub3_data__A6,CD008469,56.0,100.0,20.0,100.0,100.0,75,B,Moderately Trustworthy,75.9
CD008469_pub3_data__A5,CD008469,92.0,100.0,60.0,100.0,25.0,75,B,Moderately Trustworthy,75.9
CD011885_pub2_data__A22,CD011885,84.0,100.0,70.0,98.3,25.0,75,B,Moderately Trustworthy,75.9
CD015332_pub2_data__A25,CD015332,100.0,100.0,50.0,99.9,25.0,75,B,Moderately Trustworthy,75.9
CD015332_pub2_data__A41,CD015332,100.0,100.0,50.0,99.9,25.0,75,B,Moderately Trustworthy,75.9
CD015332_pub2_data__A18,CD015332,100.0,100.0,50.0,99.9,25.0,75,B,Moderately Trustworthy,75.9
CD015332_pub2_data__A14,CD015332,100.0,100.0,50.0,99.9,25.0,75,B,Moderately Trustworthy,75.9
CD001909_pub4_data__A6,CD001909,64.0,100.0,60.0,99.6,50.0,75,B,Moderately Trustworthy,75.9
CD013874_pub3_data__A8,CD013874,60.0,100.0,40.0,99.5,75.0,75,B,Moderately Trustworthy,75.9
CD004925_pub4_data__A2,CD004925,92.0,100.0,80.0,0.7,100.0,75,B,Moderately Trustworthy,75.9
CD004904_pub4_data__A3,CD004904,92.0,100.0,60.0,99.7,25.0,75,B,Moderately Trustworthy,75.9
CD003774_pub5_data__A17,CD003774,64.0,100.0,60.0,99.9,50.0,75,B,Moderately Trustworthy,75.9
CD011689_pub4_data__A11,CD011689,16.0,100.0,60.0,100.0,100.0,75,B,Moderately Trustworthy,75.9
CD004904_pub4_data__A2,CD004904,92.0,100.0,60.0,99.7,25.0,75,B,Moderately Trustworthy,75.9
CD013539_pub2_data__A11,CD013539,72.0,100.0,10.0,93.1,100.0,75,B,Moderately Trustworthy,75.9
CD003594_pub7_data__A7,CD003594,92.0,100.0,70.0,87.5,25.0,75,B,Moderately Trustworthy,75.9
CD015968_data__A7,CD015968,92.0,100.0,50.0,84.6,50.0,75,B,Moderately Trustworthy,75.9
CD003598_pub3_data__A29,CD003598,84.0,100.0,40.0,99.9,50.0,75,B,Moderately Trustworthy,75.9
CD011885_pub2_data__A25,CD011885,84.0,100.0,40.0,98.3,50.0,74,B,Moderately Trustworthy,74.2
CD015387_pub2_data__A5,CD015387,92.0,100.0,80.0,0.2,100.0,74,B,Moderately Trustworthy,74.2
CD013816_pub2_data__A16,CD013816,92.0,100.0,30.0,99.6,50.0,74,B,Moderately Trustworthy,74.2
CD014944_pub2_data__A1,CD014944,52.0,100.0,20.0,99.8,100.0,74,B,Moderately Trustworthy,74.2
CD016001_data__A8,CD016001,92.0,100.0,80.0,50.0,50.0,74,B,Moderately Trustworthy,74.2
CD011885_pub2_data__A10,CD011885,84.0,100.0,40.0,98.3,50.0,74,B,Moderately Trustworthy,74.2
CD001909_pub4_data__A2,CD001909,32.0,100.0,40.0,99.6,100.0,74,B,Moderately Trustworthy,74.2
CD013816_pub2_data__A10,CD013816,92.0,100.0,30.0,99.6,50.0,74,B,Moderately Trustworthy,74.2
CD006140_pub3_data__A10,CD006140,92.0,100.0,80.0,0.3,100.0,74,B,Moderately Trustworthy,74.2
CD006124_pub3_data__A4,CD006124,52.0,100.0,30.0,87.2,100.0,74,B,Moderately Trustworthy,74.2
CD013789_pub2_data__A16,CD013789,60.0,100.0,10.0,99.4,100.0,74,B,Moderately Trustworthy,74.2
CD013789_pub2_data__A6,CD013789,60.0,100.0,10.0,99.4,100.0,74,B,Moderately Trustworthy,74.2
CD013816_pub2_data__A6,CD013816,92.0,100.0,30.0,99.6,50.0,74,B,Moderately Trustworthy,74.2
CD013816_pub2_data__A5,CD013816,92.0,100.0,30.0,99.6,50.0,74,B,Moderately Trustworthy,74.2
CD013023_pub2_data__A4,CD013023,92.0,100.0,30.0,50.0,100.0,74,B,Moderately Trustworthy,74.2
CD013023_pub2_data__A3,CD013023,92.0,100.0,30.0,50.0,100.0,74,B,Moderately Trustworthy,74.2
CD013023_pub2_data__A2,CD013023,92.0,100.0,30.0,50.0,100.0,74,B,Moderately Trustworthy,74.2
CD007809_pub3_data__A11,CD007809,84.0,100.0,80.0,81.4,25.0,74,B,Moderately Trustworthy,74.2
CD002971_pub6_data__A1,CD002971,92.0,100.0,80.0,0.3,100.0,74,B,Moderately Trustworthy,74.2
CD015524_pub2_data__A4,CD015524,84.0,100.0,50.0,62.2,75.0,74,B,Moderately Trustworthy,74.2
CD015495_data__A1,CD015495,72.0,100.0,50.0,50.0,100.0,74,B,Moderately Trustworthy,74.2
CD007859_pub5_data__A4,CD007859,52.0,100.0,20.0,96.9,100.0,74,B,Moderately Trustworthy,74.2
CD012635_pub2_data__A5,CD012635,92.0,100.0,40.0,65.0,75.0,74,B,Moderately Trustworthy,74.2
CD012635_pub2_data__A2,CD012635,92.0,100.0,40.0,65.0,75.0,74,B,Moderately Trustworthy,74.2
CD012572_pub3_data__A9,CD012572,100.0,100.0,40.0,56.0,75.0,74,B,Moderately Trustworthy,74.2
CD012572_pub3_data__A8,CD012572,100.0,100.0,40.0,56.0,75.0,74,B,Moderately Trustworthy,74.2
CD004953_pub5_data__A11,CD004953,100.0,100.0,30.0,92.4,50.0,74,B,Moderately Trustworthy,74.2
CD001920_pub4_data__A7,CD001920,72.0,80.0,20.0,99.1,100.0,74,B,Moderately Trustworthy,74.2
CD012572_pub3_data__A10,CD012572,100.0,100.0,40.0,56.0,75.0,74,B,Moderately Trustworthy,74.2
CD012572_pub3_data__A11,CD012572,100.0,100.0,40.0,56.0,75.0,74,B,Moderately Trustworthy,74.2
CD012572_pub3_data__A7,CD012572,100.0,100.0,40.0,56.0,75.0,74,B,Moderately Trustworthy,74.2
CD012572_pub3_data__A6,CD012572,100.0,100.0,40.0,56.0,75.0,74,B,Moderately Trustworthy,74.2
CD012067_pub3_data__A6,CD012067,92.0,100.0,80.0,0.3,100.0,74,B,Moderately Trustworthy,74.2
CD013816_pub2_data__A8,CD013816,92.0,100.0,30.0,99.6,50.0,74,B,Moderately Trustworthy,74.2
CD013834_pub2_data__A3,CD013834,92.0,100.0,30.0,99.8,50.0,74,B,Moderately Trustworthy,74.2
CD013834_pub2_data__A4,CD013834,92.0,100.0,30.0,99.8,50.0,74,B,Moderately Trustworthy,74.2
CD005133_pub4_data__A6,CD005133,92.0,100.0,30.0,98.8,50.0,74,B,Moderately Trustworthy,74.2
CD016058_pub2_data__A2,CD016058,92.0,100.0,30.0,50.0,100.0,74,B,Moderately Trustworthy,74.2
CD013816_pub2_data__A19,CD013816,92.0,100.0,30.0,99.6,50.0,74,B,Moderately Trustworthy,74.2
CD013816_pub2_data__A17,CD013816,92.0,100.0,30.0,99.6,50.0,74,B,Moderately Trustworthy,74.2
CD015524_pub2_data__A11,CD015524,84.0,100.0,50.0,62.2,75.0,74,B,Moderately Trustworthy,74.2
CD002042_pub6_data__A3,CD002042,32.0,100.0,40.0,99.6,100.0,74,B,Moderately Trustworthy,74.2
CD002112_pub2_data__A3,CD002112,92.0,100.0,80.0,0.1,100.0,74,B,Moderately Trustworthy,74.2
CD005566_pub4_data__A4,CD005566,32.0,100.0,40.0,99.5,100.0,74,B,Moderately Trustworthy,74.2
CD008709_pub4_data__A18,CD008709,92.0,100.0,30.0,46.4,100.0,74,B,Moderately Trustworthy,74.2
CD008709_pub4_data__A13,CD008709,92.0,100.0,30.0,46.4,100.0,74,B,Moderately Trustworthy,74.2
CD013816_pub2_data__A12,CD013816,92.0,100.0,30.0,99.6,50.0,74,B,Moderately Trustworthy,74.2
CD013816_pub2_data__A11,CD013816,92.0,100.0,30.0,99.6,50.0,74,B,Moderately Trustworthy,74.2
CD007388_pub3_data__A2,CD007388,92.0,100.0,30.0,50.0,100.0,74,B,Moderately Trustworthy,74.2
CD013303_pub2_data__A4,CD013303,92.0,100.0,30.0,50.0,100.0,74,B,Moderately Trustworthy,74.2
CD013278_pub3_data__A3,CD013278,64.0,100.0,80.0,26.0,100.0,74,B,Moderately Trustworthy,74.2
CD004661_pub4_data__A8,CD004661,60.0,100.0,10.0,100.0,100.0,74,B,Moderately Trustworthy,74.2
CD004661_pub4_data__A5,CD004661,60.0,100.0,10.0,100.0,100.0,74,B,Moderately Trustworthy,74.2
CD011866_pub3_data__A4,CD011866,32.0,100.0,40.0,99.8,100.0,74,B,Moderately Trustworthy,74.2
CD015875_data__A32,CD015875,92.0,100.0,80.0,50.0,50.0,74,B,Moderately Trustworthy,74.2
CD015087_pub2_data__A16,CD015087,100.0,100.0,40.0,77.6,50.0,74,B,Moderately Trustworthy,74.2
CD015673_pub2_data__A2,CD015673,32.0,100.0,40.0,99.9,100.0,74,B,Moderately Trustworthy,74.2
CD007388_pub3_data__A3,CD007388,92.0,100.0,30.0,50.0,100.0,74,B,Moderately Trustworthy,74.2
CD011535_pub7_data__A7,CD011535,32.0,100.0,40.0,99.9,100.0,74,B,Moderately Trustworthy,74.2
CD006257_pub2_data__A13,CD006257,60.0,100.0,10.0,99.9,100.0,74,B,Moderately Trustworthy,74.2
CD015215_pub2_data__A52,CD015215,60.0,100.0,20.0,90.8,100.0,74,B,Moderately Trustworthy,74.2
CD007388_pub3_data__A1,CD007388,92.0,100.0,30.0,50.0,100.0,74,B,Moderately Trustworthy,74.2
CD013789_pub2_data__A12,CD013789,60.0,100.0,10.0,99.4,100.0,74,B,Moderately Trustworthy,74.2
CD013789_pub2_data__A13,CD013789,60.0,100.0,10.0,99.4,100.0,74,B,Moderately Trustworthy,74.2
CD013789_pub2_data__A15,CD013789,60.0,100.0,10.0,99.4,100.0,74,B,Moderately Trustworthy,74.2
CD011535_pub7_data__A6,CD011535,32.0,100.0,40.0,99.9,100.0,74,B,Moderately Trustworthy,74.2
CD007388_pub3_data__A5,CD007388,92.0,100.0,30.0,50.0,100.0,74,B,Moderately Trustworthy,74.2
CD015219_pub2_data__A12,CD015219,92.0,100.0,80.0,0.1,100.0,74,B,Moderately Trustworthy,74.2
CD015229_pub2_data__A2,CD015229,80.0,100.0,40.0,99.7,50.0,74,B,Moderately Trustworthy,74.2
CD013764_pub2_data__A1,CD013764,92.0,100.0,30.0,73.7,75.0,74,B,Moderately Trustworthy,74.2
CD013816_pub2_data__A15,CD013816,92.0,100.0,30.0,99.6,50.0,74,B,Moderately Trustworthy,74.2
CD015588_pub2_data__A44,CD015588,92.0,100.0,80.0,0.1,100.0,74,B,Moderately Trustworthy,74.2
CD013816_pub2_data__A13,CD013816,92.0,100.0,30.0,99.6,50.0,74,B,Moderately Trustworthy,74.2
CD011841_pub3_data__A7,CD011841,92.0,100.0,70.0,81.4,25.0,74,B,Moderately Trustworthy,74.2
CD008628_pub3_data__A3,CD008628,92.0,100.0,40.0,60.9,75.0,74,B,Moderately Trustworthy,74.2
CD011866_pub3_data__A2,CD011866,52.0,100.0,20.0,99.8,100.0,74,B,Moderately Trustworthy,74.2
CD011885_pub2_data__A18,CD011885,84.0,100.0,40.0,98.3,50.0,74,B,Moderately Trustworthy,74.2
CD008709_pub4_data__A16,CD008709,92.0,100.0,30.0,46.4,100.0,74,B,Moderately Trustworthy,74.2
CD008709_pub4_data__A17,CD008709,92.0,100.0,30.0,46.4,100.0,74,B,Moderately Trustworthy,74.2
CD014722_pub2_data__A3,CD014722,72.0,100.0,0.0,96.6,100.0,74,B,Moderately Trustworthy,74.2
CD014624_pub2_data__A3,CD014624,92.0,100.0,80.0,0.1,100.0,74,B,Moderately Trustworthy,74.2
CD011806_pub2_data__A18,CD011806,92.0,100.0,30.0,50.0,100.0,74,B,Moderately Trustworthy,74.2
CD013748_pub2_data__A3,CD013748,92.0,100.0,30.0,74.2,75.0,74,B,Moderately Trustworthy,74.2
CD016002_data__A1,CD016002,92.0,100.0,30.0,50.0,100.0,74,B,Moderately Trustworthy,74.2
CD001533_pub7_data__A6,CD001533,92.0,100.0,70.0,82.1,25.0,74,B,Moderately Trustworthy,74.2
CD015875_data__A33,CD015875,92.0,100.0,80.0,50.0,50.0,74,B,Moderately Trustworthy,74.2
CD010966_pub4_data__A7,CD010966,32.0,100.0,40.0,96.0,100.0,74,B,Moderately Trustworthy,74.2
CD014574_pub2_data__A1,CD014574,92.0,100.0,80.0,50.0,50.0,74,B,Moderately Trustworthy,74.2
CD004904_pub4_data__A1,CD004904,92.0,100.0,30.0,99.7,50.0,74,B,Moderately Trustworthy,74.2
CD015875_data__A31,CD015875,92.0,100.0,80.0,50.0,50.0,74,B,Moderately Trustworthy,74.2
CD010861_pub3_data__A2,CD010861,72.0,100.0,50.0,50.0,100.0,74,B,Moderately Trustworthy,74.2
CD004376_pub4_data__A2,CD004376,52.0,50.0,70.0,99.7,100.0,74,B,Moderately Trustworthy,74.2
CD011689_pub4_data__A20,CD011689,32.0,100.0,40.0,100.0,100.0,74,B,Moderately Trustworthy,74.2
CD015588_pub2_data__A53,CD015588,92.0,100.0,80.0,0.1,100.0,74,B,Moderately Trustworthy,74.2
CD015875_data__A30,CD015875,92.0,100.0,80.0,50.0,50.0,74,B,Moderately Trustworthy,74.2
CD010861_pub3_data__A1,CD010861,92.0,100.0,30.0,50.0,100.0,74,B,Moderately Trustworthy,74.2
CD011806_pub2_data__A17,CD011806,92.0,100.0,30.0,50.0,100.0,74,B,Moderately Trustworthy,74.2
CD014624_pub2_data__A5,CD014624,92.0,100.0,80.0,0.1,100.0,74,B,Moderately Trustworthy,74.2
CD013874_pub3_data__A2,CD013874,60.0,90.0,20.0,99.5,100.0,74,B,Moderately Trustworthy,74.2
CD014687_pub2_data__A1,CD014687,92.0,100.0,30.0,50.0,100.0,74,B,Moderately Trustworthy,74.2
CD007310_pub3_data__A14,CD007310,60.0,100.0,40.0,95.6,75.0,74,B,Moderately Trustworthy,74.2
CD011841_pub3_data__A5,CD011841,100.0,100.0,40.0,81.4,50.0,74,B,Moderately Trustworthy,74.2
CD001533_pub7_data__A7,CD001533,92.0,100.0,70.0,82.1,25.0,74,B,Moderately Trustworthy,74.2
CD015749_pub2_data__A6,CD015749,92.0,100.0,40.0,86.9,50.0,74,B,Moderately Trustworthy,74.2
CD011689_pub4_data__A10,CD011689,52.0,100.0,20.0,100.0,100.0,74,B,Moderately Trustworthy,74.2
CD011689_pub4_data__A16,CD011689,32.0,100.0,40.0,100.0,100.0,74,B,Moderately Trustworthy,74.2
CD007310_pub3_data__A12,CD007310,60.0,100.0,40.0,95.6,75.0,74,B,Moderately Trustworthy,74.2
CD015158_pub2_data__A19,CD015158,92.0,100.0,30.0,50.0,100.0,74,B,Moderately Trustworthy,74.2
CD013425_pub2_data__A5,CD013425,32.0,100.0,40.0,99.7,100.0,74,B,Moderately Trustworthy,74.2
CD007110_pub4_data__A3,CD007110,92.0,100.0,30.0,50.0,100.0,74,B,Moderately Trustworthy,74.2
CD006982_pub5_data__A4,CD006982,92.0,100.0,30.0,98.3,50.0,74,B,Moderately Trustworthy,74.2
CD013445_pub2_data__A6,CD013445,92.0,100.0,80.0,0.3,100.0,74,B,Moderately Trustworthy,74.2
CD003594_pub7_data__A2,CD003594,64.0,90.0,30.0,87.5,100.0,74,B,Moderately Trustworthy,74.2
CD003594_pub7_data__A5,CD003594,52.0,100.0,30.0,87.5,100.0,74,B,Moderately Trustworthy,74.2
CD016001_data__A16,CD016001,92.0,100.0,80.0,50.0,50.0,74,B,Moderately Trustworthy,74.2
CD001396_pub4_data__A10,CD001396,92.0,100.0,80.0,0.3,100.0,74,B,Moderately Trustworthy,74.2
CD001396_pub4_data__A11,CD001396,92.0,100.0,80.0,0.3,100.0,74,B,Moderately Trustworthy,74.2
CD000028_pub4_data__A2,CD000028,84.0,100.0,80.0,4.5,100.0,74,B,Moderately Trustworthy,74.2
CD015746_pub2_data__A4,CD015746,76.0,100.0,90.0,0.1,100.0,73,B,Moderately Trustworthy,72.4
CD009235_pub4_data__A12,CD009235,84.0,100.0,80.0,2.1,100.0,73,B,Moderately Trustworthy,72.4
CD015751_pub2_data__A5,CD015751,92.0,100.0,50.0,99.9,25.0,73,B,Moderately Trustworthy,72.4
CD015751_pub2_data__A2,CD015751,72.0,100.0,20.0,99.9,75.0,73,B,Moderately Trustworthy,72.4
CD015588_pub2_data__A55,CD015588,84.0,100.0,80.0,0.1,100.0,73,B,Moderately Trustworthy,72.4
CD011841_pub3_data__A3,CD011841,52.0,100.0,30.0,81.4,100.0,73,B,Moderately Trustworthy,72.4
CD015588_pub2_data__A3,CD015588,84.0,100.0,80.0,0.1,100.0,73,B,Moderately Trustworthy,72.4
CD011841_pub3_data__A6,CD011841,92.0,100.0,40.0,81.4,50.0,73,B,Moderately Trustworthy,72.4
CD008176_pub3_data__A24,CD008176,84.0,100.0,80.0,0.5,100.0,73,B,Moderately Trustworthy,72.4
CD012445_pub2_data__A7,CD012445,100.0,100.0,40.0,74.6,50.0,73,B,Moderately Trustworthy,72.4
CD012079_pub2_data__A10,CD012079,84.0,100.0,80.0,0.1,100.0,73,B,Moderately Trustworthy,72.4
CD015804_pub2_data__A11,CD015804,92.0,100.0,50.0,99.8,25.0,73,B,Moderately Trustworthy,72.4
CD002052_pub4_data__A3,CD002052,84.0,100.0,50.0,80.9,50.0,73,B,Moderately Trustworthy,72.4
CD011885_pub2_data__A5,CD011885,60.0,100.0,30.0,98.3,75.0,73,B,Moderately Trustworthy,72.4
CD015786_pub2_data__A5,CD015786,80.0,100.0,60.0,25.6,100.0,73,B,Moderately Trustworthy,72.4
CD015551_pub2_data__A2,CD015551,60.0,100.0,30.0,99.8,75.0,73,B,Moderately Trustworthy,72.4
CD015588_pub2_data__A1,CD015588,84.0,100.0,80.0,0.1,100.0,73,B,Moderately Trustworthy,72.4
CD015332_pub2_data__A15,CD015332,72.0,100.0,20.0,99.9,75.0,73,B,Moderately Trustworthy,72.4
CD015332_pub2_data__A33,CD015332,92.0,100.0,50.0,99.9,25.0,73,B,Moderately Trustworthy,72.4
CD015332_pub2_data__A35,CD015332,72.0,100.0,70.0,99.9,25.0,73,B,Moderately Trustworthy,72.4
CD015332_pub2_data__A26,CD015332,92.0,100.0,50.0,99.9,25.0,73,B,Moderately Trustworthy,72.4
CD015332_pub2_data__A16,CD015332,72.0,100.0,20.0,99.9,75.0,73,B,Moderately Trustworthy,72.4
CD015332_pub2_data__A40,CD015332,92.0,100.0,50.0,99.9,25.0,73,B,Moderately Trustworthy,72.4
CD015824_pub2_data__A8,CD015824,84.0,100.0,30.0,76.4,75.0,73,B,Moderately Trustworthy,72.4
CD015373_pub2_data__A9,CD015373,64.0,100.0,50.0,99.7,50.0,73,B,Moderately Trustworthy,72.4
CD007809_pub3_data__A12,CD007809,84.0,100.0,50.0,81.4,50.0,73,B,Moderately Trustworthy,72.4
CD012586_pub2_data__A7,CD012586,92.0,100.0,30.0,41.5,100.0,73,B,Moderately Trustworthy,72.4
CD012586_pub2_data__A6,CD012586,92.0,100.0,30.0,41.5,100.0,73,B,Moderately Trustworthy,72.4
CD012586_pub2_data__A10,CD012586,92.0,100.0,30.0,41.5,100.0,73,B,Moderately Trustworthy,72.4
CD015519_pub2_data__A1,CD015519,84.0,100.0,30.0,50.0,100.0,73,B,Moderately Trustworthy,72.4
CD012445_pub2_data__A1,CD012445,100.0,100.0,40.0,74.6,50.0,73,B,Moderately Trustworthy,72.4
CD015332_pub2_data__A30,CD015332,92.0,100.0,50.0,99.9,25.0,73,B,Moderately Trustworthy,72.4
CD009298_pub3_data__A35,CD009298,72.0,100.0,70.0,98.3,25.0,73,B,Moderately Trustworthy,72.4
CD015332_pub2_data__A37,CD015332,92.0,100.0,50.0,99.9,25.0,73,B,Moderately Trustworthy,72.4
CD015332_pub2_data__A36,CD015332,72.0,100.0,70.0,99.9,25.0,73,B,Moderately Trustworthy,72.4
CD007859_pub5_data__A6,CD007859,72.0,100.0,20.0,96.9,75.0,73,B,Moderately Trustworthy,72.4
CD013023_pub2_data__A1,CD013023,84.0,100.0,30.0,50.0,100.0,73,B,Moderately Trustworthy,72.4
CD012942_pub2_data__A9,CD012942,84.0,100.0,80.0,0.8,100.0,73,B,Moderately Trustworthy,72.4
CD015517_data__A1,CD015517,84.0,100.0,30.0,50.0,100.0,73,B,Moderately Trustworthy,72.4
CD015517_data__A2,CD015517,84.0,100.0,30.0,50.0,100.0,73,B,Moderately Trustworthy,72.4
CD015517_data__A3,CD015517,84.0,100.0,30.0,50.0,100.0,73,B,Moderately Trustworthy,72.4
CD015476_pub2_data__A11,CD015476,84.0,100.0,80.0,0.5,100.0,73,B,Moderately Trustworthy,72.4
CD014736_pub2_data__A6,CD014736,80.0,100.0,40.0,94.6,50.0,73,B,Moderately Trustworthy,72.4
CD001396_pub4_data__A4,CD001396,84.0,100.0,80.0,0.3,100.0,73,B,Moderately Trustworthy,72.4
CD014300_pub2_data__A9,CD014300,84.0,100.0,70.0,88.2,25.0,73,B,Moderately Trustworthy,72.4
CD014869_pub2_data__A7,CD014869,60.0,100.0,30.0,99.8,75.0,73,B,Moderately Trustworthy,72.4
CD013830_pub2_data__A14,CD013830,92.0,100.0,50.0,99.9,25.0,73,B,Moderately Trustworthy,72.4
CD004736_pub6_data__A28,CD004736,84.0,100.0,80.0,0.3,100.0,73,B,Moderately Trustworthy,72.4
CD006023_pub4_data__A17,CD006023,80.0,100.0,10.0,73.8,100.0,73,B,Moderately Trustworthy,72.4
CD014300_pub2_data__A10,CD014300,84.0,100.0,70.0,88.2,25.0,73,B,Moderately Trustworthy,72.4
CD014300_pub2_data__A12,CD014300,84.0,100.0,70.0,88.2,25.0,73,B,Moderately Trustworthy,72.4
CD015087_pub2_data__A14,CD015087,92.0,100.0,70.0,77.6,25.0,73,B,Moderately Trustworthy,72.4
CD013726_pub2_data__A8,CD013726,72.0,100.0,20.0,99.4,75.0,73,B,Moderately Trustworthy,72.4
CD015087_pub2_data__A12,CD015087,92.0,100.0,70.0,77.6,25.0,73,B,Moderately Trustworthy,72.4
CD001396_pub4_data__A3,CD001396,84.0,100.0,80.0,0.3,100.0,73,B,Moderately Trustworthy,72.4
CD015087_pub2_data__A4,CD015087,92.0,100.0,70.0,77.6,25.0,73,B,Moderately Trustworthy,72.4
CD014937_pub2_data__A18,CD014937,84.0,100.0,80.0,0.1,100.0,73,B,Moderately Trustworthy,72.4
CD013541_pub2_data__A10,CD013541,92.0,100.0,50.0,98.1,25.0,73,B,Moderately Trustworthy,72.4
CD013539_pub2_data__A5,CD013539,64.0,100.0,10.0,93.1,100.0,73,B,Moderately Trustworthy,72.4
CD015215_pub2_data__A10,CD015215,60.0,100.0,40.0,90.8,75.0,73,B,Moderately Trustworthy,72.4
CD003962_pub3_data__A5,CD003962,92.0,100.0,90.0,6.5,75.0,73,B,Moderately Trustworthy,72.4
CD015215_pub2_data__A14,CD015215,40.0,100.0,60.0,90.8,75.0,73,B,Moderately Trustworthy,72.4
CD003598_pub3_data__A22,CD003598,60.0,100.0,30.0,99.9,75.0,73,B,Moderately Trustworthy,72.4
CD006913_pub3_data__A8,CD006913,84.0,100.0,80.0,0.3,100.0,73,B,Moderately Trustworthy,72.4
CD013508_pub3_data__A13,CD013508,92.0,100.0,50.0,98.4,25.0,73,B,Moderately Trustworthy,72.4
CD013476_pub2_data__A1,CD013476,92.0,100.0,50.0,99.9,25.0,73,B,Moderately Trustworthy,72.4
CD013508_pub3_data__A3,CD013508,92.0,100.0,50.0,98.4,25.0,73,B,Moderately Trustworthy,72.4
CD013476_pub2_data__A12,CD013476,92.0,100.0,50.0,99.9,25.0,73,B,Moderately Trustworthy,72.4
CD013508_pub3_data__A8,CD013508,92.0,100.0,50.0,98.4,25.0,73,B,Moderately Trustworthy,72.4
CD013476_pub2_data__A6,CD013476,92.0,100.0,50.0,99.9,25.0,73,B,Moderately Trustworthy,72.4
CD006913_pub3_data__A6,CD006913,84.0,100.0,80.0,0.3,100.0,73,B,Moderately Trustworthy,72.4
CD007374_pub3_data__A17,CD007374,72.0,100.0,70.0,99.9,25.0,73,B,Moderately Trustworthy,72.4
CD007156_pub3_data__A5,CD007156,92.0,100.0,60.0,88.7,25.0,73,B,Moderately Trustworthy,72.4
CD007156_pub3_data__A6,CD007156,92.0,100.0,60.0,88.7,25.0,73,B,Moderately Trustworthy,72.4
CD007374_pub3_data__A22,CD007374,72.0,100.0,70.0,99.9,25.0,73,B,Moderately Trustworthy,72.4
CD015284_pub2_data__A1,CD015284,84.0,100.0,80.0,0.3,100.0,73,B,Moderately Trustworthy,72.4
CD013303_pub2_data__A1,CD013303,84.0,100.0,30.0,50.0,100.0,73,B,Moderately Trustworthy,72.4
CD007572_pub4_data__A4,CD007572,84.0,100.0,80.0,0.1,100.0,73,B,Moderately Trustworthy,72.4
CD015332_pub2_data__A19,CD015332,92.0,100.0,50.0,99.9,25.0,73,B,Moderately Trustworthy,72.4
CD015332_pub2_data__A20,CD015332,92.0,100.0,50.0,99.9,25.0,73,B,Moderately Trustworthy,72.4
CD015332_pub2_data__A23,CD015332,92.0,100.0,50.0,99.9,25.0,73,B,Moderately Trustworthy,72.4
CD013631_pub2_data__A4,CD013631,100.0,100.0,50.0,90.7,25.0,73,B,Moderately Trustworthy,72.4
CD014965_pub2_data__A16,CD014965,84.0,90.0,40.0,99.7,50.0,73,B,Moderately Trustworthy,72.4
CD006404_pub5_data__A8,CD006404,84.0,100.0,80.0,0.8,100.0,73,B,Moderately Trustworthy,72.4
CD004417_pub6_data__A1,CD004417,44.0,60.0,60.0,99.9,100.0,73,B,Moderately Trustworthy,72.4
CD004661_pub4_data__A21,CD004661,60.0,100.0,30.0,100.0,75.0,73,B,Moderately Trustworthy,72.4
CD006023_pub4_data__A23,CD006023,80.0,100.0,10.0,73.8,100.0,73,B,Moderately Trustworthy,72.4
CD014965_pub2_data__A23,CD014965,84.0,90.0,40.0,99.7,50.0,73,B,Moderately Trustworthy,72.4
CD014762_pub2_data__A3,CD014762,60.0,100.0,30.0,99.9,75.0,73,B,Moderately Trustworthy,72.4
CD014300_pub2_data__A4,CD014300,84.0,100.0,70.0,88.2,25.0,73,B,Moderately Trustworthy,72.4
CD014300_pub2_data__A2,CD014300,84.0,100.0,70.0,88.2,25.0,73,B,Moderately Trustworthy,72.4
CD014300_pub2_data__A6,CD014300,84.0,100.0,70.0,88.2,25.0,73,B,Moderately Trustworthy,72.4
CD014300_pub2_data__A5,CD014300,84.0,100.0,70.0,88.2,25.0,73,B,Moderately Trustworthy,72.4
CD014145_pub2_data__A2,CD014145,92.0,100.0,50.0,99.9,25.0,73,B,Moderately Trustworthy,72.4
CD014145_pub2_data__A3,CD014145,92.0,100.0,50.0,99.9,25.0,73,B,Moderately Trustworthy,72.4
CD014300_pub2_data__A7,CD014300,84.0,100.0,70.0,88.2,25.0,73,B,Moderately Trustworthy,72.4
CD014300_pub2_data__A8,CD014300,84.0,100.0,70.0,88.2,25.0,73,B,Moderately Trustworthy,72.4
CD013631_pub2_data__A11,CD013631,100.0,100.0,50.0,90.7,25.0,73,B,Moderately Trustworthy,72.4
CD015123_pub2_data__A1,CD015123,72.0,100.0,70.0,50.0,75.0,73,B,Moderately Trustworthy,72.4
CD014937_pub2_data__A20,CD014937,84.0,100.0,80.0,0.1,100.0,73,B,Moderately Trustworthy,72.4
CD013278_pub3_data__A18,CD013278,92.0,100.0,40.0,26.0,100.0,72,B,Moderately Trustworthy,70.7
CD015824_pub2_data__A1,CD015824,44.0,100.0,40.0,76.4,100.0,72,B,Moderately Trustworthy,70.7
CD015373_pub2_data__A12,CD015373,80.0,100.0,30.0,99.7,50.0,72,B,Moderately Trustworthy,70.7
CD015820_pub2_data__A5,CD015820,92.0,100.0,70.0,72.5,25.0,72,B,Moderately Trustworthy,70.7
CD013284_pub2_data__A1,CD013284,72.0,100.0,0.0,85.5,100.0,72,B,Moderately Trustworthy,70.7
CD013278_pub3_data__A14,CD013278,92.0,100.0,40.0,26.0,100.0,72,B,Moderately Trustworthy,70.7
CD013278_pub3_data__A16,CD013278,92.0,100.0,40.0,26.0,100.0,72,B,Moderately Trustworthy,70.7
CD012570_pub2_data__A3,CD012570,100.0,100.0,30.0,54.8,75.0,72,B,Moderately Trustworthy,70.7
CD012570_pub2_data__A2,CD012570,100.0,100.0,30.0,54.8,75.0,72,B,Moderately Trustworthy,70.7
CD001920_pub4_data__A6,CD001920,72.0,70.0,20.0,99.1,100.0,72,B,Moderately Trustworthy,70.7
CD015820_pub2_data__A8,CD015820,92.0,100.0,70.0,72.5,25.0,72,B,Moderately Trustworthy,70.7
CD015698_pub2_data__A1,CD015698,92.0,100.0,100.0,44.3,25.0,72,B,Moderately Trustworthy,70.7
CD008709_pub4_data__A12,CD008709,84.0,100.0,30.0,46.4,100.0,72,B,Moderately Trustworthy,70.7
CD011689_pub4_data__A2,CD011689,32.0,90.0,40.0,100.0,100.0,72,B,Moderately Trustworthy,70.7
CD011762_pub2_data__A12,CD011762,20.0,100.0,40.0,100.0,100.0,72,B,Moderately Trustworthy,70.7
CD011600_pub3_data__A4,CD011600,52.0,100.0,10.0,99.3,100.0,72,B,Moderately Trustworthy,70.7
CD008879_pub3_data__A1,CD008879,76.0,100.0,80.0,2.0,100.0,72,B,Moderately Trustworthy,70.7
CD015698_pub2_data__A2,CD015698,92.0,100.0,100.0,44.3,25.0,72,B,Moderately Trustworthy,70.7
CD008709_pub4_data__A8,CD008709,84.0,100.0,30.0,46.4,100.0,72,B,Moderately Trustworthy,70.7
CD010145_pub2_data__A19,CD010145,60.0,100.0,60.0,39.5,100.0,72,B,Moderately Trustworthy,70.7
CD015820_pub2_data__A3,CD015820,100.0,100.0,40.0,72.5,50.0,72,B,Moderately Trustworthy,70.7
CD015820_pub2_data__A7,CD015820,92.0,100.0,70.0,72.5,25.0,72,B,Moderately Trustworthy,70.7
CD015820_pub2_data__A6,CD015820,100.0,100.0,40.0,72.5,50.0,72,B,Moderately Trustworthy,70.7
CD015524_pub2_data__A24,CD015524,100.0,100.0,50.0,62.2,50.0,72,B,Moderately Trustworthy,70.7
CD015524_pub2_data__A23,CD015524,100.0,100.0,50.0,62.2,50.0,72,B,Moderately Trustworthy,70.7
CD012570_pub2_data__A4,CD012570,76.0,100.0,30.0,54.8,100.0,72,B,Moderately Trustworthy,70.7
CD012635_pub2_data__A3,CD012635,64.0,100.0,30.0,65.0,100.0,72,B,Moderately Trustworthy,70.7
CD015536_pub2_data__A6,CD015536,52.0,100.0,10.0,99.9,100.0,72,B,Moderately Trustworthy,70.7
CD008709_pub4_data__A10,CD008709,84.0,100.0,30.0,46.4,100.0,72,B,Moderately Trustworthy,70.7
CD011535_pub7_data__A12,CD011535,40.0,100.0,20.0,99.9,100.0,72,B,Moderately Trustworthy,70.7
CD015524_pub2_data__A30,CD015524,100.0,100.0,50.0,62.2,50.0,72,B,Moderately Trustworthy,70.7
CD015524_pub2_data__A27,CD015524,100.0,100.0,50.0,62.2,50.0,72,B,Moderately Trustworthy,70.7
CD015524_pub2_data__A26,CD015524,100.0,100.0,50.0,62.2,50.0,72,B,Moderately Trustworthy,70.7
CD008709_pub4_data__A14,CD008709,84.0,100.0,30.0,46.4,100.0,72,B,Moderately Trustworthy,70.7
CD015524_pub2_data__A8,CD015524,80.0,100.0,20.0,62.2,100.0,72,B,Moderately Trustworthy,70.7
CD015524_pub2_data__A35,CD015524,100.0,100.0,50.0,62.2,50.0,72,B,Moderately Trustworthy,70.7
CD015524_pub2_data__A31,CD015524,100.0,100.0,50.0,62.2,50.0,72,B,Moderately Trustworthy,70.7
CD012445_pub2_data__A6,CD012445,92.0,100.0,70.0,74.6,25.0,72,B,Moderately Trustworthy,70.7
CD012445_pub2_data__A5,CD012445,92.0,100.0,70.0,74.6,25.0,72,B,Moderately Trustworthy,70.7
CD007310_pub3_data__A15,CD007310,72.0,100.0,40.0,95.6,50.0,72,B,Moderately Trustworthy,70.7
CD015215_pub2_data__A42,CD015215,72.0,100.0,70.0,90.8,25.0,72,B,Moderately Trustworthy,70.7
CD015215_pub2_data__A7,CD015215,80.0,100.0,40.0,90.8,50.0,72,B,Moderately Trustworthy,70.7
CD013284_pub2_data__A8,CD013284,92.0,100.0,30.0,85.5,50.0,72,B,Moderately Trustworthy,70.7
CD013284_pub2_data__A7,CD013284,92.0,100.0,30.0,85.5,50.0,72,B,Moderately Trustworthy,70.7
CD013284_pub2_data__A6,CD013284,92.0,100.0,30.0,85.5,50.0,72,B,Moderately Trustworthy,70.7
CD013614_pub2_data__A30,CD013614,20.0,100.0,40.0,99.9,100.0,72,B,Moderately Trustworthy,70.7
CD013614_pub2_data__A4,CD013614,20.0,100.0,40.0,99.9,100.0,72,B,Moderately Trustworthy,70.7
CD013614_pub2_data__A23,CD013614,20.0,100.0,40.0,99.9,100.0,72,B,Moderately Trustworthy,70.7
CD013614_pub2_data__A2,CD013614,20.0,100.0,40.0,99.9,100.0,72,B,Moderately Trustworthy,70.7
CD015215_pub2_data__A20,CD015215,72.0,100.0,70.0,90.8,25.0,72,B,Moderately Trustworthy,70.7
CD015215_pub2_data__A21,CD015215,72.0,100.0,70.0,90.8,25.0,72,B,Moderately Trustworthy,70.7
CD013561_pub2_data__A2,CD013561,80.0,100.0,30.0,99.7,50.0,72,B,Moderately Trustworthy,70.7
CD006742_pub3_data__A5,CD006742,92.0,100.0,70.0,70.6,25.0,72,B,Moderately Trustworthy,70.7
CD015215_pub2_data__A22,CD015215,72.0,100.0,70.0,90.8,25.0,72,B,Moderately Trustworthy,70.7
CD015215_pub2_data__A23,CD015215,72.0,100.0,70.0,90.8,25.0,72,B,Moderately Trustworthy,70.7
CD015215_pub2_data__A28,CD015215,72.0,100.0,70.0,90.8,25.0,72,B,Moderately Trustworthy,70.7
CD015215_pub2_data__A27,CD015215,72.0,100.0,70.0,90.8,25.0,72,B,Moderately Trustworthy,70.7
CD015215_pub2_data__A30,CD015215,72.0,100.0,70.0,90.8,25.0,72,B,Moderately Trustworthy,70.7
CD015215_pub2_data__A26,CD015215,72.0,100.0,70.0,90.8,25.0,72,B,Moderately Trustworthy,70.7
CD015215_pub2_data__A25,CD015215,72.0,100.0,70.0,90.8,25.0,72,B,Moderately Trustworthy,70.7
CD015215_pub2_data__A24,CD015215,72.0,100.0,70.0,90.8,25.0,72,B,Moderately Trustworthy,70.7
CD015215_pub2_data__A29,CD015215,72.0,100.0,70.0,90.8,25.0,72,B,Moderately Trustworthy,70.7
CD006982_pub5_data__A3,CD006982,84.0,100.0,30.0,98.3,50.0,72,B,Moderately Trustworthy,70.7
CD015215_pub2_data__A45,CD015215,72.0,100.0,70.0,90.8,25.0,72,B,Moderately Trustworthy,70.7
CD015215_pub2_data__A4,CD015215,60.0,90.0,20.0,90.8,100.0,72,B,Moderately Trustworthy,70.7
CD015215_pub2_data__A39,CD015215,72.0,100.0,70.0,90.8,25.0,72,B,Moderately Trustworthy,70.7
CD015215_pub2_data__A38,CD015215,72.0,100.0,70.0,90.8,25.0,72,B,Moderately Trustworthy,70.7
CD015215_pub2_data__A37,CD015215,72.0,100.0,70.0,90.8,25.0,72,B,Moderately Trustworthy,70.7
CD015215_pub2_data__A36,CD015215,72.0,100.0,70.0,90.8,25.0,72,B,Moderately Trustworthy,70.7
CD015215_pub2_data__A35,CD015215,72.0,100.0,70.0,90.8,25.0,72,B,Moderately Trustworthy,70.7
CD015215_pub2_data__A34,CD015215,72.0,100.0,70.0,90.8,25.0,72,B,Moderately Trustworthy,70.7
CD015215_pub2_data__A33,CD015215,72.0,100.0,70.0,90.8,25.0,72,B,Moderately Trustworthy,70.7
CD013425_pub2_data__A2,CD013425,40.0,100.0,20.0,99.7,100.0,72,B,Moderately Trustworthy,70.7
CD007156_pub3_data__A2,CD007156,72.0,100.0,0.0,88.7,100.0,72,B,Moderately Trustworthy,70.7
CD007156_pub3_data__A1,CD007156,72.0,100.0,0.0,88.7,100.0,72,B,Moderately Trustworthy,70.7
CD015215_pub2_data__A32,CD015215,72.0,100.0,70.0,90.8,25.0,72,B,Moderately Trustworthy,70.7
CD015215_pub2_data__A31,CD015215,72.0,100.0,70.0,90.8,25.0,72,B,Moderately Trustworthy,70.7
CD013278_pub3_data__A11,CD013278,92.0,100.0,40.0,26.0,100.0,72,B,Moderately Trustworthy,70.7
CD015229_pub2_data__A3,CD015229,52.0,100.0,60.0,99.7,50.0,72,B,Moderately Trustworthy,70.7
CD014966_pub2_data__A4,CD014966,44.0,100.0,30.0,88.3,100.0,72,B,Moderately Trustworthy,70.7
CD004661_pub4_data__A12,CD004661,52.0,100.0,10.0,100.0,100.0,72,B,Moderately Trustworthy,70.7
CD013631_pub2_data__A9,CD013631,92.0,100.0,50.0,90.7,25.0,72,B,Moderately Trustworthy,70.7
CD013631_pub2_data__A26,CD013631,72.0,100.0,70.0,90.7,25.0,72,B,Moderately Trustworthy,70.7
CD013631_pub2_data__A8,CD013631,92.0,100.0,50.0,90.7,25.0,72,B,Moderately Trustworthy,70.7
CD015134_pub2_data__A5,CD015134,92.0,60.0,40.0,94.6,75.0,72,B,Moderately Trustworthy,70.7
CD013614_pub2_data__A6,CD013614,40.0,100.0,20.0,99.9,100.0,72,B,Moderately Trustworthy,70.7
CD013631_pub2_data__A10,CD013631,92.0,100.0,50.0,90.7,25.0,72,B,Moderately Trustworthy,70.7
CD015087_pub2_data__A9,CD015087,92.0,100.0,40.0,77.6,50.0,72,B,Moderately Trustworthy,70.7
CD015134_pub2_data__A3,CD015134,92.0,60.0,40.0,94.6,75.0,72,B,Moderately Trustworthy,70.7
CD015134_pub2_data__A7,CD015134,92.0,60.0,40.0,94.6,75.0,72,B,Moderately Trustworthy,70.7
CD013631_pub2_data__A2,CD013631,72.0,100.0,20.0,90.7,75.0,72,B,Moderately Trustworthy,70.7
CD015087_pub2_data__A15,CD015087,92.0,100.0,40.0,77.6,50.0,72,B,Moderately Trustworthy,70.7
CD004376_pub4_data__A3,CD004376,32.0,60.0,70.0,99.7,100.0,72,B,Moderately Trustworthy,70.7
CD016031_data__A6,CD016031,60.0,100.0,30.0,97.0,75.0,72,B,Moderately Trustworthy,70.7
CD009679_pub3_data__A5,CD009679,80.0,100.0,10.0,97.5,75.0,72,B,Moderately Trustworthy,70.7
CD014769_pub2_data__A14,CD014769,100.0,100.0,80.0,3.7,75.0,72,B,Moderately Trustworthy,70.7
CD014736_pub2_data__A3,CD014736,92.0,100.0,50.0,94.6,25.0,72,B,Moderately Trustworthy,70.7
CD006023_pub4_data__A26,CD006023,92.0,100.0,70.0,73.8,25.0,72,B,Moderately Trustworthy,70.7
CD006023_pub4_data__A27,CD006023,92.0,100.0,70.0,73.8,25.0,72,B,Moderately Trustworthy,70.7
CD006023_pub4_data__A28,CD006023,92.0,100.0,70.0,73.8,25.0,72,B,Moderately Trustworthy,70.7
CD013830_pub2_data__A19,CD013830,84.0,100.0,50.0,99.9,25.0,72,B,Moderately Trustworthy,70.7
CD013830_pub2_data__A15,CD013830,72.0,100.0,40.0,99.9,50.0,72,B,Moderately Trustworthy,70.7
CD013874_pub3_data__A12,CD013874,52.0,100.0,60.0,99.5,50.0,72,B,Moderately Trustworthy,70.7
CD014145_pub2_data__A1,CD014145,84.0,100.0,50.0,99.9,25.0,72,B,Moderately Trustworthy,70.7
CD013874_pub3_data__A9,CD013874,72.0,100.0,40.0,99.5,50.0,72,B,Moderately Trustworthy,70.7
CD014300_pub2_data__A14,CD014300,76.0,100.0,70.0,88.2,25.0,72,B,Moderately Trustworthy,70.7
CD014300_pub2_data__A3,CD014300,84.0,100.0,40.0,88.2,50.0,72,B,Moderately Trustworthy,70.7
CD014300_pub2_data__A13,CD014300,44.0,100.0,30.0,88.2,100.0,72,B,Moderately Trustworthy,70.7
CD014300_pub2_data__A1,CD014300,84.0,100.0,40.0,88.2,50.0,72,B,Moderately Trustworthy,70.7
CD010001_pub4_data__A4,CD010001,84.0,90.0,80.0,0.3,100.0,71,B,Moderately Trustworthy,68.7
CD001431_pub6_data__A5,CD001431,24.0,70.0,60.0,99.8,100.0,71,B,Moderately Trustworthy,68.7
CD016147_data__A4,CD016147,72.0,100.0,70.0,90.0,25.0,71,B,Moderately Trustworthy,68.7
CD015790_pub2_data__A7,CD015790,100.0,100.0,30.0,50.0,75.0,71,B,Moderately Trustworthy,68.7
CD015790_pub2_data__A9,CD015790,100.0,100.0,30.0,50.0,75.0,71,B,Moderately Trustworthy,68.7
CD015790_pub2_data__A4,CD015790,100.0,100.0,30.0,50.0,75.0,71,B,Moderately Trustworthy,68.7
CD001837_pub4_data__A4,CD001837,100.0,100.0,80.0,0.2,75.0,71,B,Moderately Trustworthy,68.7
CD016002_data__A24,CD016002,100.0,100.0,30.0,50.0,75.0,71,B,Moderately Trustworthy,68.7
CD016002_data__A25,CD016002,100.0,100.0,30.0,50.0,75.0,71,B,Moderately Trustworthy,68.7
CD015790_pub2_data__A6,CD015790,100.0,100.0,30.0,50.0,75.0,71,B,Moderately Trustworthy,68.7
CD015524_pub2_data__A29,CD015524,92.0,100.0,50.0,62.2,50.0,71,B,Moderately Trustworthy,68.7
CD015524_pub2_data__A28,CD015524,92.0,100.0,50.0,62.2,50.0,71,B,Moderately Trustworthy,68.7
CD015524_pub2_data__A36,CD015524,92.0,100.0,50.0,62.2,50.0,71,B,Moderately Trustworthy,68.7
CD002243_pub5_data__A19,CD002243,76.0,100.0,80.0,0.1,100.0,71,B,Moderately Trustworthy,68.7
CD015536_pub2_data__A5,CD015536,92.0,100.0,40.0,99.9,25.0,71,B,Moderately Trustworthy,68.7
CD010145_pub2_data__A5,CD010145,100.0,100.0,40.0,39.5,75.0,71,B,Moderately Trustworthy,68.7
CD015524_pub2_data__A33,CD015524,92.0,100.0,50.0,62.2,50.0,71,B,Moderately Trustworthy,68.7
CD010145_pub2_data__A6,CD010145,100.0,100.0,40.0,39.5,75.0,71,B,Moderately Trustworthy,68.7
CD015584_pub2_data__A6,CD015584,76.0,100.0,80.0,0.1,100.0,71,B,Moderately Trustworthy,68.7
CD015588_pub2_data__A18,CD015588,100.0,100.0,80.0,0.1,75.0,71,B,Moderately Trustworthy,68.7
CD015588_pub2_data__A26,CD015588,100.0,100.0,80.0,0.1,75.0,71,B,Moderately Trustworthy,68.7
CD015588_pub2_data__A33,CD015588,100.0,100.0,80.0,0.1,75.0,71,B,Moderately Trustworthy,68.7
CD015701_pub2_data__A1,CD015701,100.0,100.0,30.0,50.0,75.0,71,B,Moderately Trustworthy,68.7
CD015779_data__A1,CD015779,100.0,100.0,80.0,0.5,75.0,71,B,Moderately Trustworthy,68.7
CD015790_pub2_data__A3,CD015790,100.0,100.0,30.0,50.0,75.0,71,B,Moderately Trustworthy,68.7
CD014935_pub2_data__A2,CD014935,92.0,100.0,40.0,99.7,25.0,71,B,Moderately Trustworthy,68.7
CD004661_pub4_data__A23,CD004661,72.0,100.0,60.0,100.0,25.0,71,B,Moderately Trustworthy,68.7
CD014935_pub2_data__A3,CD014935,92.0,100.0,40.0,99.7,25.0,71,B,Moderately Trustworthy,68.7
CD014935_pub2_data__A9,CD014935,92.0,100.0,40.0,99.7,25.0,71,B,Moderately Trustworthy,68.7
CD015373_pub2_data__A10,CD015373,92.0,100.0,40.0,99.7,25.0,71,B,Moderately Trustworthy,68.7
CD015215_pub2_data__A8,CD015215,72.0,100.0,40.0,90.8,50.0,71,B,Moderately Trustworthy,68.7
CD015229_pub2_data__A4,CD015229,44.0,100.0,60.0,99.7,50.0,71,B,Moderately Trustworthy,68.7
CD009752_pub3_data__A2,CD009752,100.0,100.0,30.0,50.0,75.0,71,B,Moderately Trustworthy,68.7
CD015158_pub2_data__A18,CD015158,100.0,100.0,30.0,50.0,75.0,71,B,Moderately Trustworthy,68.7
CD015158_pub2_data__A6,CD015158,100.0,100.0,30.0,50.0,75.0,71,B,Moderately Trustworthy,68.7
CD015122_pub2_data__A1,CD015122,76.0,100.0,80.0,0.2,100.0,71,B,Moderately Trustworthy,68.7
CD003598_pub3_data__A12,CD003598,72.0,100.0,10.0,99.9,75.0,71,B,Moderately Trustworthy,68.7
CD015066_pub2_data__A1,CD015066,100.0,100.0,30.0,50.0,75.0,71,B,Moderately Trustworthy,68.7
CD015087_pub2_data__A10,CD015087,84.0,100.0,70.0,77.6,25.0,71,B,Moderately Trustworthy,68.7
CD004376_pub4_data__A4,CD004376,44.0,50.0,60.0,99.7,100.0,71,B,Moderately Trustworthy,68.7
CD015524_pub2_data__A32,CD015524,92.0,100.0,50.0,62.2,50.0,71,B,Moderately Trustworthy,68.7
CD015514_pub2_data__A8,CD015514,72.0,100.0,60.0,99.5,25.0,71,B,Moderately Trustworthy,68.7
CD015514_pub2_data__A6,CD015514,72.0,100.0,60.0,99.5,25.0,71,B,Moderately Trustworthy,68.7
CD015514_pub2_data__A5,CD015514,72.0,100.0,60.0,99.5,25.0,71,B,Moderately Trustworthy,68.7
CD015524_pub2_data__A20,CD015524,92.0,100.0,50.0,62.2,50.0,71,B,Moderately Trustworthy,68.7
CD015524_pub2_data__A19,CD015524,92.0,100.0,50.0,62.2,50.0,71,B,Moderately Trustworthy,68.7
CD015524_pub2_data__A13,CD015524,92.0,100.0,50.0,62.2,50.0,71,B,Moderately Trustworthy,68.7
CD015517_data__A8,CD015517,100.0,100.0,30.0,50.0,75.0,71,B,Moderately Trustworthy,68.7
CD015517_data__A6,CD015517,100.0,100.0,30.0,50.0,75.0,71,B,Moderately Trustworthy,68.7
CD015514_pub2_data__A2,CD015514,72.0,100.0,60.0,99.5,25.0,71,B,Moderately Trustworthy,68.7
CD015495_data__A3,CD015495,100.0,100.0,30.0,50.0,75.0,71,B,Moderately Trustworthy,68.7
CD015476_pub2_data__A12,CD015476,100.0,100.0,80.0,0.5,75.0,71,B,Moderately Trustworthy,68.7
CD015514_pub2_data__A4,CD015514,72.0,100.0,60.0,99.5,25.0,71,B,Moderately Trustworthy,68.7
CD015373_pub2_data__A20,CD015373,72.0,100.0,60.0,99.7,25.0,71,B,Moderately Trustworthy,68.7
CD015373_pub2_data__A14,CD015373,92.0,100.0,40.0,99.7,25.0,71,B,Moderately Trustworthy,68.7
CD015395_pub3_data__A1,CD015395,72.0,100.0,60.0,99.4,25.0,71,B,Moderately Trustworthy,68.7
CD015373_pub2_data__A22,CD015373,72.0,100.0,60.0,99.7,25.0,71,B,Moderately Trustworthy,68.7
CD015060_pub2_data__A2,CD015060,100.0,100.0,30.0,50.0,75.0,71,B,Moderately Trustworthy,68.7
CD014966_pub2_data__A1,CD014966,16.0,100.0,50.0,88.3,100.0,71,B,Moderately Trustworthy,68.7
CD004667_pub6_data__A11,CD004667,76.0,100.0,80.0,1.4,100.0,71,B,Moderately Trustworthy,68.7
CD014964_pub2_data__A7,CD014964,92.0,85.0,80.0,0.1,100.0,71,B,Moderately Trustworthy,68.7
CD015087_pub2_data__A5,CD015087,72.0,100.0,30.0,77.6,75.0,71,B,Moderately Trustworthy,68.7
CD013726_pub2_data__A2,CD013726,60.0,100.0,20.0,99.4,75.0,71,B,Moderately Trustworthy,68.7
CD013707_pub2_data__A1,CD013707,100.0,100.0,30.0,50.0,75.0,71,B,Moderately Trustworthy,68.7
CD010779_pub2_data__A5,CD010779,92.0,100.0,40.0,98.7,25.0,71,B,Moderately Trustworthy,68.7
CD006742_pub3_data__A2,CD006742,92.0,100.0,40.0,70.6,50.0,71,B,Moderately Trustworthy,68.7
CD010779_pub2_data__A4,CD010779,92.0,100.0,40.0,98.7,25.0,71,B,Moderately Trustworthy,68.7
CD006536_pub5_data__A23,CD006536,60.0,100.0,20.0,99.7,75.0,71,B,Moderately Trustworthy,68.7
CD010441_pub3_data__A7,CD010441,92.0,100.0,80.0,58.7,25.0,71,B,Moderately Trustworthy,68.7
CD006023_pub4_data__A19,CD006023,72.0,100.0,10.0,73.8,100.0,71,B,Moderately Trustworthy,68.7
CD006023_pub4_data__A18,CD006023,72.0,100.0,10.0,73.8,100.0,71,B,Moderately Trustworthy,68.7
CD010441_pub3_data__A2,CD010441,80.0,100.0,40.0,58.7,75.0,71,B,Moderately Trustworthy,68.7
CD006023_pub4_data__A22,CD006023,72.0,100.0,10.0,73.8,100.0,71,B,Moderately Trustworthy,68.7
CD014541_pub2_data__A12,CD014541,100.0,100.0,80.0,1.3,75.0,71,B,Moderately Trustworthy,68.7
CD014541_pub2_data__A11,CD014541,100.0,100.0,80.0,1.3,75.0,71,B,Moderately Trustworthy,68.7
CD014428_pub2_data__A7,CD014428,92.0,100.0,80.0,57.0,25.0,71,B,Moderately Trustworthy,68.7
CD014428_pub2_data__A6,CD014428,92.0,100.0,80.0,57.0,25.0,71,B,Moderately Trustworthy,68.7
CD010441_pub3_data__A3,CD010441,80.0,100.0,40.0,58.7,75.0,71,B,Moderately Trustworthy,68.7
CD014666_pub2_data__A3,CD014666,60.0,100.0,10.0,87.1,100.0,71,B,Moderately Trustworthy,68.7
CD014666_pub2_data__A1,CD014666,60.0,100.0,10.0,87.1,100.0,71,B,Moderately Trustworthy,68.7
CD014541_pub2_data__A22,CD014541,100.0,100.0,80.0,1.3,75.0,71,B,Moderately Trustworthy,68.7
CD014666_pub2_data__A5,CD014666,60.0,100.0,10.0,87.1,100.0,71,B,Moderately Trustworthy,68.7
CD014666_pub2_data__A4,CD014666,60.0,100.0,10.0,87.1,100.0,71,B,Moderately Trustworthy,68.7
CD014872_pub2_data__A10,CD014872,76.0,100.0,80.0,1.3,100.0,71,B,Moderately Trustworthy,68.7
CD014852_pub2_data__A7,CD014852,92.0,100.0,80.0,6.0,75.0,71,B,Moderately Trustworthy,68.7
CD014872_pub2_data__A11,CD014872,76.0,100.0,80.0,1.3,100.0,71,B,Moderately Trustworthy,68.7
CD014872_pub2_data__A9,CD014872,76.0,100.0,80.0,1.3,100.0,71,B,Moderately Trustworthy,68.7
CD014935_pub2_data__A1,CD014935,92.0,100.0,40.0,99.7,25.0,71,B,Moderately Trustworthy,68.7
CD014935_pub2_data__A10,CD014935,92.0,100.0,40.0,99.7,25.0,71,B,Moderately Trustworthy,68.7
CD016211_data__A7,CD016211,92.0,100.0,40.0,99.7,25.0,71,B,Moderately Trustworthy,68.7
CD011885_pub2_data__A39,CD011885,72.0,100.0,60.0,98.3,25.0,71,B,Moderately Trustworthy,68.7
CD012445_pub2_data__A2,CD012445,92.0,100.0,40.0,74.6,50.0,71,B,Moderately Trustworthy,68.7
CD012445_pub2_data__A4,CD012445,92.0,100.0,40.0,74.6,50.0,71,B,Moderately Trustworthy,68.7
CD012532_pub2_data__A2,CD012532,100.0,100.0,30.0,50.0,75.0,71,B,Moderately Trustworthy,68.7
CD012532_pub2_data__A1,CD012532,100.0,100.0,30.0,50.0,75.0,71,B,Moderately Trustworthy,68.7
CD000547_pub3_data__A5,CD000547,76.0,100.0,80.0,0.1,100.0,71,B,Moderately Trustworthy,68.7
CD016211_data__A13,CD016211,72.0,100.0,60.0,99.7,25.0,71,B,Moderately Trustworthy,68.7
CD008873_pub5_data__A9,CD008873,100.0,100.0,30.0,50.0,75.0,71,B,Moderately Trustworthy,68.7
CD016211_data__A5,CD016211,92.0,100.0,40.0,99.7,25.0,71,B,Moderately Trustworthy,68.7
CD016211_data__A19,CD016211,72.0,100.0,60.0,99.7,25.0,71,B,Moderately Trustworthy,68.7
CD016211_data__A20,CD016211,92.0,100.0,40.0,99.7,25.0,71,B,Moderately Trustworthy,68.7
CD008873_pub5_data__A3,CD008873,100.0,100.0,30.0,50.0,75.0,71,B,Moderately Trustworthy,68.7
CD008873_pub5_data__A4,CD008873,100.0,100.0,30.0,50.0,75.0,71,B,Moderately Trustworthy,68.7
CD008873_pub5_data__A12,CD008873,100.0,100.0,30.0,50.0,75.0,71,B,Moderately Trustworthy,68.7
CD012445_pub2_data__A10,CD012445,92.0,100.0,40.0,74.6,50.0,71,B,Moderately Trustworthy,68.7
CD012925_pub2_data__A8,CD012925,100.0,100.0,80.0,0.1,75.0,71,B,Moderately Trustworthy,68.7
CD012609_pub2_data__A4,CD012609,100.0,100.0,30.0,50.0,75.0,71,B,Moderately Trustworthy,68.7
CD012586_pub2_data__A3,CD012586,84.0,100.0,30.0,41.5,100.0,71,B,Moderately Trustworthy,68.7
CD012586_pub2_data__A4,CD012586,92.0,90.0,30.0,41.5,100.0,71,B,Moderately Trustworthy,68.7
CD013038_pub3_data__A8,CD013038,100.0,100.0,30.0,50.0,75.0,71,B,Moderately Trustworthy,68.7
CD013038_pub3_data__A10,CD013038,100.0,100.0,30.0,50.0,75.0,71,B,Moderately Trustworthy,68.7
CD013303_pub2_data__A10,CD013303,100.0,100.0,30.0,50.0,75.0,71,B,Moderately Trustworthy,68.7
CD012997_pub3_data__A1,CD012997,100.0,100.0,30.0,50.0,75.0,71,B,Moderately Trustworthy,68.7
CD013303_pub2_data__A13,CD013303,100.0,100.0,30.0,50.0,75.0,71,B,Moderately Trustworthy,68.7
CD013303_pub2_data__A7,CD013303,100.0,100.0,30.0,50.0,75.0,71,B,Moderately Trustworthy,68.7
CD013303_pub2_data__A8,CD013303,100.0,100.0,30.0,50.0,75.0,71,B,Moderately Trustworthy,68.7
CD013707_pub2_data__A3,CD013707,100.0,100.0,30.0,50.0,75.0,71,B,Moderately Trustworthy,68.7
CD013729_pub2_data__A1,CD013729,100.0,100.0,30.0,50.0,75.0,71,B,Moderately Trustworthy,68.7
CD013773_pub2_data__A2,CD013773,100.0,100.0,80.0,1.7,75.0,71,B,Moderately Trustworthy,68.7
CD013774_pub2_data__A9,CD013774,92.0,100.0,80.0,7.5,75.0,71,B,Moderately Trustworthy,68.7
CD013789_pub2_data__A8,CD013789,72.0,100.0,10.0,99.4,75.0,71,B,Moderately Trustworthy,68.7
CD010861_pub3_data__A10,CD010861,100.0,100.0,30.0,50.0,75.0,71,B,Moderately Trustworthy,68.7
CD013377_pub2_data__A3,CD013377,100.0,100.0,30.0,50.0,75.0,71,B,Moderately Trustworthy,68.7
CD010861_pub3_data__A14,CD010861,100.0,100.0,30.0,50.0,75.0,71,B,Moderately Trustworthy,68.7
CD010861_pub3_data__A11,CD010861,100.0,100.0,30.0,50.0,75.0,71,B,Moderately Trustworthy,68.7
CD007156_pub3_data__A3,CD007156,84.0,100.0,30.0,88.7,50.0,71,B,Moderately Trustworthy,68.7
CD013429_pub2_data__A7,CD013429,92.0,100.0,40.0,99.7,25.0,71,B,Moderately Trustworthy,68.7
CD010861_pub3_data__A15,CD010861,100.0,100.0,30.0,50.0,75.0,71,B,Moderately Trustworthy,68.7
CD010861_pub3_data__A4,CD010861,100.0,100.0,30.0,50.0,75.0,71,B,Moderately Trustworthy,68.7
CD013377_pub2_data__A2,CD013377,100.0,100.0,30.0,50.0,75.0,71,B,Moderately Trustworthy,68.7
CD007310_pub3_data__A3,CD007310,40.0,100.0,20.0,95.6,100.0,71,B,Moderately Trustworthy,68.7
CD006742_pub3_data__A4,CD006742,92.0,100.0,40.0,70.6,50.0,71,B,Moderately Trustworthy,68.7
CD006689_pub3_data__A21,CD006689,100.0,100.0,80.0,1.8,75.0,71,B,Moderately Trustworthy,68.7
CD013474_pub2_data__A5,CD013474,100.0,100.0,80.0,0.2,75.0,71,B,Moderately Trustworthy,68.7
CD006742_pub3_data__A3,CD006742,92.0,100.0,40.0,70.6,50.0,71,B,Moderately Trustworthy,68.7
CD013561_pub2_data__A1,CD013561,72.0,100.0,60.0,99.7,25.0,71,B,Moderately Trustworthy,68.7
CD007374_pub3_data__A13,CD007374,60.0,100.0,20.0,99.9,75.0,71,B,Moderately Trustworthy,68.7
CD007388_pub3_data__A6,CD007388,100.0,100.0,30.0,50.0,75.0,71,B,Moderately Trustworthy,68.7
CD007388_pub3_data__A9,CD007388,100.0,100.0,30.0,50.0,75.0,71,B,Moderately Trustworthy,68.7
CD007388_pub3_data__A16,CD007388,100.0,100.0,30.0,50.0,75.0,71,B,Moderately Trustworthy,68.7
CD013303_pub2_data__A9,CD013303,100.0,100.0,30.0,50.0,75.0,71,B,Moderately Trustworthy,68.7
CD001920_pub4_data__A2,CD001920,72.0,60.0,20.0,99.1,100.0,70,B,Moderately Trustworthy,67.0
CD001431_pub6_data__A4,CD001431,32.0,60.0,60.0,99.8,100.0,70,B,Moderately Trustworthy,67.0
CD001396_pub4_data__A5,CD001396,68.0,100.0,80.0,0.3,100.0,70,B,Moderately Trustworthy,67.0
CD016031_data__A1,CD016031,72.0,100.0,30.0,97.0,50.0,70,B,Moderately Trustworthy,67.0
CD001920_pub4_data__A1,CD001920,72.0,60.0,20.0,99.1,100.0,70,B,Moderately Trustworthy,67.0
CD001920_pub4_data__A5,CD001920,60.0,70.0,20.0,99.1,100.0,70,B,Moderately Trustworthy,67.0
CD015968_data__A6,CD015968,92.0,100.0,50.0,84.6,25.0,70,B,Moderately Trustworthy,67.0
CD016147_data__A3,CD016147,72.0,100.0,40.0,90.0,50.0,70,B,Moderately Trustworthy,67.0
CD016211_data__A11,CD016211,72.0,100.0,30.0,99.7,50.0,70,B,Moderately Trustworthy,67.0
CD000478_pub5_data__A1,CD000478,68.0,100.0,80.0,2.3,100.0,70,B,Moderately Trustworthy,67.0
CD016031_data__A2,CD016031,72.0,100.0,30.0,97.0,50.0,70,B,Moderately Trustworthy,67.0
CD002042_pub6_data__A4,CD002042,40.0,70.0,40.0,99.6,100.0,70,B,Moderately Trustworthy,67.0
CD014941_pub2_data__A14,CD014941,92.0,100.0,90.0,16.7,50.0,70,B,Moderately Trustworthy,67.0
CD004661_pub4_data__A9,CD004661,20.0,100.0,30.0,100.0,100.0,70,B,Moderately Trustworthy,67.0
CD004661_pub4_data__A4,CD004661,40.0,100.0,10.0,100.0,100.0,70,B,Moderately Trustworthy,67.0
CD014965_pub2_data__A14,CD014965,84.0,0.0,90.0,99.7,75.0,70,B,Moderately Trustworthy,67.0
CD015373_pub2_data__A16,CD015373,84.0,100.0,40.0,99.7,25.0,70,B,Moderately Trustworthy,67.0
CD015395_pub3_data__A3,CD015395,72.0,100.0,30.0,99.4,50.0,70,B,Moderately Trustworthy,67.0
CD015395_pub3_data__A2,CD015395,72.0,100.0,30.0,99.4,50.0,70,B,Moderately Trustworthy,67.0
CD015252_pub2_data__A5,CD015252,76.0,75.0,80.0,44.0,75.0,70,B,Moderately Trustworthy,67.0
CD015532_data__A6,CD015532,56.0,100.0,50.0,67.4,75.0,70,B,Moderately Trustworthy,67.0
CD015551_pub2_data__A5,CD015551,72.0,100.0,30.0,99.8,50.0,70,B,Moderately Trustworthy,67.0
CD015551_pub2_data__A6,CD015551,72.0,100.0,30.0,99.8,50.0,70,B,Moderately Trustworthy,67.0
CD015476_pub2_data__A7,CD015476,92.0,100.0,80.0,0.5,75.0,70,B,Moderately Trustworthy,67.0
CD002052_pub4_data__A4,CD002052,92.0,100.0,50.0,80.9,25.0,70,B,Moderately Trustworthy,67.0
CD002052_pub4_data__A5,CD002052,92.0,100.0,50.0,80.9,25.0,70,B,Moderately Trustworthy,67.0
CD002052_pub4_data__A8,CD002052,92.0,100.0,50.0,80.9,25.0,70,B,Moderately Trustworthy,67.0
CD006913_pub3_data__A13,CD006913,68.0,100.0,80.0,0.3,100.0,70,B,Moderately Trustworthy,67.0
CD014923_pub2_data__A2,CD014923,92.0,100.0,80.0,29.7,50.0,70,B,Moderately Trustworthy,67.0
CD013429_pub2_data__A8,CD013429,84.0,100.0,40.0,99.7,25.0,70,B,Moderately Trustworthy,67.0
CD013613_pub2_data__A12,CD013613,92.0,100.0,40.0,92.2,25.0,70,B,Moderately Trustworthy,67.0
CD013613_pub2_data__A11,CD013613,92.0,100.0,40.0,92.2,25.0,70,B,Moderately Trustworthy,67.0
CD013764_pub2_data__A5,CD013764,80.0,100.0,20.0,73.7,75.0,70,B,Moderately Trustworthy,67.0
CD013613_pub2_data__A9,CD013613,92.0,100.0,40.0,92.2,25.0,70,B,Moderately Trustworthy,67.0
CD014617_pub3_data__A4,CD014617,92.0,100.0,60.0,71.6,25.0,70,B,Moderately Trustworthy,67.0
CD014769_pub2_data__A7,CD014769,92.0,100.0,80.0,3.7,75.0,70,B,Moderately Trustworthy,67.0
CD014594_pub2_data__A1,CD014594,32.0,100.0,20.0,99.8,100.0,70,B,Moderately Trustworthy,67.0
CD014594_pub2_data__A2,CD014594,32.0,100.0,20.0,99.8,100.0,70,B,Moderately Trustworthy,67.0
CD013821_pub2_data__A4,CD013821,100.0,100.0,40.0,35.7,75.0,70,B,Moderately Trustworthy,67.0
CD014428_pub2_data__A3,CD014428,92.0,100.0,50.0,57.0,50.0,70,B,Moderately Trustworthy,67.0
CD013821_pub2_data__A2,CD013821,100.0,100.0,40.0,35.7,75.0,70,B,Moderately Trustworthy,67.0
CD013821_pub2_data__A3,CD013821,100.0,100.0,40.0,35.7,75.0,70,B,Moderately Trustworthy,67.0
CD013821_pub2_data__A1,CD013821,100.0,100.0,40.0,35.7,75.0,70,B,Moderately Trustworthy,67.0
CD010441_pub3_data__A6,CD010441,92.0,100.0,50.0,58.7,50.0,70,B,Moderately Trustworthy,67.0
CD011885_pub2_data__A44,CD011885,72.0,100.0,30.0,98.3,50.0,70,B,Moderately Trustworthy,67.0
CD012426_pub2_data__A2,CD012426,72.0,100.0,30.0,99.0,50.0,70,B,Moderately Trustworthy,67.0
CD012429_pub2_data__A3,CD012429,100.0,100.0,40.0,33.7,75.0,70,B,Moderately Trustworthy,67.0
CD012429_pub2_data__A4,CD012429,100.0,100.0,40.0,33.7,75.0,70,B,Moderately Trustworthy,67.0
CD012635_pub2_data__A10,CD012635,92.0,100.0,70.0,65.0,25.0,70,B,Moderately Trustworthy,67.0
CD012635_pub2_data__A4,CD012635,80.0,100.0,30.0,65.0,75.0,70,B,Moderately Trustworthy,67.0
CD013278_pub3_data__A2,CD013278,84.0,100.0,40.0,26.0,100.0,70,B,Moderately Trustworthy,67.0
CD013278_pub3_data__A15,CD013278,84.0,100.0,40.0,26.0,100.0,70,B,Moderately Trustworthy,67.0
CD013344_pub2_data__A5,CD013344,92.0,100.0,80.0,1.6,75.0,70,B,Moderately Trustworthy,67.0
CD013278_pub3_data__A7,CD013278,84.0,100.0,40.0,26.0,100.0,70,B,Moderately Trustworthy,67.0
CD011689_pub4_data__A17,CD011689,12.0,100.0,40.0,100.0,100.0,70,B,Moderately Trustworthy,67.0
CD011689_pub4_data__A6,CD011689,32.0,100.0,20.0,100.0,100.0,70,B,Moderately Trustworthy,67.0
CD011885_pub2_data__A26,CD011885,72.0,100.0,30.0,98.3,50.0,70,B,Moderately Trustworthy,67.0
CD008628_pub3_data__A2,CD008628,100.0,100.0,40.0,60.9,50.0,70,B,Moderately Trustworthy,67.0
CD008628_pub3_data__A11,CD008628,92.0,100.0,70.0,60.9,25.0,70,B,Moderately Trustworthy,67.0
CD008628_pub3_data__A6,CD008628,92.0,100.0,70.0,60.9,25.0,70,B,Moderately Trustworthy,67.0
CD011670_pub3_data__A2,CD011670,100.0,100.0,40.0,37.3,75.0,70,B,Moderately Trustworthy,67.0
CD011670_pub3_data__A3,CD011670,100.0,100.0,40.0,37.3,75.0,70,B,Moderately Trustworthy,67.0
CD011670_pub3_data__A7,CD011670,100.0,100.0,40.0,37.3,75.0,70,B,Moderately Trustworthy,67.0
CD011044_pub3_data__A6,CD011044,12.0,100.0,40.0,99.9,100.0,70,B,Moderately Trustworthy,67.0
CD008628_pub3_data__A5,CD008628,92.0,100.0,70.0,60.9,25.0,70,B,Moderately Trustworthy,67.0
CD008709_pub4_data__A11,CD008709,100.0,100.0,30.0,46.4,75.0,70,B,Moderately Trustworthy,67.0
CD009022_pub4_data__A7,CD009022,92.0,100.0,80.0,1.1,75.0,70,B,Moderately Trustworthy,67.0
CD011575_pub3_data__A18,CD011575,72.0,100.0,30.0,96.1,50.0,70,B,Moderately Trustworthy,67.0
CD011535_pub7_data__A3,CD011535,60.0,55.0,60.0,99.9,75.0,70,B,Moderately Trustworthy,67.0
CD009531_pub3_data__A3,CD009531,92.0,100.0,80.0,2.0,75.0,70,B,Moderately Trustworthy,67.0
CD011575_pub3_data__A11,CD011575,72.0,100.0,30.0,96.1,50.0,70,B,Moderately Trustworthy,67.0
CD011575_pub3_data__A1,CD011575,72.0,100.0,30.0,96.1,50.0,70,B,Moderately Trustworthy,67.0
CD016278_data__A20,CD016278,72.0,100.0,40.0,87.1,50.0,70,B,Moderately Trustworthy,67.0
CD016278_data__A1,CD016278,72.0,100.0,40.0,87.1,50.0,70,B,Moderately Trustworthy,67.0
CD000143_pub2_data__A4,CD000143,72.0,100.0,30.0,99.8,50.0,70,B,Moderately Trustworthy,67.0
CD000143_pub2_data__A2,CD000143,40.0,100.0,10.0,99.8,100.0,70,B,Moderately Trustworthy,67.0
CD009945_pub3_data__A2,CD009945,92.0,100.0,30.0,99.4,25.0,69,C,Caution Advised,65.6
CD013874_pub3_data__A15,CD013874,80.0,100.0,40.0,99.5,25.0,69,C,Caution Advised,65.6
CD004992_pub4_data__A6,CD004992,92.0,100.0,60.0,68.5,25.0,69,C,Caution Advised,65.6
CD004992_pub4_data__A9,CD004992,92.0,100.0,60.0,68.5,25.0,69,C,Caution Advised,65.6
CD013055_pub3_data__A1,CD013055,76.0,100.0,80.0,14.8,75.0,69,C,Caution Advised,65.6
CD015519_pub2_data__A3,CD015519,92.0,100.0,30.0,50.0,75.0,69,C,Caution Advised,65.6
CD015855_data__A6,CD015855,92.0,100.0,30.0,50.0,75.0,69,C,Caution Advised,65.6
CD009244_pub3_data__A2,CD009244,92.0,100.0,30.0,50.0,75.0,69,C,Caution Advised,65.6
CD011305_pub3_data__A10,CD011305,92.0,100.0,30.0,47.2,75.0,69,C,Caution Advised,65.6
CD015854_data__A3,CD015854,64.0,100.0,30.0,98.6,50.0,69,C,Caution Advised,65.6
CD015087_pub2_data__A8,CD015087,60.0,100.0,30.0,77.6,75.0,69,C,Caution Advised,65.6
CD012635_pub2_data__A7,CD012635,84.0,100.0,70.0,65.0,25.0,69,C,Caution Advised,65.6
CD015524_pub2_data__A25,CD015524,84.0,100.0,50.0,62.2,50.0,69,C,Caution Advised,65.6
CD015524_pub2_data__A21,CD015524,84.0,100.0,50.0,62.2,50.0,69,C,Caution Advised,65.6
CD015524_pub2_data__A22,CD015524,84.0,100.0,50.0,62.2,50.0,69,C,Caution Advised,65.6
CD014617_pub3_data__A3,CD014617,92.0,100.0,30.0,71.6,50.0,69,C,Caution Advised,65.6
CD012712_pub2_data__A3,CD012712,64.0,20.0,60.0,99.8,100.0,69,C,Caution Advised,65.6
CD014965_pub2_data__A24,CD014965,92.0,40.0,40.0,99.7,75.0,69,C,Caution Advised,65.6
CD014965_pub2_data__A25,CD014965,92.0,40.0,40.0,99.7,75.0,69,C,Caution Advised,65.6
CD014965_pub2_data__A26,CD014965,92.0,40.0,40.0,99.7,75.0,69,C,Caution Advised,65.6
CD013468_pub2_data__A2,CD013468,92.0,100.0,30.0,50.0,75.0,69,C,Caution Advised,65.6
CD006982_pub5_data__A2,CD006982,92.0,100.0,30.0,98.3,25.0,69,C,Caution Advised,65.6
CD012635_pub2_data__A8,CD012635,92.0,100.0,40.0,65.0,50.0,69,C,Caution Advised,65.6
CD012635_pub2_data__A9,CD012635,92.0,100.0,40.0,65.0,50.0,69,C,Caution Advised,65.6
CD015229_pub2_data__A1,CD015229,80.0,100.0,40.0,99.7,25.0,69,C,Caution Advised,65.6
CD015229_pub2_data__A5,CD015229,80.0,100.0,40.0,99.7,25.0,69,C,Caution Advised,65.6
CD010441_pub3_data__A1,CD010441,52.0,100.0,60.0,58.7,75.0,69,C,Caution Advised,65.6
CD006023_pub4_data__A3,CD006023,40.0,100.0,30.0,73.8,100.0,69,C,Caution Advised,65.6
CD012572_pub3_data__A12,CD012572,92.0,100.0,70.0,56.0,25.0,69,C,Caution Advised,65.6
CD012572_pub3_data__A3,CD012572,92.0,100.0,70.0,56.0,25.0,69,C,Caution Advised,65.6
CD012572_pub3_data__A4,CD012572,92.0,100.0,70.0,56.0,25.0,69,C,Caution Advised,65.6
CD012572_pub3_data__A2,CD012572,92.0,100.0,70.0,56.0,25.0,69,C,Caution Advised,65.6
CD012586_pub2_data__A9,CD012586,100.0,100.0,30.0,41.5,75.0,69,C,Caution Advised,65.6
CD015101_data__A2,CD015101,92.0,100.0,30.0,50.0,75.0,69,C,Caution Advised,65.6
CD015968_data__A1,CD015968,72.0,100.0,40.0,84.6,50.0,69,C,Caution Advised,65.6
CD012642_pub2_data__A9,CD012642,92.0,100.0,40.0,88.9,25.0,69,C,Caution Advised,65.6
CD006023_pub4_data__A1,CD006023,60.0,80.0,30.0,73.8,100.0,69,C,Caution Advised,65.6
CD015698_pub2_data__A5,CD015698,100.0,100.0,50.0,44.3,50.0,69,C,Caution Advised,65.6
CD013707_pub2_data__A2,CD013707,92.0,100.0,30.0,50.0,75.0,69,C,Caution Advised,65.6
CD015215_pub2_data__A2,CD015215,44.0,65.0,70.0,90.8,75.0,69,C,Caution Advised,65.6
CD013303_pub2_data__A2,CD013303,92.0,100.0,30.0,50.0,75.0,69,C,Caution Advised,65.6
CD013303_pub2_data__A11,CD013303,92.0,100.0,30.0,50.0,75.0,69,C,Caution Advised,65.6
CD013303_pub2_data__A15,CD013303,92.0,100.0,30.0,50.0,75.0,69,C,Caution Advised,65.6
CD015215_pub2_data__A3,CD015215,16.0,100.0,40.0,90.8,100.0,69,C,Caution Advised,65.6
CD010441_pub3_data__A5,CD010441,84.0,100.0,50.0,58.7,50.0,69,C,Caution Advised,65.6
CD015123_pub2_data__A3,CD015123,92.0,100.0,30.0,50.0,75.0,69,C,Caution Advised,65.6
CD015530_pub2_data__A1,CD015530,92.0,100.0,30.0,50.0,75.0,69,C,Caution Advised,65.6
CD016001_data__A10,CD016001,92.0,100.0,80.0,50.0,25.0,69,C,Caution Advised,65.6
CD015968_data__A5,CD015968,72.0,100.0,40.0,84.6,50.0,69,C,Caution Advised,65.6
CD015387_pub2_data__A8,CD015387,92.0,100.0,80.0,0.2,75.0,69,C,Caution Advised,65.6
CD015387_pub2_data__A7,CD015387,92.0,100.0,80.0,0.2,75.0,69,C,Caution Advised,65.6
CD014872_pub2_data__A12,CD014872,72.0,100.0,70.0,1.3,100.0,69,C,Caution Advised,65.6
CD013456_pub2_data__A1,CD013456,84.0,100.0,30.0,32.6,100.0,69,C,Caution Advised,65.6
CD008564_pub3_data__A3,CD008564,84.0,100.0,30.0,32.0,100.0,69,C,Caution Advised,65.6
CD001396_pub4_data__A7,CD001396,92.0,100.0,80.0,0.3,75.0,69,C,Caution Advised,65.6
CD001431_pub6_data__A2,CD001431,24.0,60.0,60.0,99.8,100.0,69,C,Caution Advised,65.6
CD008564_pub3_data__A4,CD008564,84.0,100.0,30.0,32.0,100.0,69,C,Caution Advised,65.6
CD008709_pub4_data__A6,CD008709,92.0,100.0,30.0,46.4,75.0,69,C,Caution Advised,65.6
CD011841_pub3_data__A1,CD011841,72.0,80.0,10.0,81.4,100.0,69,C,Caution Advised,65.6
CD011841_pub3_data__A2,CD011841,52.0,80.0,30.0,81.4,100.0,69,C,Caution Advised,65.6
CD011841_pub3_data__A4,CD011841,52.0,100.0,10.0,81.4,100.0,69,C,Caution Advised,65.6
CD011851_pub3_data__A12,CD011851,92.0,100.0,70.0,58.5,25.0,69,C,Caution Advised,65.6
CD015145_pub2_data__A1,CD015145,44.0,100.0,50.0,53.0,100.0,69,C,Caution Advised,65.6
CD011851_pub3_data__A15,CD011851,92.0,100.0,70.0,58.5,25.0,69,C,Caution Advised,65.6
CD008709_pub4_data__A2,CD008709,92.0,100.0,30.0,46.4,75.0,69,C,Caution Advised,65.6
CD015532_data__A13,CD015532,92.0,100.0,60.0,67.4,25.0,69,C,Caution Advised,65.6
CD015532_data__A18,CD015532,92.0,100.0,60.0,67.4,25.0,69,C,Caution Advised,65.6
CD014932_pub2_data__A1,CD014932,92.0,100.0,40.0,10.8,100.0,69,C,Caution Advised,65.6
CD015532_data__A17,CD015532,100.0,100.0,30.0,67.4,50.0,69,C,Caution Advised,65.6
CD015532_data__A3,CD015532,56.0,100.0,20.0,67.4,100.0,69,C,Caution Advised,65.6
CD015532_data__A8,CD015532,100.0,100.0,30.0,67.4,50.0,69,C,Caution Advised,65.6
CD013613_pub2_data__A14,CD013613,72.0,100.0,30.0,92.2,50.0,69,C,Caution Advised,65.6
CD015532_data__A16,CD015532,92.0,100.0,60.0,67.4,25.0,69,C,Caution Advised,65.6
CD014932_pub2_data__A2,CD014932,92.0,100.0,40.0,10.8,100.0,69,C,Caution Advised,65.6
CD015145_pub2_data__A15,CD015145,44.0,100.0,50.0,53.0,100.0,69,C,Caution Advised,65.6
CD015145_pub2_data__A14,CD015145,44.0,100.0,50.0,53.0,100.0,69,C,Caution Advised,65.6
CD015532_data__A9,CD015532,64.0,100.0,40.0,67.4,75.0,69,C,Caution Advised,65.6
CD016131_data__A7,CD016131,72.0,100.0,30.0,92.8,50.0,69,C,Caution Advised,65.6
CD015145_pub2_data__A13,CD015145,44.0,100.0,50.0,53.0,100.0,69,C,Caution Advised,65.6
CD009752_pub3_data__A3,CD009752,92.0,100.0,30.0,50.0,75.0,69,C,Caution Advised,65.6
CD013748_pub2_data__A5,CD013748,56.0,100.0,40.0,74.2,75.0,69,C,Caution Advised,65.6
CD016002_data__A2,CD016002,56.0,100.0,40.0,50.0,100.0,69,C,Caution Advised,65.6
CD013456_pub2_data__A7,CD013456,64.0,100.0,50.0,32.6,100.0,69,C,Caution Advised,65.6
CD016001_data__A9,CD016001,92.0,100.0,80.0,50.0,25.0,69,C,Caution Advised,65.6
CD016002_data__A3,CD016002,92.0,100.0,30.0,50.0,75.0,69,C,Caution Advised,65.6
CD013764_pub2_data__A7,CD013764,84.0,100.0,60.0,73.7,25.0,69,C,Caution Advised,65.6
CD007388_pub3_data__A14,CD007388,92.0,100.0,30.0,50.0,75.0,69,C,Caution Advised,65.6
CD013781_pub2_data__A2,CD013781,72.0,100.0,70.0,0.6,100.0,69,C,Caution Advised,65.6
CD002203_pub5_data__A10,CD002203,92.0,100.0,80.0,0.4,75.0,69,C,Caution Advised,65.6
CD013764_pub2_data__A3,CD013764,92.0,100.0,30.0,73.7,50.0,69,C,Caution Advised,65.6
CD013764_pub2_data__A4,CD013764,92.0,100.0,30.0,73.7,50.0,69,C,Caution Advised,65.6
CD013764_pub2_data__A6,CD013764,84.0,100.0,60.0,73.7,25.0,69,C,Caution Advised,65.6
CD010145_pub2_data__A3,CD010145,92.0,100.0,40.0,39.5,75.0,69,C,Caution Advised,65.6
CD013789_pub2_data__A1,CD013789,60.0,100.0,10.0,99.4,75.0,69,C,Caution Advised,65.6
CD008237_pub4_data__A2,CD008237,84.0,100.0,80.0,0.1,75.0,68,C,Caution Advised,64.3
CD014687_pub2_data__A2,CD014687,64.0,100.0,50.0,50.0,75.0,68,C,Caution Advised,64.3
CD012642_pub2_data__A7,CD012642,84.0,100.0,40.0,88.9,25.0,68,C,Caution Advised,64.3
CD015786_pub2_data__A1,CD015786,100.0,100.0,40.0,25.6,75.0,68,C,Caution Advised,64.3
CD013278_pub3_data__A23,CD013278,100.0,100.0,40.0,26.0,75.0,68,C,Caution Advised,64.3
CD014965_pub2_data__A2,CD014965,76.0,0.0,90.0,99.7,75.0,68,C,Caution Advised,64.3
CD014965_pub2_data__A10,CD014965,84.0,90.0,40.0,99.7,25.0,68,C,Caution Advised,64.3
CD005133_pub4_data__A10,CD005133,72.0,100.0,20.0,98.8,50.0,68,C,Caution Advised,64.3
CD013614_pub2_data__A1,CD013614,20.0,80.0,40.0,99.9,100.0,68,C,Caution Advised,64.3
CD015060_pub2_data__A1,CD015060,84.0,100.0,30.0,50.0,75.0,68,C,Caution Advised,64.3
CD015519_pub2_data__A2,CD015519,84.0,100.0,30.0,50.0,75.0,68,C,Caution Advised,64.3
CD004184_pub3_data__A9,CD004184,92.0,100.0,40.0,6.1,100.0,68,C,Caution Advised,64.3
CD001920_pub4_data__A9,CD001920,72.0,100.0,20.0,99.1,50.0,68,C,Caution Advised,64.3
CD002042_pub6_data__A1,CD002042,32.0,70.0,40.0,99.6,100.0,68,C,Caution Advised,64.3
CD001920_pub4_data__A3,CD001920,72.0,50.0,20.0,99.1,100.0,68,C,Caution Advised,64.3
CD009945_pub3_data__A1,CD009945,84.0,100.0,30.0,99.4,25.0,68,C,Caution Advised,64.3
CD002042_pub6_data__A2,CD002042,32.0,70.0,40.0,99.6,100.0,68,C,Caution Advised,64.3
CD009531_pub3_data__A4,CD009531,84.0,100.0,80.0,2.0,75.0,68,C,Caution Advised,64.3
CD004992_pub4_data__A5,CD004992,92.0,100.0,30.0,68.5,50.0,68,C,Caution Advised,64.3
CD015145_pub2_data__A4,CD015145,92.0,100.0,70.0,53.0,25.0,68,C,Caution Advised,64.3
CD010861_pub3_data__A6,CD010861,84.0,100.0,30.0,50.0,75.0,68,C,Caution Advised,64.3
CD015145_pub2_data__A5,CD015145,92.0,100.0,70.0,53.0,25.0,68,C,Caution Advised,64.3
CD015145_pub2_data__A6,CD015145,80.0,100.0,30.0,53.0,75.0,68,C,Caution Advised,64.3
CD015134_pub2_data__A4,CD015134,84.0,70.0,40.0,94.6,50.0,68,C,Caution Advised,64.3
CD014944_pub2_data__A2,CD014944,72.0,100.0,20.0,99.8,50.0,68,C,Caution Advised,64.3
CD011851_pub3_data__A14,CD011851,92.0,100.0,40.0,58.5,50.0,68,C,Caution Advised,64.3
CD011851_pub3_data__A13,CD011851,92.0,100.0,40.0,58.5,50.0,68,C,Caution Advised,64.3
CD011851_pub3_data__A8,CD011851,92.0,100.0,40.0,58.5,50.0,68,C,Caution Advised,64.3
CD011851_pub3_data__A2,CD011851,92.0,100.0,40.0,58.5,50.0,68,C,Caution Advised,64.3
CD011851_pub3_data__A5,CD011851,92.0,100.0,40.0,58.5,50.0,68,C,Caution Advised,64.3
CD008709_pub4_data__A3,CD008709,72.0,100.0,20.0,46.4,100.0,68,C,Caution Advised,64.3
CD011851_pub3_data__A1,CD011851,92.0,100.0,40.0,58.5,50.0,68,C,Caution Advised,64.3
CD008709_pub4_data__A7,CD008709,72.0,100.0,20.0,46.4,100.0,68,C,Caution Advised,64.3
CD011689_pub4_data__A13,CD011689,0.0,100.0,40.0,100.0,100.0,68,C,Caution Advised,64.3
CD011689_pub4_data__A7,CD011689,12.0,90.0,40.0,100.0,100.0,68,C,Caution Advised,64.3
CD010216_pub9_data__A1,CD010216,20.0,90.0,30.0,100.0,100.0,68,C,Caution Advised,64.3
CD015145_pub2_data__A2,CD015145,92.0,100.0,70.0,53.0,25.0,68,C,Caution Advised,64.3
CD014855_pub2_data__A3,CD014855,60.0,100.0,30.0,99.3,50.0,68,C,Caution Advised,64.3
CD003962_pub3_data__A2,CD003962,92.0,100.0,40.0,6.5,100.0,68,C,Caution Advised,64.3
CD008237_pub4_data__A3,CD008237,84.0,100.0,80.0,0.1,75.0,68,C,Caution Advised,64.3
CD015122_pub2_data__A6,CD015122,84.0,100.0,80.0,0.2,75.0,68,C,Caution Advised,64.3
CD015698_pub2_data__A3,CD015698,92.0,100.0,80.0,44.3,25.0,68,C,Caution Advised,64.3
CD014820_pub2_data__A2,CD014820,72.0,100.0,70.0,0.5,100.0,68,C,Caution Advised,64.3
CD015698_pub2_data__A6,CD015698,92.0,100.0,80.0,44.3,25.0,68,C,Caution Advised,64.3
CD003833_pub5_data__A3,CD003833,92.0,100.0,50.0,24.6,75.0,68,C,Caution Advised,64.3
CD010966_pub4_data__A6,CD010966,4.0,100.0,40.0,96.0,100.0,68,C,Caution Advised,64.3
CD004184_pub3_data__A10,CD004184,92.0,100.0,40.0,6.1,100.0,68,C,Caution Advised,64.3
CD015332_pub2_data__A6,CD015332,72.0,100.0,20.0,99.9,50.0,68,C,Caution Advised,64.3
CD015332_pub2_data__A13,CD015332,72.0,100.0,20.0,99.9,50.0,68,C,Caution Advised,64.3
CD013748_pub2_data__A6,CD013748,84.0,100.0,30.0,74.2,50.0,68,C,Caution Advised,64.3
CD012572_pub3_data__A5,CD012572,92.0,100.0,40.0,56.0,50.0,68,C,Caution Advised,64.3
CD002052_pub4_data__A6,CD002052,84.0,100.0,50.0,80.9,25.0,68,C,Caution Advised,64.3
CD015122_pub2_data__A2,CD015122,84.0,100.0,80.0,0.2,75.0,68,C,Caution Advised,64.3
CD013278_pub3_data__A20,CD013278,100.0,100.0,40.0,26.0,75.0,68,C,Caution Advised,64.3
CD015120_pub2_data__A2,CD015120,92.0,100.0,80.0,40.9,25.0,68,C,Caution Advised,64.3
CD013278_pub3_data__A10,CD013278,100.0,100.0,40.0,26.0,75.0,68,C,Caution Advised,64.3
CD013278_pub3_data__A8,CD013278,100.0,100.0,40.0,26.0,75.0,68,C,Caution Advised,64.3
CD015786_pub2_data__A2,CD015786,100.0,100.0,40.0,25.6,75.0,68,C,Caution Advised,64.3
CD012572_pub3_data__A1,CD012572,92.0,100.0,40.0,56.0,50.0,68,C,Caution Advised,64.3
CD012642_pub2_data__A6,CD012642,84.0,100.0,40.0,88.9,25.0,68,C,Caution Advised,64.3
CD015584_pub2_data__A8,CD015584,84.0,100.0,80.0,0.1,75.0,68,C,Caution Advised,64.3
CD011330_pub2_data__A3,CD011330,100.0,100.0,30.0,59.0,50.0,68,C,Caution Advised,64.3
CD011330_pub2_data__A5,CD011330,100.0,100.0,30.0,59.0,50.0,68,C,Caution Advised,64.3
CD013278_pub3_data__A17,CD013278,100.0,100.0,40.0,26.0,75.0,68,C,Caution Advised,64.3
CD011218_pub2_data__A1,CD011218,72.0,100.0,20.0,50.0,100.0,68,C,Caution Advised,64.3
CD005133_pub4_data__A9,CD005133,84.0,100.0,30.0,98.8,25.0,68,C,Caution Advised,64.3
CD013278_pub3_data__A12,CD013278,100.0,100.0,40.0,26.0,75.0,68,C,Caution Advised,64.3
CD015698_pub2_data__A4,CD015698,92.0,100.0,80.0,44.3,25.0,68,C,Caution Advised,64.3
CD015122_pub2_data__A7,CD015122,84.0,100.0,80.0,0.2,75.0,68,C,Caution Advised,64.3
CD010145_pub2_data__A20,CD010145,52.0,100.0,50.0,39.5,100.0,68,C,Caution Advised,64.3
CD003962_pub3_data__A13,CD003962,92.0,100.0,40.0,6.5,100.0,68,C,Caution Advised,64.3
CD012429_pub2_data__A2,CD012429,68.0,100.0,40.0,33.7,100.0,68,C,Caution Advised,64.3
CD015849_pub2_data__A2,CD015849,64.0,100.0,70.0,0.8,100.0,67,C,Caution Advised,63.1
CD015331_pub2_data__A15,CD015331,92.0,100.0,40.0,0.7,100.0,67,C,Caution Advised,63.1
CD015804_pub2_data__A4,CD015804,72.0,100.0,40.0,99.8,25.0,67,C,Caution Advised,63.1
CD015331_pub2_data__A32,CD015331,92.0,100.0,40.0,0.7,100.0,67,C,Caution Advised,63.1
CD005133_pub4_data__A3,CD005133,16.0,100.0,20.0,98.8,100.0,67,C,Caution Advised,63.1
CD015331_pub2_data__A50,CD015331,92.0,100.0,40.0,0.7,100.0,67,C,Caution Advised,63.1
CD015331_pub2_data__A5,CD015331,92.0,100.0,40.0,0.7,100.0,67,C,Caution Advised,63.1
CD015331_pub2_data__A33,CD015331,92.0,100.0,40.0,0.7,100.0,67,C,Caution Advised,63.1
CD011204_pub3_data__A2,CD011204,64.0,100.0,70.0,0.2,100.0,67,C,Caution Advised,63.1
CD015331_pub2_data__A17,CD015331,92.0,100.0,40.0,0.7,100.0,67,C,Caution Advised,63.1
CD010533_pub3_data__A3,CD010533,92.0,100.0,30.0,10.6,100.0,67,C,Caution Advised,63.1
CD006632_pub3_data__A6,CD006632,92.0,100.0,40.0,1.0,100.0,67,C,Caution Advised,63.1
CD006632_pub3_data__A3,CD006632,92.0,100.0,40.0,1.0,100.0,67,C,Caution Advised,63.1
CD014965_pub2_data__A27,CD014965,84.0,60.0,40.0,99.7,50.0,67,C,Caution Advised,63.1
CD014965_pub2_data__A6,CD014965,92.0,30.0,40.0,99.7,75.0,67,C,Caution Advised,63.1
CD006632_pub3_data__A12,CD006632,92.0,100.0,40.0,1.0,100.0,67,C,Caution Advised,63.1
CD015252_pub2_data__A1,CD015252,84.0,100.0,30.0,44.0,75.0,67,C,Caution Advised,63.1
CD014617_pub3_data__A2,CD014617,84.0,100.0,30.0,71.6,50.0,67,C,Caution Advised,63.1
CD010533_pub3_data__A5,CD010533,92.0,100.0,30.0,10.6,100.0,67,C,Caution Advised,63.1
CD013278_pub3_data__A13,CD013278,68.0,100.0,40.0,26.0,100.0,67,C,Caution Advised,63.1
CD014617_pub3_data__A1,CD014617,84.0,100.0,30.0,71.6,50.0,67,C,Caution Advised,63.1
CD011535_pub7_data__A4,CD011535,32.0,65.0,40.0,99.9,100.0,67,C,Caution Advised,63.1
CD015087_pub2_data__A3,CD015087,52.0,100.0,30.0,77.6,75.0,67,C,Caution Advised,63.1
CD015087_pub2_data__A6,CD015087,52.0,100.0,30.0,77.6,75.0,67,C,Caution Advised,63.1
CD013278_pub3_data__A21,CD013278,92.0,100.0,40.0,26.0,75.0,67,C,Caution Advised,63.1
CD013278_pub3_data__A9,CD013278,92.0,100.0,40.0,26.0,75.0,67,C,Caution Advised,63.1
CD013284_pub2_data__A4,CD013284,72.0,100.0,0.0,85.5,75.0,67,C,Caution Advised,63.1
CD011330_pub2_data__A6,CD011330,92.0,100.0,60.0,59.0,25.0,67,C,Caution Advised,63.1
CD015331_pub2_data__A1,CD015331,92.0,100.0,40.0,0.7,100.0,67,C,Caution Advised,63.1
CD015849_pub2_data__A3,CD015849,64.0,100.0,70.0,0.8,100.0,67,C,Caution Advised,63.1
CD015331_pub2_data__A23,CD015331,92.0,100.0,40.0,0.7,100.0,67,C,Caution Advised,63.1
CD015331_pub2_data__A22,CD015331,92.0,100.0,40.0,0.7,100.0,67,C,Caution Advised,63.1
CD015524_pub2_data__A9,CD015524,80.0,100.0,20.0,62.2,75.0,67,C,Caution Advised,63.1
CD015331_pub2_data__A56,CD015331,92.0,100.0,40.0,0.7,100.0,67,C,Caution Advised,63.1
CD015331_pub2_data__A16,CD015331,92.0,100.0,40.0,0.7,100.0,67,C,Caution Advised,63.1
CD015087_pub2_data__A11,CD015087,72.0,100.0,60.0,77.6,25.0,67,C,Caution Advised,63.1
CD011305_pub3_data__A9,CD011305,84.0,100.0,30.0,47.2,75.0,67,C,Caution Advised,63.1
CD006632_pub3_data__A1,CD006632,92.0,100.0,40.0,1.0,100.0,67,C,Caution Advised,63.1
CD015849_pub2_data__A5,CD015849,64.0,100.0,70.0,0.8,100.0,67,C,Caution Advised,63.1
CD015331_pub2_data__A6,CD015331,92.0,100.0,40.0,0.7,100.0,67,C,Caution Advised,63.1
CD010533_pub3_data__A1,CD010533,92.0,100.0,30.0,10.6,100.0,67,C,Caution Advised,63.1
CD010533_pub3_data__A2,CD010533,92.0,100.0,30.0,10.6,100.0,67,C,Caution Advised,63.1
CD011600_pub3_data__A5,CD011600,80.0,100.0,30.0,99.3,25.0,67,C,Caution Advised,63.1
CD016119_data__A12,CD016119,92.0,100.0,40.0,1.5,100.0,67,C,Caution Advised,63.1
CD008564_pub3_data__A9,CD008564,100.0,100.0,30.0,32.0,75.0,67,C,Caution Advised,63.1
CD010145_pub2_data__A22,CD010145,64.0,100.0,80.0,39.5,50.0,67,C,Caution Advised,63.1
CD015588_pub2_data__A42,CD015588,64.0,100.0,70.0,0.1,100.0,67,C,Caution Advised,63.1
CD015331_pub2_data__A82,CD015331,92.0,100.0,40.0,0.7,100.0,67,C,Caution Advised,63.1
CD015331_pub2_data__A85,CD015331,92.0,100.0,40.0,0.7,100.0,67,C,Caution Advised,63.1
CD015331_pub2_data__A83,CD015331,92.0,100.0,40.0,0.7,100.0,67,C,Caution Advised,63.1
CD015331_pub2_data__A84,CD015331,92.0,100.0,40.0,0.7,100.0,67,C,Caution Advised,63.1
CD015331_pub2_data__A80,CD015331,92.0,100.0,40.0,0.7,100.0,67,C,Caution Advised,63.1
CD015331_pub2_data__A81,CD015331,92.0,100.0,40.0,0.7,100.0,67,C,Caution Advised,63.1
CD016002_data__A15,CD016002,44.0,100.0,40.0,50.0,100.0,67,C,Caution Advised,63.1
CD016002_data__A17,CD016002,44.0,100.0,40.0,50.0,100.0,67,C,Caution Advised,63.1
CD015331_pub2_data__A78,CD015331,92.0,100.0,40.0,0.7,100.0,67,C,Caution Advised,63.1
CD015331_pub2_data__A77,CD015331,92.0,100.0,40.0,0.7,100.0,67,C,Caution Advised,63.1
CD015331_pub2_data__A76,CD015331,92.0,100.0,40.0,0.7,100.0,67,C,Caution Advised,63.1
CD015331_pub2_data__A79,CD015331,92.0,100.0,40.0,0.7,100.0,67,C,Caution Advised,63.1
CD015215_pub2_data__A13,CD015215,60.0,70.0,40.0,90.8,75.0,67,C,Caution Advised,63.1
CD012335_pub2_data__A13,CD012335,64.0,100.0,20.0,50.0,100.0,67,C,Caution Advised,63.1
CD013748_pub2_data__A7,CD013748,64.0,100.0,20.0,74.2,75.0,67,C,Caution Advised,63.1
CD008564_pub3_data__A8,CD008564,100.0,100.0,30.0,32.0,75.0,67,C,Caution Advised,63.1
CD016119_data__A4,CD016119,92.0,100.0,40.0,1.5,100.0,67,C,Caution Advised,63.1
CD008628_pub3_data__A7,CD008628,84.0,100.0,40.0,60.9,50.0,67,C,Caution Advised,63.1
CD003216_pub3_data__A1,CD003216,84.0,100.0,40.0,12.5,100.0,67,C,Caution Advised,63.1
CD015145_pub2_data__A3,CD015145,92.0,100.0,40.0,53.0,50.0,67,C,Caution Advised,63.1
CD016119_data__A6,CD016119,92.0,100.0,40.0,1.5,100.0,67,C,Caution Advised,63.1
CD016119_data__A5,CD016119,92.0,100.0,40.0,1.5,100.0,67,C,Caution Advised,63.1
CD016119_data__A7,CD016119,92.0,100.0,40.0,1.5,100.0,67,C,Caution Advised,63.1
CD016211_data__A8,CD016211,80.0,100.0,30.0,99.7,25.0,67,C,Caution Advised,63.1
CD016211_data__A6,CD016211,80.0,100.0,30.0,99.7,25.0,67,C,Caution Advised,63.1
CD013590_pub2_data__A1,CD013590,92.0,100.0,40.0,0.7,100.0,67,C,Caution Advised,63.1
CD013590_pub2_data__A4,CD013590,92.0,100.0,40.0,0.7,100.0,67,C,Caution Advised,63.1
CD013590_pub2_data__A2,CD013590,92.0,100.0,40.0,0.7,100.0,67,C,Caution Advised,63.1
CD010145_pub2_data__A1,CD010145,100.0,100.0,40.0,39.5,50.0,66,C,Caution Advised,61.9
CD013801_pub2_data__A27,CD013801,100.0,100.0,30.0,50.0,50.0,66,C,Caution Advised,61.9
CD015134_pub2_data__A6,CD015134,84.0,60.0,40.0,94.6,50.0,66,C,Caution Advised,61.9
CD015134_pub2_data__A2,CD015134,84.0,60.0,40.0,94.6,50.0,66,C,Caution Advised,61.9
CD015432_pub2_data__A6,CD015432,76.0,100.0,80.0,0.3,75.0,66,C,Caution Advised,61.9
CD015573_data__A2,CD015573,100.0,100.0,30.0,47.7,50.0,66,C,Caution Advised,61.9
CD013707_pub2_data__A4,CD013707,100.0,100.0,30.0,50.0,50.0,66,C,Caution Advised,61.9
CD003962_pub3_data__A4,CD003962,84.0,100.0,40.0,6.5,100.0,66,C,Caution Advised,61.9
CD013456_pub2_data__A8,CD013456,92.0,100.0,30.0,32.6,75.0,66,C,Caution Advised,61.9
CD011806_pub2_data__A3,CD011806,100.0,100.0,30.0,50.0,50.0,66,C,Caution Advised,61.9
CD012426_pub2_data__A3,CD012426,52.0,100.0,30.0,99.0,50.0,66,C,Caution Advised,61.9
CD008973_pub3_data__A2,CD008973,64.0,100.0,40.0,50.0,75.0,66,C,Caution Advised,61.9
CD013331_pub2_data__A3,CD013331,100.0,100.0,30.0,50.0,50.0,66,C,Caution Advised,61.9
CD015145_pub2_data__A9,CD015145,52.0,100.0,50.0,53.0,75.0,66,C,Caution Advised,61.9
CD013331_pub2_data__A2,CD013331,100.0,100.0,30.0,50.0,50.0,66,C,Caution Advised,61.9
CD016002_data__A4,CD016002,100.0,100.0,30.0,50.0,50.0,66,C,Caution Advised,61.9
CD001552_pub3_data__A7,CD001552,100.0,100.0,30.0,26.7,75.0,66,C,Caution Advised,61.9
CD012079_pub2_data__A7,CD012079,80.0,100.0,50.0,0.1,100.0,66,C,Caution Advised,61.9
CD013801_pub2_data__A28,CD013801,100.0,100.0,30.0,50.0,50.0,66,C,Caution Advised,61.9
CD001552_pub3_data__A5,CD001552,100.0,100.0,30.0,26.7,75.0,66,C,Caution Advised,61.9
CD001552_pub3_data__A4,CD001552,100.0,100.0,30.0,26.7,75.0,66,C,Caution Advised,61.9
CD011806_pub2_data__A15,CD011806,100.0,100.0,30.0,50.0,50.0,66,C,Caution Advised,61.9
CD015332_pub2_data__A5,CD015332,60.0,100.0,20.0,99.9,50.0,66,C,Caution Advised,61.9
CD016058_pub2_data__A5,CD016058,100.0,100.0,30.0,50.0,50.0,66,C,Caution Advised,61.9
CD003216_pub3_data__A3,CD003216,100.0,100.0,40.0,12.5,75.0,66,C,Caution Advised,61.9
CD006185_pub6_data__A5,CD006185,92.0,100.0,40.0,0.5,100.0,66,C,Caution Advised,61.9
CD001533_pub7_data__A1,CD001533,20.0,100.0,30.0,82.1,100.0,66,C,Caution Advised,61.9
CD015448_pub2_data__A3,CD015448,92.0,100.0,30.0,10.4,100.0,66,C,Caution Advised,61.9
CD009730_pub3_data__A3,CD009730,92.0,100.0,30.0,6.5,100.0,66,C,Caution Advised,61.9
CD007110_pub4_data__A2,CD007110,80.0,100.0,0.0,50.0,100.0,66,C,Caution Advised,61.9
CD007110_pub4_data__A1,CD007110,80.0,100.0,0.0,50.0,100.0,66,C,Caution Advised,61.9
CD009730_pub3_data__A2,CD009730,92.0,100.0,30.0,6.5,100.0,66,C,Caution Advised,61.9
CD003129_pub2_data__A7,CD003129,100.0,100.0,30.0,27.5,75.0,66,C,Caution Advised,61.9
CD003129_pub2_data__A6,CD003129,100.0,100.0,30.0,27.5,75.0,66,C,Caution Advised,61.9
CD013342_pub2_data__A6,CD013342,76.0,100.0,80.0,0.4,75.0,66,C,Caution Advised,61.9
CD015448_pub2_data__A1,CD015448,92.0,100.0,30.0,10.4,100.0,66,C,Caution Advised,61.9
CD012445_pub2_data__A8,CD012445,92.0,100.0,40.0,74.6,25.0,66,C,Caution Advised,61.9
CD013294_pub2_data__A12,CD013294,100.0,100.0,30.0,50.0,50.0,66,C,Caution Advised,61.9
CD014769_pub2_data__A16,CD014769,56.0,100.0,70.0,3.7,100.0,66,C,Caution Advised,61.9
CD015462_pub2_data__A10,CD015462,100.0,100.0,30.0,50.0,50.0,66,C,Caution Advised,61.9
CD016001_data__A1,CD016001,80.0,100.0,0.0,50.0,100.0,66,C,Caution Advised,61.9
CD012570_pub2_data__A7,CD012570,92.0,100.0,60.0,54.8,25.0,66,C,Caution Advised,61.9
CD013294_pub2_data__A5,CD013294,100.0,100.0,30.0,50.0,50.0,66,C,Caution Advised,61.9
CD013294_pub2_data__A11,CD013294,100.0,100.0,30.0,50.0,50.0,66,C,Caution Advised,61.9
CD014965_pub2_data__A15,CD014965,92.0,50.0,40.0,99.7,50.0,66,C,Caution Advised,61.9
CD014965_pub2_data__A12,CD014965,76.0,60.0,70.0,99.7,25.0,66,C,Caution Advised,61.9
CD012642_pub2_data__A4,CD012642,60.0,100.0,30.0,88.9,50.0,66,C,Caution Advised,61.9
CD014965_pub2_data__A7,CD014965,84.0,30.0,40.0,99.7,75.0,66,C,Caution Advised,61.9
CD015875_data__A7,CD015875,100.0,100.0,30.0,50.0,50.0,66,C,Caution Advised,61.9
CD015087_pub2_data__A7,CD015087,72.0,100.0,30.0,77.6,50.0,66,C,Caution Advised,61.9
CD015524_pub2_data__A34,CD015524,92.0,100.0,50.0,62.2,25.0,66,C,Caution Advised,61.9
CD015875_data__A21,CD015875,100.0,100.0,30.0,50.0,50.0,66,C,Caution Advised,61.9
CD015875_data__A18,CD015875,100.0,100.0,30.0,50.0,50.0,66,C,Caution Advised,61.9
CD014574_pub2_data__A2,CD014574,100.0,100.0,30.0,50.0,50.0,66,C,Caution Advised,61.9
CD015855_data__A3,CD015855,100.0,100.0,30.0,50.0,50.0,66,C,Caution Advised,61.9
CD012886_pub3_data__A7,CD012886,100.0,100.0,30.0,50.0,50.0,66,C,Caution Advised,61.9
CD012886_pub3_data__A6,CD012886,100.0,100.0,30.0,50.0,50.0,66,C,Caution Advised,61.9
CD015084_pub2_data__A4,CD015084,100.0,100.0,30.0,50.0,50.0,66,C,Caution Advised,61.9
CD015084_pub2_data__A3,CD015084,100.0,100.0,30.0,50.0,50.0,66,C,Caution Advised,61.9
CD013166_pub3_data__A2,CD013166,80.0,100.0,0.0,50.0,100.0,66,C,Caution Advised,61.9
CD004925_pub4_data__A1,CD004925,80.0,100.0,50.0,0.7,100.0,66,C,Caution Advised,61.9
CD013827_pub2_data__A2,CD013827,92.0,100.0,40.0,0.2,100.0,66,C,Caution Advised,61.9
CD013853_pub2_data__A4,CD013853,100.0,100.0,30.0,50.0,50.0,66,C,Caution Advised,61.9
CD013853_pub2_data__A3,CD013853,100.0,100.0,30.0,50.0,50.0,66,C,Caution Advised,61.9
CD005133_pub4_data__A1,CD005133,32.0,100.0,0.0,98.8,100.0,66,C,Caution Advised,61.9
CD007837_pub3_data__A7,CD007837,100.0,100.0,30.0,50.0,50.0,66,C,Caution Advised,61.9
CD007837_pub3_data__A6,CD007837,100.0,100.0,30.0,50.0,50.0,66,C,Caution Advised,61.9
CD007837_pub3_data__A5,CD007837,100.0,100.0,30.0,50.0,50.0,66,C,Caution Advised,61.9
CD007837_pub3_data__A4,CD007837,100.0,100.0,30.0,50.0,50.0,66,C,Caution Advised,61.9
CD007837_pub3_data__A2,CD007837,100.0,100.0,30.0,50.0,50.0,66,C,Caution Advised,61.9
CD013059_pub2_data__A3,CD013059,92.0,100.0,30.0,33.3,75.0,66,C,Caution Advised,61.9
CD015820_pub2_data__A4,CD015820,92.0,100.0,40.0,72.5,25.0,66,C,Caution Advised,61.9
CD015820_pub2_data__A2,CD015820,92.0,100.0,40.0,72.5,25.0,66,C,Caution Advised,61.9
CD001920_pub4_data__A4,CD001920,72.0,40.0,20.0,99.1,100.0,66,C,Caution Advised,61.9
CD016119_data__A9,CD016119,84.0,100.0,40.0,1.5,100.0,65,C,Caution Advised,56.4
CD011793_pub3_data__A12,CD011793,92.0,100.0,30.0,1.3,100.0,65,C,Caution Advised,56.4
CD014935_pub2_data__A4,CD014935,72.0,100.0,30.0,99.7,25.0,65,C,Caution Advised,56.4
CD014932_pub2_data__A5,CD014932,100.0,100.0,40.0,10.8,75.0,65,C,Caution Advised,56.4
CD014932_pub2_data__A4,CD014932,100.0,100.0,40.0,10.8,75.0,65,C,Caution Advised,56.4
CD014932_pub2_data__A3,CD014932,100.0,100.0,40.0,10.8,75.0,65,C,Caution Advised,56.4
CD014920_pub2_data__A6,CD014920,92.0,100.0,60.0,50.0,25.0,65,C,Caution Advised,56.4
CD014920_pub2_data__A5,CD014920,92.0,100.0,60.0,50.0,25.0,65,C,Caution Advised,56.4
CD014920_pub2_data__A3,CD014920,92.0,100.0,60.0,50.0,25.0,65,C,Caution Advised,56.4
CD014920_pub2_data__A2,CD014920,92.0,100.0,60.0,50.0,25.0,65,C,Caution Advised,56.4
CD007130_pub5_data__A9,CD007130,92.0,100.0,30.0,1.7,100.0,65,C,Caution Advised,56.4
CD013729_pub2_data__A7,CD013729,92.0,100.0,60.0,50.0,25.0,65,C,Caution Advised,56.4
CD013729_pub2_data__A6,CD013729,92.0,100.0,60.0,50.0,25.0,65,C,Caution Advised,56.4
CD013729_pub2_data__A5,CD013729,92.0,100.0,60.0,50.0,25.0,65,C,Caution Advised,56.4
CD013729_pub2_data__A12,CD013729,92.0,100.0,60.0,50.0,25.0,65,C,Caution Advised,56.4
CD013729_pub2_data__A11,CD013729,92.0,100.0,60.0,50.0,25.0,65,C,Caution Advised,56.4
CD011806_pub2_data__A16,CD011806,92.0,100.0,60.0,50.0,25.0,65,C,Caution Advised,56.4
CD011806_pub2_data__A11,CD011806,92.0,100.0,60.0,50.0,25.0,65,C,Caution Advised,56.4
CD011800_pub2_data__A7,CD011800,92.0,100.0,60.0,50.0,25.0,65,C,Caution Advised,56.4
CD011800_pub2_data__A6,CD011800,92.0,100.0,60.0,50.0,25.0,65,C,Caution Advised,56.4
CD011800_pub2_data__A5,CD011800,92.0,100.0,60.0,50.0,25.0,65,C,Caution Advised,56.4
CD011800_pub2_data__A4,CD011800,92.0,100.0,60.0,50.0,25.0,65,C,Caution Advised,56.4
CD011800_pub2_data__A3,CD011800,92.0,100.0,60.0,50.0,25.0,65,C,Caution Advised,56.4
CD008771_pub3_data__A1,CD008771,92.0,100.0,60.0,50.0,25.0,65,C,Caution Advised,56.4
CD008709_pub4_data__A9,CD008709,60.0,100.0,20.0,46.4,100.0,65,C,Caution Advised,56.4
CD011806_pub2_data__A5,CD011806,92.0,100.0,60.0,50.0,25.0,65,C,Caution Advised,56.4
CD015158_pub2_data__A15,CD015158,92.0,100.0,60.0,50.0,25.0,65,C,Caution Advised,56.4
CD015158_pub2_data__A14,CD015158,92.0,100.0,60.0,50.0,25.0,65,C,Caution Advised,56.4
CD015158_pub2_data__A13,CD015158,92.0,100.0,60.0,50.0,25.0,65,C,Caution Advised,56.4
CD015158_pub2_data__A12,CD015158,92.0,100.0,60.0,50.0,25.0,65,C,Caution Advised,56.4
CD015140_pub2_data__A11,CD015140,92.0,100.0,30.0,0.7,100.0,65,C,Caution Advised,56.4
CD008771_pub3_data__A3,CD008771,92.0,100.0,60.0,50.0,25.0,65,C,Caution Advised,56.4
CD008771_pub3_data__A22,CD008771,92.0,100.0,60.0,50.0,25.0,65,C,Caution Advised,56.4
CD008771_pub3_data__A21,CD008771,92.0,100.0,60.0,50.0,25.0,65,C,Caution Advised,56.4
CD008873_pub5_data__A8,CD008873,92.0,100.0,60.0,50.0,25.0,65,C,Caution Advised,56.4
CD011060_pub2_data__A2,CD011060,92.0,100.0,60.0,50.0,25.0,65,C,Caution Advised,56.4
CD011060_pub2_data__A1,CD011060,92.0,100.0,60.0,50.0,25.0,65,C,Caution Advised,56.4
CD015158_pub2_data__A11,CD015158,92.0,100.0,60.0,50.0,25.0,65,C,Caution Advised,56.4
CD015158_pub2_data__A10,CD015158,92.0,100.0,60.0,50.0,25.0,65,C,Caution Advised,56.4
CD015158_pub2_data__A1,CD015158,92.0,100.0,60.0,50.0,25.0,65,C,Caution Advised,56.4
CD008771_pub3_data__A20,CD008771,92.0,100.0,60.0,50.0,25.0,65,C,Caution Advised,56.4
CD008771_pub3_data__A2,CD008771,92.0,100.0,60.0,50.0,25.0,65,C,Caution Advised,56.4
CD008771_pub3_data__A19,CD008771,92.0,100.0,60.0,50.0,25.0,65,C,Caution Advised,56.4
CD008771_pub3_data__A15,CD008771,92.0,100.0,60.0,50.0,25.0,65,C,Caution Advised,56.4
CD008771_pub3_data__A10,CD008771,92.0,100.0,60.0,50.0,25.0,65,C,Caution Advised,56.4
CD011670_pub3_data__A5,CD011670,100.0,100.0,40.0,37.3,50.0,65,C,Caution Advised,56.4
CD003214_pub4_data__A8,CD003214,92.0,100.0,60.0,50.0,25.0,65,C,Caution Advised,56.4
CD003214_pub4_data__A7,CD003214,92.0,100.0,60.0,50.0,25.0,65,C,Caution Advised,56.4
CD003214_pub4_data__A6,CD003214,92.0,100.0,60.0,50.0,25.0,65,C,Caution Advised,56.4
CD003214_pub4_data__A5,CD003214,92.0,100.0,60.0,50.0,25.0,65,C,Caution Advised,56.4
CD003214_pub4_data__A4,CD003214,92.0,100.0,60.0,50.0,25.0,65,C,Caution Advised,56.4
CD009752_pub3_data__A6,CD009752,92.0,100.0,60.0,50.0,25.0,65,C,Caution Advised,56.4
CD015140_pub2_data__A8,CD015140,92.0,100.0,30.0,0.7,100.0,65,C,Caution Advised,56.4
CD004667_pub6_data__A18,CD004667,52.0,100.0,70.0,1.4,100.0,65,C,Caution Advised,56.4
CD008873_pub5_data__A15,CD008873,92.0,100.0,60.0,50.0,25.0,65,C,Caution Advised,56.4
CD008873_pub5_data__A14,CD008873,92.0,100.0,60.0,50.0,25.0,65,C,Caution Advised,56.4
CD006404_pub5_data__A9,CD006404,72.0,100.0,50.0,0.8,100.0,65,C,Caution Advised,56.4
CD006404_pub5_data__A7,CD006404,92.0,100.0,30.0,0.8,100.0,65,C,Caution Advised,56.4
CD006404_pub5_data__A5,CD006404,92.0,100.0,30.0,0.8,100.0,65,C,Caution Advised,56.4
CD010861_pub3_data__A16,CD010861,80.0,100.0,20.0,50.0,75.0,65,C,Caution Advised,56.4
CD007130_pub5_data__A10,CD007130,92.0,100.0,30.0,1.7,100.0,65,C,Caution Advised,56.4
CD008771_pub3_data__A18,CD008771,92.0,100.0,60.0,50.0,25.0,65,C,Caution Advised,56.4
CD008771_pub3_data__A17,CD008771,92.0,100.0,60.0,50.0,25.0,65,C,Caution Advised,56.4
CD008771_pub3_data__A16,CD008771,92.0,100.0,60.0,50.0,25.0,65,C,Caution Advised,56.4
CD008628_pub3_data__A8,CD008628,60.0,100.0,30.0,60.9,75.0,65,C,Caution Advised,56.4
CD014891_pub2_data__A16,CD014891,92.0,100.0,60.0,50.0,25.0,65,C,Caution Advised,56.4
CD014891_pub2_data__A15,CD014891,92.0,100.0,60.0,50.0,25.0,65,C,Caution Advised,56.4
CD014891_pub2_data__A14,CD014891,92.0,100.0,60.0,50.0,25.0,65,C,Caution Advised,56.4
CD014891_pub2_data__A13,CD014891,92.0,100.0,60.0,50.0,25.0,65,C,Caution Advised,56.4
CD014891_pub2_data__A12,CD014891,92.0,100.0,60.0,50.0,25.0,65,C,Caution Advised,56.4
CD014891_pub2_data__A11,CD014891,92.0,100.0,60.0,50.0,25.0,65,C,Caution Advised,56.4
CD014891_pub2_data__A10,CD014891,92.0,100.0,60.0,50.0,25.0,65,C,Caution Advised,56.4
CD014891_pub2_data__A9,CD014891,92.0,100.0,60.0,50.0,25.0,65,C,Caution Advised,56.4
CD014891_pub2_data__A8,CD014891,92.0,100.0,60.0,50.0,25.0,65,C,Caution Advised,56.4
CD008709_pub4_data__A15,CD008709,80.0,100.0,0.0,46.4,100.0,65,C,Caution Advised,56.4
CD009752_pub3_data__A22,CD009752,92.0,100.0,60.0,50.0,25.0,65,C,Caution Advised,56.4
CD009752_pub3_data__A21,CD009752,92.0,100.0,60.0,50.0,25.0,65,C,Caution Advised,56.4
CD009752_pub3_data__A20,CD009752,92.0,100.0,60.0,50.0,25.0,65,C,Caution Advised,56.4
CD009752_pub3_data__A18,CD009752,92.0,100.0,60.0,50.0,25.0,65,C,Caution Advised,56.4
CD009752_pub3_data__A15,CD009752,92.0,100.0,60.0,50.0,25.0,65,C,Caution Advised,56.4
CD003214_pub4_data__A3,CD003214,92.0,100.0,60.0,50.0,25.0,65,C,Caution Advised,56.4
CD003214_pub4_data__A2,CD003214,92.0,100.0,60.0,50.0,25.0,65,C,Caution Advised,56.4
CD003214_pub4_data__A1,CD003214,92.0,100.0,60.0,50.0,25.0,65,C,Caution Advised,56.4
CD006214_pub5_data__A1,CD006214,92.0,100.0,60.0,50.0,25.0,65,C,Caution Advised,56.4
CD013377_pub2_data__A5,CD013377,92.0,100.0,60.0,50.0,25.0,65,C,Caution Advised,56.4
CD011624_pub3_data__A16,CD011624,92.0,100.0,60.0,50.0,25.0,65,C,Caution Advised,56.4
CD013729_pub2_data__A10,CD013729,92.0,100.0,60.0,50.0,25.0,65,C,Caution Advised,56.4
CD015373_pub2_data__A21,CD015373,72.0,100.0,30.0,99.7,25.0,65,C,Caution Advised,56.4
CD009752_pub3_data__A10,CD009752,100.0,70.0,30.0,50.0,75.0,65,C,Caution Advised,56.4
CD011624_pub3_data__A44,CD011624,92.0,100.0,60.0,50.0,25.0,65,C,Caution Advised,56.4
CD011624_pub3_data__A43,CD011624,92.0,100.0,60.0,50.0,25.0,65,C,Caution Advised,56.4
CD011624_pub3_data__A42,CD011624,92.0,100.0,60.0,50.0,25.0,65,C,Caution Advised,56.4
CD011624_pub3_data__A41,CD011624,92.0,100.0,60.0,50.0,25.0,65,C,Caution Advised,56.4
CD011624_pub3_data__A40,CD011624,92.0,100.0,60.0,50.0,25.0,65,C,Caution Advised,56.4
CD011670_pub3_data__A9,CD011670,92.0,100.0,70.0,37.3,25.0,65,C,Caution Advised,56.4
CD011670_pub3_data__A6,CD011670,92.0,100.0,70.0,37.3,25.0,65,C,Caution Advised,56.4
CD014891_pub2_data__A7,CD014891,92.0,100.0,60.0,50.0,25.0,65,C,Caution Advised,56.4
CD014891_pub2_data__A6,CD014891,92.0,100.0,60.0,50.0,25.0,65,C,Caution Advised,56.4
CD014891_pub2_data__A5,CD014891,92.0,100.0,60.0,50.0,25.0,65,C,Caution Advised,56.4
CD014891_pub2_data__A4,CD014891,92.0,100.0,60.0,50.0,25.0,65,C,Caution Advised,56.4
CD014891_pub2_data__A3,CD014891,92.0,100.0,60.0,50.0,25.0,65,C,Caution Advised,56.4
CD016119_data__A1,CD016119,72.0,100.0,50.0,1.5,100.0,65,C,Caution Advised,56.4
CD014891_pub2_data__A18,CD014891,92.0,100.0,60.0,50.0,25.0,65,C,Caution Advised,56.4
CD014891_pub2_data__A17,CD014891,92.0,100.0,60.0,50.0,25.0,65,C,Caution Advised,56.4
CD015158_pub2_data__A20,CD015158,92.0,100.0,60.0,50.0,25.0,65,C,Caution Advised,56.4
CD015158_pub2_data__A2,CD015158,92.0,100.0,60.0,50.0,25.0,65,C,Caution Advised,56.4
CD015158_pub2_data__A16,CD015158,92.0,100.0,60.0,50.0,25.0,65,C,Caution Advised,56.4
CD014872_pub2_data__A5,CD014872,92.0,100.0,30.0,1.3,100.0,65,C,Caution Advised,56.4
CD014872_pub2_data__A4,CD014872,92.0,100.0,30.0,1.3,100.0,65,C,Caution Advised,56.4
CD010145_pub2_data__A15,CD010145,92.0,100.0,70.0,39.5,25.0,65,C,Caution Advised,56.4
CD015573_data__A3,CD015573,92.0,100.0,60.0,47.7,25.0,65,C,Caution Advised,56.4
CD015573_data__A1,CD015573,92.0,100.0,60.0,47.7,25.0,65,C,Caution Advised,56.4
CD006273_pub4_data__A2,CD006273,92.0,100.0,60.0,50.0,25.0,65,C,Caution Advised,56.4
CD008309_pub3_data__A4,CD008309,92.0,100.0,30.0,1.3,100.0,65,C,Caution Advised,56.4
CD008309_pub3_data__A3,CD008309,92.0,100.0,30.0,1.3,100.0,65,C,Caution Advised,56.4
CD015158_pub2_data__A7,CD015158,92.0,100.0,60.0,50.0,25.0,65,C,Caution Advised,56.4
CD015158_pub2_data__A5,CD015158,92.0,100.0,60.0,50.0,25.0,65,C,Caution Advised,56.4
CD015158_pub2_data__A4,CD015158,92.0,100.0,60.0,50.0,25.0,65,C,Caution Advised,56.4
CD015158_pub2_data__A3,CD015158,92.0,100.0,60.0,50.0,25.0,65,C,Caution Advised,56.4
CD015158_pub2_data__A27,CD015158,92.0,100.0,60.0,50.0,25.0,65,C,Caution Advised,56.4
CD015158_pub2_data__A26,CD015158,92.0,100.0,60.0,50.0,25.0,65,C,Caution Advised,56.4
CD015158_pub2_data__A25,CD015158,92.0,100.0,60.0,50.0,25.0,65,C,Caution Advised,56.4
CD015158_pub2_data__A22,CD015158,92.0,100.0,60.0,50.0,25.0,65,C,Caution Advised,56.4
CD015158_pub2_data__A21,CD015158,92.0,100.0,60.0,50.0,25.0,65,C,Caution Advised,56.4
CD016058_pub2_data__A8,CD016058,92.0,100.0,60.0,50.0,25.0,65,C,Caution Advised,56.4
CD016058_pub2_data__A4,CD016058,80.0,100.0,20.0,50.0,75.0,65,C,Caution Advised,56.4
CD016058_pub2_data__A3,CD016058,80.0,100.0,20.0,50.0,75.0,65,C,Caution Advised,56.4
CD013377_pub2_data__A1,CD013377,80.0,100.0,20.0,50.0,75.0,65,C,Caution Advised,56.4
CD007388_pub3_data__A12,CD007388,80.0,100.0,20.0,50.0,75.0,65,C,Caution Advised,56.4
CD007388_pub3_data__A17,CD007388,92.0,100.0,60.0,50.0,25.0,65,C,Caution Advised,56.4
CD011624_pub3_data__A36,CD011624,92.0,100.0,60.0,50.0,25.0,65,C,Caution Advised,56.4
CD011624_pub3_data__A35,CD011624,92.0,100.0,60.0,50.0,25.0,65,C,Caution Advised,56.4
CD011624_pub3_data__A34,CD011624,92.0,100.0,60.0,50.0,25.0,65,C,Caution Advised,56.4
CD011624_pub3_data__A32,CD011624,92.0,100.0,60.0,50.0,25.0,65,C,Caution Advised,56.4
CD008973_pub3_data__A3,CD008973,92.0,100.0,60.0,50.0,25.0,65,C,Caution Advised,56.4
CD011670_pub3_data__A4,CD011670,92.0,100.0,70.0,37.3,25.0,65,C,Caution Advised,56.4
CD011624_pub3_data__A31,CD011624,92.0,100.0,60.0,50.0,25.0,65,C,Caution Advised,56.4
CD011624_pub3_data__A30,CD011624,92.0,100.0,60.0,50.0,25.0,65,C,Caution Advised,56.4
CD011624_pub3_data__A29,CD011624,92.0,100.0,60.0,50.0,25.0,65,C,Caution Advised,56.4
CD011624_pub3_data__A28,CD011624,92.0,100.0,60.0,50.0,25.0,65,C,Caution Advised,56.4
CD011624_pub3_data__A25,CD011624,92.0,100.0,60.0,50.0,25.0,65,C,Caution Advised,56.4
CD011624_pub3_data__A9,CD011624,92.0,100.0,60.0,50.0,25.0,65,C,Caution Advised,56.4
CD011624_pub3_data__A8,CD011624,92.0,100.0,60.0,50.0,25.0,65,C,Caution Advised,56.4
CD011624_pub3_data__A7,CD011624,92.0,100.0,60.0,50.0,25.0,65,C,Caution Advised,56.4
CD011624_pub3_data__A6,CD011624,92.0,100.0,60.0,50.0,25.0,65,C,Caution Advised,56.4
CD011624_pub3_data__A17,CD011624,92.0,100.0,60.0,50.0,25.0,65,C,Caution Advised,56.4
CD006185_pub6_data__A1,CD006185,64.0,100.0,60.0,0.5,100.0,65,C,Caution Advised,56.4
CD013781_pub2_data__A6,CD013781,92.0,100.0,30.0,0.6,100.0,65,C,Caution Advised,56.4
CD014845_pub2_data__A12,CD014845,92.0,100.0,30.0,0.8,100.0,65,C,Caution Advised,56.4
CD014845_pub2_data__A11,CD014845,92.0,100.0,30.0,0.8,100.0,65,C,Caution Advised,56.4
CD015213_pub2_data__A12,CD015213,92.0,100.0,30.0,3.1,100.0,65,C,Caution Advised,56.4
CD015158_pub2_data__A9,CD015158,92.0,100.0,60.0,50.0,25.0,65,C,Caution Advised,56.4
CD015158_pub2_data__A8,CD015158,92.0,100.0,60.0,50.0,25.0,65,C,Caution Advised,56.4
CD014845_pub2_data__A6,CD014845,92.0,100.0,30.0,0.8,100.0,65,C,Caution Advised,56.4
CD014845_pub2_data__A5,CD014845,92.0,100.0,30.0,0.8,100.0,65,C,Caution Advised,56.4
CD014845_pub2_data__A4,CD014845,92.0,100.0,30.0,0.8,100.0,65,C,Caution Advised,56.4
CD014845_pub2_data__A3,CD014845,92.0,100.0,30.0,0.8,100.0,65,C,Caution Advised,56.4
CD014845_pub2_data__A2,CD014845,92.0,100.0,30.0,0.8,100.0,65,C,Caution Advised,56.4
CD012152_pub4_data__A11,CD012152,92.0,100.0,60.0,50.0,25.0,65,C,Caution Advised,56.4
CD012152_pub4_data__A10,CD012152,92.0,100.0,60.0,50.0,25.0,65,C,Caution Advised,56.4
CD003414_pub4_data__A7,CD003414,92.0,100.0,30.0,2.5,100.0,65,C,Caution Advised,56.4
CD003477_pub5_data__A5,CD003477,92.0,100.0,30.0,0.5,100.0,65,C,Caution Advised,56.4
CD003477_pub5_data__A4,CD003477,92.0,100.0,30.0,0.5,100.0,65,C,Caution Advised,56.4
CD003477_pub5_data__A1,CD003477,92.0,100.0,30.0,0.5,100.0,65,C,Caution Advised,56.4
CD003451_pub3_data__A5,CD003451,92.0,100.0,60.0,50.0,25.0,65,C,Caution Advised,56.4
CD006140_pub3_data__A3,CD006140,80.0,100.0,70.0,0.3,75.0,65,C,Caution Advised,56.4
CD015594_pub2_data__A3,CD015594,92.0,100.0,60.0,50.0,25.0,65,C,Caution Advised,56.4
CD015594_pub2_data__A2,CD015594,92.0,100.0,60.0,50.0,25.0,65,C,Caution Advised,56.4
CD015594_pub2_data__A1,CD015594,92.0,100.0,60.0,50.0,25.0,65,C,Caution Advised,56.4
CD015592_pub3_data__A5,CD015592,92.0,100.0,60.0,50.0,25.0,65,C,Caution Advised,56.4
CD015592_pub3_data__A4,CD015592,92.0,100.0,60.0,50.0,25.0,65,C,Caution Advised,56.4
CD015592_pub3_data__A3,CD015592,92.0,100.0,60.0,50.0,25.0,65,C,Caution Advised,56.4
CD014845_pub2_data__A10,CD014845,92.0,100.0,30.0,0.8,100.0,65,C,Caution Advised,56.4
CD014845_pub2_data__A1,CD014845,92.0,100.0,30.0,0.8,100.0,65,C,Caution Advised,56.4
CD012152_pub4_data__A27,CD012152,92.0,100.0,60.0,50.0,25.0,65,C,Caution Advised,56.4
CD012152_pub4_data__A25,CD012152,92.0,100.0,60.0,50.0,25.0,65,C,Caution Advised,56.4
CD012152_pub4_data__A24,CD012152,92.0,100.0,60.0,50.0,25.0,65,C,Caution Advised,56.4
CD014845_pub2_data__A9,CD014845,92.0,100.0,30.0,0.8,100.0,65,C,Caution Advised,56.4
CD014845_pub2_data__A8,CD014845,92.0,100.0,30.0,0.8,100.0,65,C,Caution Advised,56.4
CD014845_pub2_data__A7,CD014845,92.0,100.0,30.0,0.8,100.0,65,C,Caution Advised,56.4
CD014802_pub2_data__A9,CD014802,92.0,100.0,60.0,50.0,25.0,65,C,Caution Advised,56.4
CD014802_pub2_data__A7,CD014802,92.0,100.0,60.0,50.0,25.0,65,C,Caution Advised,56.4
CD014802_pub2_data__A6,CD014802,92.0,100.0,60.0,50.0,25.0,65,C,Caution Advised,56.4
CD012152_pub4_data__A22,CD012152,92.0,100.0,60.0,50.0,25.0,65,C,Caution Advised,56.4
CD012152_pub4_data__A21,CD012152,92.0,100.0,60.0,50.0,25.0,65,C,Caution Advised,56.4
CD012152_pub4_data__A20,CD012152,92.0,100.0,60.0,50.0,25.0,65,C,Caution Advised,56.4
CD012152_pub4_data__A18,CD012152,92.0,100.0,60.0,50.0,25.0,65,C,Caution Advised,56.4
CD012152_pub4_data__A17,CD012152,92.0,100.0,60.0,50.0,25.0,65,C,Caution Advised,56.4
CD012152_pub4_data__A16,CD012152,92.0,100.0,60.0,50.0,25.0,65,C,Caution Advised,56.4
CD012152_pub4_data__A15,CD012152,92.0,100.0,60.0,50.0,25.0,65,C,Caution Advised,56.4
CD012152_pub4_data__A8,CD012152,92.0,100.0,60.0,50.0,25.0,65,C,Caution Advised,56.4
CD012152_pub4_data__A7,CD012152,92.0,100.0,60.0,50.0,25.0,65,C,Caution Advised,56.4
CD015213_pub2_data__A5,CD015213,72.0,100.0,50.0,3.1,100.0,65,C,Caution Advised,56.4
CD012152_pub4_data__A35,CD012152,92.0,100.0,60.0,50.0,25.0,65,C,Caution Advised,56.4
CD012152_pub4_data__A34,CD012152,92.0,100.0,60.0,50.0,25.0,65,C,Caution Advised,56.4
CD012152_pub4_data__A33,CD012152,92.0,100.0,60.0,50.0,25.0,65,C,Caution Advised,56.4
CD012152_pub4_data__A32,CD012152,92.0,100.0,60.0,50.0,25.0,65,C,Caution Advised,56.4
CD012152_pub4_data__A31,CD012152,92.0,100.0,60.0,50.0,25.0,65,C,Caution Advised,56.4
CD012152_pub4_data__A3,CD012152,92.0,100.0,60.0,50.0,25.0,65,C,Caution Advised,56.4
CD012152_pub4_data__A29,CD012152,92.0,100.0,60.0,50.0,25.0,65,C,Caution Advised,56.4
CD012265_pub2_data__A2,CD012265,92.0,100.0,60.0,50.0,25.0,65,C,Caution Advised,56.4
CD012265_pub2_data__A1,CD012265,92.0,100.0,60.0,50.0,25.0,65,C,Caution Advised,56.4
CD001552_pub3_data__A6,CD001552,92.0,100.0,30.0,26.7,75.0,65,C,Caution Advised,56.4
CD012335_pub2_data__A10,CD012335,92.0,100.0,60.0,50.0,25.0,65,C,Caution Advised,56.4
CD012335_pub2_data__A1,CD012335,92.0,100.0,60.0,50.0,25.0,65,C,Caution Advised,56.4
CD012265_pub2_data__A4,CD012265,92.0,100.0,60.0,50.0,25.0,65,C,Caution Advised,56.4
CD012265_pub2_data__A3,CD012265,92.0,100.0,60.0,50.0,25.0,65,C,Caution Advised,56.4
CD003833_pub5_data__A1,CD003833,100.0,100.0,50.0,24.6,50.0,65,C,Caution Advised,56.4
CD013801_pub2_data__A13,CD013801,92.0,100.0,60.0,50.0,25.0,65,C,Caution Advised,56.4
CD013801_pub2_data__A12,CD013801,92.0,100.0,60.0,50.0,25.0,65,C,Caution Advised,56.4
CD013801_pub2_data__A11,CD013801,92.0,100.0,60.0,50.0,25.0,65,C,Caution Advised,56.4
CD011624_pub3_data__A20,CD011624,92.0,100.0,60.0,50.0,25.0,65,C,Caution Advised,56.4
CD011624_pub3_data__A2,CD011624,92.0,100.0,60.0,50.0,25.0,65,C,Caution Advised,56.4
CD011624_pub3_data__A19,CD011624,92.0,100.0,60.0,50.0,25.0,65,C,Caution Advised,56.4
CD011624_pub3_data__A18,CD011624,92.0,100.0,60.0,50.0,25.0,65,C,Caution Advised,56.4
CD004667_pub6_data__A22,CD004667,92.0,100.0,30.0,1.4,100.0,65,C,Caution Advised,56.4
CD015123_pub2_data__A9,CD015123,92.0,100.0,60.0,50.0,25.0,65,C,Caution Advised,56.4
CD011624_pub3_data__A15,CD011624,92.0,100.0,60.0,50.0,25.0,65,C,Caution Advised,56.4
CD011624_pub3_data__A14,CD011624,92.0,100.0,60.0,50.0,25.0,65,C,Caution Advised,56.4
CD011624_pub3_data__A13,CD011624,92.0,100.0,60.0,50.0,25.0,65,C,Caution Advised,56.4
CD011624_pub3_data__A11,CD011624,92.0,100.0,60.0,50.0,25.0,65,C,Caution Advised,56.4
CD011624_pub3_data__A10,CD011624,92.0,100.0,60.0,50.0,25.0,65,C,Caution Advised,56.4
CD011624_pub3_data__A39,CD011624,92.0,100.0,60.0,50.0,25.0,65,C,Caution Advised,56.4
CD011624_pub3_data__A38,CD011624,92.0,100.0,60.0,50.0,25.0,65,C,Caution Advised,56.4
CD011624_pub3_data__A37,CD011624,92.0,100.0,60.0,50.0,25.0,65,C,Caution Advised,56.4
CD013801_pub2_data__A10,CD013801,92.0,100.0,60.0,50.0,25.0,65,C,Caution Advised,56.4
CD013344_pub2_data__A3,CD013344,92.0,100.0,30.0,1.6,100.0,65,C,Caution Advised,56.4
CD016002_data__A12,CD016002,92.0,100.0,60.0,50.0,25.0,65,C,Caution Advised,56.4
CD016001_data__A7,CD016001,92.0,100.0,60.0,50.0,25.0,65,C,Caution Advised,56.4
CD016001_data__A6,CD016001,92.0,100.0,60.0,50.0,25.0,65,C,Caution Advised,56.4
CD016001_data__A5,CD016001,92.0,100.0,60.0,50.0,25.0,65,C,Caution Advised,56.4
CD016001_data__A4,CD016001,92.0,100.0,60.0,50.0,25.0,65,C,Caution Advised,56.4
CD016001_data__A3,CD016001,92.0,100.0,60.0,50.0,25.0,65,C,Caution Advised,56.4
CD016001_data__A25,CD016001,92.0,100.0,60.0,50.0,25.0,65,C,Caution Advised,56.4
CD014802_pub2_data__A3,CD014802,92.0,100.0,60.0,50.0,25.0,65,C,Caution Advised,56.4
CD014802_pub2_data__A2,CD014802,92.0,100.0,60.0,50.0,25.0,65,C,Caution Advised,56.4
CD014802_pub2_data__A13,CD014802,92.0,100.0,60.0,50.0,25.0,65,C,Caution Advised,56.4
CD012335_pub2_data__A9,CD012335,92.0,100.0,60.0,50.0,25.0,65,C,Caution Advised,56.4
CD012335_pub2_data__A7,CD012335,92.0,100.0,60.0,50.0,25.0,65,C,Caution Advised,56.4
CD012335_pub2_data__A6,CD012335,92.0,100.0,60.0,50.0,25.0,65,C,Caution Advised,56.4
CD012335_pub2_data__A5,CD012335,92.0,100.0,60.0,50.0,25.0,65,C,Caution Advised,56.4
CD012335_pub2_data__A3,CD012335,92.0,100.0,60.0,50.0,25.0,65,C,Caution Advised,56.4
CD012335_pub2_data__A2,CD012335,92.0,100.0,60.0,50.0,25.0,65,C,Caution Advised,56.4
CD012335_pub2_data__A12,CD012335,92.0,100.0,60.0,50.0,25.0,65,C,Caution Advised,56.4
CD014965_pub2_data__A20,CD014965,84.0,50.0,40.0,99.7,50.0,65,C,Caution Advised,56.4
CD013707_pub2_data__A9,CD013707,92.0,100.0,60.0,50.0,25.0,65,C,Caution Advised,56.4
CD013707_pub2_data__A11,CD013707,92.0,100.0,60.0,50.0,25.0,65,C,Caution Advised,56.4
CD008940_pub4_data__A4,CD008940,92.0,100.0,30.0,2.2,100.0,65,C,Caution Advised,56.4
CD008940_pub4_data__A3,CD008940,92.0,100.0,30.0,2.2,100.0,65,C,Caution Advised,56.4
CD011624_pub3_data__A22,CD011624,92.0,100.0,60.0,50.0,25.0,65,C,Caution Advised,56.4
CD011624_pub3_data__A21,CD011624,92.0,100.0,60.0,50.0,25.0,65,C,Caution Advised,56.4
CD012335_pub2_data__A11,CD012335,92.0,100.0,60.0,50.0,25.0,65,C,Caution Advised,56.4
CD013801_pub2_data__A5,CD013801,92.0,100.0,60.0,50.0,25.0,65,C,Caution Advised,56.4
CD013801_pub2_data__A4,CD013801,92.0,100.0,60.0,50.0,25.0,65,C,Caution Advised,56.4
CD013303_pub2_data__A25,CD013303,92.0,100.0,60.0,50.0,25.0,65,C,Caution Advised,56.4
CD013303_pub2_data__A24,CD013303,92.0,100.0,60.0,50.0,25.0,65,C,Caution Advised,56.4
CD013331_pub2_data__A6,CD013331,92.0,100.0,60.0,50.0,25.0,65,C,Caution Advised,56.4
CD013303_pub2_data__A19,CD013303,92.0,100.0,60.0,50.0,25.0,65,C,Caution Advised,56.4
CD013303_pub2_data__A18,CD013303,92.0,100.0,60.0,50.0,25.0,65,C,Caution Advised,56.4
CD010333_pub4_data__A7,CD010333,92.0,100.0,60.0,50.0,25.0,65,C,Caution Advised,56.4
CD010333_pub4_data__A6,CD010333,92.0,100.0,60.0,50.0,25.0,65,C,Caution Advised,56.4
CD010333_pub4_data__A5,CD010333,92.0,100.0,60.0,50.0,25.0,65,C,Caution Advised,56.4
CD010333_pub4_data__A4,CD010333,92.0,100.0,60.0,50.0,25.0,65,C,Caution Advised,56.4
CD010333_pub4_data__A3,CD010333,92.0,100.0,60.0,50.0,25.0,65,C,Caution Advised,56.4
CD010333_pub4_data__A2,CD010333,92.0,100.0,60.0,50.0,25.0,65,C,Caution Advised,56.4
CD014802_pub2_data__A5,CD014802,92.0,100.0,60.0,50.0,25.0,65,C,Caution Advised,56.4
CD013303_pub2_data__A17,CD013303,92.0,100.0,60.0,50.0,25.0,65,C,Caution Advised,56.4
CD013801_pub2_data__A29,CD013801,92.0,100.0,60.0,50.0,25.0,65,C,Caution Advised,56.4
CD013801_pub2_data__A25,CD013801,92.0,100.0,60.0,50.0,25.0,65,C,Caution Advised,56.4
CD014802_pub2_data__A11,CD014802,92.0,100.0,60.0,50.0,25.0,65,C,Caution Advised,56.4
CD014802_pub2_data__A10,CD014802,92.0,100.0,60.0,50.0,25.0,65,C,Caution Advised,56.4
CD014785_pub2_data__A4,CD014785,92.0,100.0,60.0,50.0,25.0,65,C,Caution Advised,56.4
CD014785_pub2_data__A3,CD014785,92.0,100.0,60.0,50.0,25.0,65,C,Caution Advised,56.4
CD014785_pub2_data__A2,CD014785,92.0,100.0,60.0,50.0,25.0,65,C,Caution Advised,56.4
CD014769_pub2_data__A8,CD014769,92.0,100.0,30.0,3.7,100.0,65,C,Caution Advised,56.4
CD013801_pub2_data__A23,CD013801,92.0,100.0,60.0,50.0,25.0,65,C,Caution Advised,56.4
CD013801_pub2_data__A22,CD013801,92.0,100.0,60.0,50.0,25.0,65,C,Caution Advised,56.4
CD013801_pub2_data__A20,CD013801,92.0,100.0,60.0,50.0,25.0,65,C,Caution Advised,56.4
CD013801_pub2_data__A19,CD013801,92.0,100.0,60.0,50.0,25.0,65,C,Caution Advised,56.4
CD013801_pub2_data__A18,CD013801,92.0,100.0,60.0,50.0,25.0,65,C,Caution Advised,56.4
CD013801_pub2_data__A17,CD013801,92.0,100.0,60.0,50.0,25.0,65,C,Caution Advised,56.4
CD013801_pub2_data__A14,CD013801,92.0,100.0,60.0,50.0,25.0,65,C,Caution Advised,56.4
CD015711_pub2_data__A6,CD015711,92.0,100.0,60.0,50.0,25.0,65,C,Caution Advised,56.4
CD013303_pub2_data__A22,CD013303,92.0,100.0,60.0,50.0,25.0,65,C,Caution Advised,56.4
CD013303_pub2_data__A21,CD013303,92.0,100.0,60.0,50.0,25.0,65,C,Caution Advised,56.4
CD013303_pub2_data__A20,CD013303,92.0,100.0,60.0,50.0,25.0,65,C,Caution Advised,56.4
CD010333_pub4_data__A1,CD010333,92.0,100.0,60.0,50.0,25.0,65,C,Caution Advised,56.4
CD016168_data__A21,CD016168,92.0,100.0,60.0,50.0,25.0,65,C,Caution Advised,56.4
CD016168_data__A20,CD016168,92.0,100.0,60.0,50.0,25.0,65,C,Caution Advised,56.4
CD013810_pub2_data__A16,CD013810,92.0,100.0,60.0,50.0,25.0,65,C,Caution Advised,56.4
CD013810_pub2_data__A15,CD013810,92.0,100.0,60.0,50.0,25.0,65,C,Caution Advised,56.4
CD013810_pub2_data__A14,CD013810,92.0,100.0,60.0,50.0,25.0,65,C,Caution Advised,56.4
CD013810_pub2_data__A13,CD013810,92.0,100.0,60.0,50.0,25.0,65,C,Caution Advised,56.4
CD013810_pub2_data__A11,CD013810,92.0,100.0,60.0,50.0,25.0,65,C,Caution Advised,56.4
CD013810_pub2_data__A10,CD013810,92.0,100.0,60.0,50.0,25.0,65,C,Caution Advised,56.4
CD013801_pub2_data__A8,CD013801,92.0,100.0,60.0,50.0,25.0,65,C,Caution Advised,56.4
CD013801_pub2_data__A7,CD013801,92.0,100.0,60.0,50.0,25.0,65,C,Caution Advised,56.4
CD014769_pub2_data__A17,CD014769,92.0,100.0,30.0,3.7,100.0,65,C,Caution Advised,56.4
CD016168_data__A5,CD016168,92.0,100.0,60.0,50.0,25.0,65,C,Caution Advised,56.4
CD016001_data__A22,CD016001,92.0,100.0,60.0,50.0,25.0,65,C,Caution Advised,56.4
CD001072_pub2_data__A1,CD001072,92.0,100.0,60.0,50.0,25.0,65,C,Caution Advised,56.4
CD010583_pub6_data__A5,CD010583,84.0,100.0,40.0,0.4,100.0,65,C,Caution Advised,56.4
CD015526_pub2_data__A3,CD015526,92.0,100.0,60.0,50.0,25.0,65,C,Caution Advised,56.4
CD015526_pub2_data__A2,CD015526,92.0,100.0,60.0,50.0,25.0,65,C,Caution Advised,56.4
CD015462_pub2_data__A14,CD015462,92.0,100.0,60.0,50.0,25.0,65,C,Caution Advised,56.4
CD015462_pub2_data__A13,CD015462,92.0,100.0,60.0,50.0,25.0,65,C,Caution Advised,56.4
CD015462_pub2_data__A12,CD015462,92.0,100.0,60.0,50.0,25.0,65,C,Caution Advised,56.4
CD015462_pub2_data__A11,CD015462,92.0,100.0,60.0,50.0,25.0,65,C,Caution Advised,56.4
CD013595_pub2_data__A4,CD013595,92.0,100.0,30.0,27.0,75.0,65,C,Caution Advised,56.4
CD015462_pub2_data__A1,CD015462,92.0,100.0,60.0,50.0,25.0,65,C,Caution Advised,56.4
CD015123_pub2_data__A8,CD015123,80.0,100.0,70.0,50.0,25.0,65,C,Caution Advised,56.4
CD011624_pub3_data__A1,CD011624,92.0,100.0,60.0,50.0,25.0,65,C,Caution Advised,56.4
CD008995_pub3_data__A1,CD008995,92.0,100.0,60.0,50.0,25.0,65,C,Caution Advised,56.4
CD016001_data__A20,CD016001,92.0,100.0,60.0,50.0,25.0,65,C,Caution Advised,56.4
CD016001_data__A2,CD016001,92.0,100.0,60.0,50.0,25.0,65,C,Caution Advised,56.4
CD016001_data__A19,CD016001,92.0,100.0,60.0,50.0,25.0,65,C,Caution Advised,56.4
CD016001_data__A18,CD016001,92.0,100.0,60.0,50.0,25.0,65,C,Caution Advised,56.4
CD016001_data__A11,CD016001,92.0,100.0,60.0,50.0,25.0,65,C,Caution Advised,56.4
CD015517_data__A10,CD015517,92.0,100.0,60.0,50.0,25.0,65,C,Caution Advised,56.4
CD014758_pub3_data__A4,CD014758,92.0,100.0,30.0,1.5,100.0,65,C,Caution Advised,56.4
CD014758_pub3_data__A3,CD014758,92.0,100.0,30.0,1.5,100.0,65,C,Caution Advised,56.4
CD008176_pub3_data__A25,CD008176,72.0,100.0,50.0,0.5,100.0,65,C,Caution Advised,56.4
CD009752_pub3_data__A13,CD009752,92.0,100.0,60.0,50.0,25.0,65,C,Caution Advised,56.4
CD012570_pub2_data__A1,CD012570,92.0,100.0,30.0,54.8,50.0,65,C,Caution Advised,56.4
CD010333_pub4_data__A8,CD010333,92.0,100.0,60.0,50.0,25.0,65,C,Caution Advised,56.4
CD013810_pub2_data__A9,CD013810,92.0,100.0,60.0,50.0,25.0,65,C,Caution Advised,56.4
CD013810_pub2_data__A8,CD013810,92.0,100.0,60.0,50.0,25.0,65,C,Caution Advised,56.4
CD013295_pub2_data__A4,CD013295,92.0,100.0,30.0,0.5,100.0,65,C,Caution Advised,56.4
CD013294_pub2_data__A9,CD013294,92.0,100.0,60.0,50.0,25.0,65,C,Caution Advised,56.4
CD010163_pub3_data__A2,CD010163,92.0,100.0,60.0,50.0,25.0,65,C,Caution Advised,56.4
CD004406_pub6_data__A1,CD004406,84.0,100.0,40.0,3.4,100.0,65,C,Caution Advised,56.4
CD014755_pub2_data__A3,CD014755,92.0,100.0,60.0,50.0,25.0,65,C,Caution Advised,56.4
CD011468_pub2_data__A4,CD011468,92.0,100.0,60.0,50.0,25.0,65,C,Caution Advised,56.4
CD011468_pub2_data__A3,CD011468,92.0,100.0,60.0,50.0,25.0,65,C,Caution Advised,56.4
CD008995_pub3_data__A3,CD008995,92.0,100.0,60.0,50.0,25.0,65,C,Caution Advised,56.4
CD009235_pub4_data__A10,CD009235,92.0,100.0,30.0,2.1,100.0,65,C,Caution Advised,56.4
CD014965_pub2_data__A18,CD014965,84.0,0.0,90.0,99.7,50.0,65,C,Caution Advised,56.4
CD015046_pub2_data__A5,CD015046,92.0,100.0,60.0,50.0,25.0,65,C,Caution Advised,56.4
CD014965_pub2_data__A13,CD014965,84.0,0.0,90.0,99.7,50.0,65,C,Caution Advised,56.4
CD015046_pub2_data__A4,CD015046,92.0,100.0,60.0,50.0,25.0,65,C,Caution Advised,56.4
CD014965_pub2_data__A11,CD014965,84.0,50.0,40.0,99.7,50.0,65,C,Caution Advised,56.4
CD009022_pub4_data__A5,CD009022,92.0,100.0,30.0,1.1,100.0,65,C,Caution Advised,56.4
CD009022_pub4_data__A12,CD009022,92.0,100.0,30.0,1.1,100.0,65,C,Caution Advised,56.4
CD008995_pub3_data__A4,CD008995,92.0,100.0,60.0,50.0,25.0,65,C,Caution Advised,56.4
CD001072_pub2_data__A3,CD001072,92.0,100.0,60.0,50.0,25.0,65,C,Caution Advised,56.4
CD001072_pub2_data__A2,CD001072,92.0,100.0,60.0,50.0,25.0,65,C,Caution Advised,56.4
CD014755_pub2_data__A2,CD014755,92.0,100.0,60.0,50.0,25.0,65,C,Caution Advised,56.4
CD008176_pub3_data__A12,CD008176,92.0,100.0,30.0,0.5,100.0,65,C,Caution Advised,56.4
CD012609_pub2_data__A1,CD012609,80.0,100.0,20.0,50.0,75.0,65,C,Caution Advised,56.4
CD001703_pub4_data__A2,CD001703,92.0,100.0,30.0,0.5,100.0,65,C,Caution Advised,56.4
CD009531_pub3_data__A6,CD009531,92.0,100.0,30.0,2.0,100.0,65,C,Caution Advised,56.4
CD014755_pub2_data__A9,CD014755,92.0,100.0,60.0,50.0,25.0,65,C,Caution Advised,56.4
CD014755_pub2_data__A8,CD014755,92.0,100.0,60.0,50.0,25.0,65,C,Caution Advised,56.4
CD015462_pub2_data__A15,CD015462,92.0,100.0,60.0,50.0,25.0,65,C,Caution Advised,56.4
CD013468_pub2_data__A3,CD013468,92.0,100.0,60.0,50.0,25.0,65,C,Caution Advised,56.4
CD014965_pub2_data__A9,CD014965,84.0,50.0,40.0,99.7,50.0,65,C,Caution Advised,56.4
CD014965_pub2_data__A8,CD014965,84.0,50.0,40.0,99.7,50.0,65,C,Caution Advised,56.4
CD011192_pub4_data__A14,CD011192,92.0,100.0,60.0,50.0,25.0,65,C,Caution Advised,56.4
CD014965_pub2_data__A22,CD014965,84.0,50.0,40.0,99.7,50.0,65,C,Caution Advised,56.4
CD014755_pub2_data__A7,CD014755,92.0,100.0,60.0,50.0,25.0,65,C,Caution Advised,56.4
CD014755_pub2_data__A6,CD014755,92.0,100.0,60.0,50.0,25.0,65,C,Caution Advised,56.4
CD014755_pub2_data__A5,CD014755,92.0,100.0,60.0,50.0,25.0,65,C,Caution Advised,56.4
CD014755_pub2_data__A4,CD014755,92.0,100.0,60.0,50.0,25.0,65,C,Caution Advised,56.4
CD013294_pub2_data__A10,CD013294,92.0,100.0,60.0,50.0,25.0,65,C,Caution Advised,56.4
CD013810_pub2_data__A7,CD013810,92.0,100.0,60.0,50.0,25.0,65,C,Caution Advised,56.4
CD013810_pub2_data__A6,CD013810,92.0,100.0,60.0,50.0,25.0,65,C,Caution Advised,56.4
CD013810_pub2_data__A5,CD013810,92.0,100.0,60.0,50.0,25.0,65,C,Caution Advised,56.4
CD013810_pub2_data__A4,CD013810,92.0,100.0,60.0,50.0,25.0,65,C,Caution Advised,56.4
CD013810_pub2_data__A3,CD013810,92.0,100.0,60.0,50.0,25.0,65,C,Caution Advised,56.4
CD013821_pub2_data__A8,CD013821,92.0,100.0,70.0,35.7,25.0,65,C,Caution Advised,56.4
CD013821_pub2_data__A10,CD013821,92.0,100.0,70.0,35.7,25.0,65,C,Caution Advised,56.4
CD015790_pub2_data__A13,CD015790,92.0,100.0,60.0,50.0,25.0,65,C,Caution Advised,56.4
CD014623_pub2_data__A3,CD014623,92.0,100.0,60.0,50.0,25.0,65,C,Caution Advised,56.4
CD015326_pub2_data__A11,CD015326,92.0,100.0,30.0,2.6,100.0,65,C,Caution Advised,56.4
CD015326_pub2_data__A1,CD015326,92.0,100.0,30.0,2.6,100.0,65,C,Caution Advised,56.4
CD015313_pub2_data__A3,CD015313,92.0,100.0,60.0,50.0,25.0,65,C,Caution Advised,56.4
CD015313_pub2_data__A2,CD015313,92.0,100.0,60.0,50.0,25.0,65,C,Caution Advised,56.4
CD015313_pub2_data__A1,CD015313,92.0,100.0,60.0,50.0,25.0,65,C,Caution Advised,56.4
CD015875_data__A9,CD015875,92.0,100.0,60.0,50.0,25.0,65,C,Caution Advised,56.4
CD011192_pub4_data__A13,CD011192,92.0,100.0,60.0,50.0,25.0,65,C,Caution Advised,56.4
CD015875_data__A5,CD015875,92.0,100.0,60.0,50.0,25.0,65,C,Caution Advised,56.4
CD015875_data__A40,CD015875,92.0,100.0,60.0,50.0,25.0,65,C,Caution Advised,56.4
CD015875_data__A4,CD015875,92.0,100.0,60.0,50.0,25.0,65,C,Caution Advised,56.4
CD016168_data__A14,CD016168,92.0,100.0,60.0,50.0,25.0,65,C,Caution Advised,56.4
CD016168_data__A13,CD016168,92.0,100.0,60.0,50.0,25.0,65,C,Caution Advised,56.4
CD016168_data__A12,CD016168,92.0,100.0,60.0,50.0,25.0,65,C,Caution Advised,56.4
CD016168_data__A11,CD016168,92.0,100.0,60.0,50.0,25.0,65,C,Caution Advised,56.4
CD016168_data__A10,CD016168,92.0,100.0,60.0,50.0,25.0,65,C,Caution Advised,56.4
CD004372_pub3_data__A2,CD004372,92.0,100.0,60.0,50.0,25.0,65,C,Caution Advised,56.4
CD011192_pub4_data__A12,CD011192,92.0,100.0,60.0,50.0,25.0,65,C,Caution Advised,56.4
CD009235_pub4_data__A2,CD009235,92.0,100.0,30.0,2.1,100.0,65,C,Caution Advised,56.4
CD015462_pub2_data__A16,CD015462,92.0,100.0,60.0,50.0,25.0,65,C,Caution Advised,56.4
CD015875_data__A39,CD015875,92.0,100.0,60.0,50.0,25.0,65,C,Caution Advised,56.4
CD015802_pub2_data__A3,CD015802,92.0,100.0,60.0,50.0,25.0,65,C,Caution Advised,56.4
CD015802_pub2_data__A2,CD015802,92.0,100.0,60.0,50.0,25.0,65,C,Caution Advised,56.4
CD014580_pub2_data__A8,CD014580,92.0,100.0,60.0,50.0,25.0,65,C,Caution Advised,56.4
CD014580_pub2_data__A7,CD014580,92.0,100.0,60.0,50.0,25.0,65,C,Caution Advised,56.4
CD014580_pub2_data__A6,CD014580,92.0,100.0,60.0,50.0,25.0,65,C,Caution Advised,56.4
CD014580_pub2_data__A3,CD014580,80.0,100.0,20.0,50.0,75.0,65,C,Caution Advised,56.4
CD014623_pub2_data__A7,CD014623,92.0,100.0,60.0,50.0,25.0,65,C,Caution Advised,56.4
CD008145_pub4_data__A2,CD008145,92.0,100.0,30.0,2.8,100.0,65,C,Caution Advised,56.4
CD008145_pub4_data__A1,CD008145,92.0,100.0,30.0,2.8,100.0,65,C,Caution Advised,56.4
CD008063_pub3_data__A3,CD008063,92.0,100.0,30.0,0.6,100.0,65,C,Caution Advised,56.4
CD014623_pub2_data__A5,CD014623,92.0,100.0,60.0,50.0,25.0,65,C,Caution Advised,56.4
CD014623_pub2_data__A4,CD014623,92.0,100.0,60.0,50.0,25.0,65,C,Caution Advised,56.4
CD014574_pub2_data__A25,CD014574,92.0,100.0,60.0,50.0,25.0,65,C,Caution Advised,56.4
CD014574_pub2_data__A24,CD014574,92.0,100.0,60.0,50.0,25.0,65,C,Caution Advised,56.4
CD014574_pub2_data__A23,CD014574,92.0,100.0,60.0,50.0,25.0,65,C,Caution Advised,56.4
CD014574_pub2_data__A22,CD014574,92.0,100.0,60.0,50.0,25.0,65,C,Caution Advised,56.4
CD014623_pub2_data__A2,CD014623,92.0,100.0,60.0,50.0,25.0,65,C,Caution Advised,56.4
CD014623_pub2_data__A1,CD014623,92.0,100.0,60.0,50.0,25.0,65,C,Caution Advised,56.4
CD015875_data__A38,CD015875,92.0,100.0,60.0,50.0,25.0,65,C,Caution Advised,56.4
CD015875_data__A37,CD015875,92.0,100.0,60.0,50.0,25.0,65,C,Caution Advised,56.4
CD015875_data__A36,CD015875,92.0,100.0,60.0,50.0,25.0,65,C,Caution Advised,56.4
CD011192_pub4_data__A11,CD011192,92.0,100.0,60.0,50.0,25.0,65,C,Caution Advised,56.4
CD015462_pub2_data__A7,CD015462,92.0,100.0,60.0,50.0,25.0,65,C,Caution Advised,56.4
CD015462_pub2_data__A6,CD015462,92.0,100.0,60.0,50.0,25.0,65,C,Caution Advised,56.4
CD015462_pub2_data__A4,CD015462,92.0,100.0,60.0,50.0,25.0,65,C,Caution Advised,56.4
CD015462_pub2_data__A3,CD015462,92.0,100.0,60.0,50.0,25.0,65,C,Caution Advised,56.4
CD015462_pub2_data__A2,CD015462,92.0,100.0,60.0,50.0,25.0,65,C,Caution Advised,56.4
CD015462_pub2_data__A18,CD015462,92.0,100.0,60.0,50.0,25.0,65,C,Caution Advised,56.4
CD015462_pub2_data__A17,CD015462,92.0,100.0,60.0,50.0,25.0,65,C,Caution Advised,56.4
CD014999_pub2_data__A6,CD014999,92.0,100.0,60.0,50.0,25.0,65,C,Caution Advised,56.4
CD016168_data__A15,CD016168,92.0,100.0,60.0,50.0,25.0,65,C,Caution Advised,56.4
CD015875_data__A35,CD015875,92.0,100.0,60.0,50.0,25.0,65,C,Caution Advised,56.4
CD015875_data__A34,CD015875,92.0,100.0,60.0,50.0,25.0,65,C,Caution Advised,56.4
CD015875_data__A3,CD015875,92.0,100.0,60.0,50.0,25.0,65,C,Caution Advised,56.4
CD015875_data__A29,CD015875,92.0,100.0,60.0,50.0,25.0,65,C,Caution Advised,56.4
CD012712_pub2_data__A4,CD012712,56.0,10.0,60.0,99.8,100.0,65,C,Caution Advised,56.4
CD014573_data__A5,CD014573,92.0,100.0,60.0,50.0,25.0,65,C,Caution Advised,56.4
CD014580_pub2_data__A2,CD014580,80.0,100.0,20.0,50.0,75.0,65,C,Caution Advised,56.4
CD014580_pub2_data__A1,CD014580,80.0,100.0,20.0,50.0,75.0,65,C,Caution Advised,56.4
CD001703_pub4_data__A26,CD001703,92.0,100.0,30.0,0.5,100.0,65,C,Caution Advised,56.4
CD014574_pub2_data__A7,CD014574,92.0,100.0,60.0,50.0,25.0,65,C,Caution Advised,56.4
CD014574_pub2_data__A28,CD014574,92.0,100.0,60.0,50.0,25.0,65,C,Caution Advised,56.4
CD014574_pub2_data__A27,CD014574,92.0,100.0,60.0,50.0,25.0,65,C,Caution Advised,56.4
CD013823_pub2_data__A11,CD013823,92.0,100.0,60.0,50.0,25.0,65,C,Caution Advised,56.4
CD013823_pub2_data__A10,CD013823,92.0,100.0,60.0,50.0,25.0,65,C,Caution Advised,56.4
CD010136_pub4_data__A15,CD010136,92.0,100.0,60.0,50.0,25.0,65,C,Caution Advised,56.4
CD010136_pub4_data__A14,CD010136,92.0,100.0,60.0,50.0,25.0,65,C,Caution Advised,56.4
CD010136_pub4_data__A13,CD010136,92.0,100.0,60.0,50.0,25.0,65,C,Caution Advised,56.4
CD010136_pub4_data__A12,CD010136,92.0,100.0,60.0,50.0,25.0,65,C,Caution Advised,56.4
CD010136_pub4_data__A11,CD010136,92.0,100.0,60.0,50.0,25.0,65,C,Caution Advised,56.4
CD010136_pub4_data__A10,CD010136,92.0,100.0,60.0,50.0,25.0,65,C,Caution Advised,56.4
CD011192_pub4_data__A10,CD011192,92.0,100.0,60.0,50.0,25.0,65,C,Caution Advised,56.4
CD011192_pub4_data__A1,CD011192,92.0,100.0,60.0,50.0,25.0,65,C,Caution Advised,56.4
CD015875_data__A15,CD015875,92.0,100.0,60.0,50.0,25.0,65,C,Caution Advised,56.4
CD011060_pub2_data__A4,CD011060,92.0,100.0,60.0,50.0,25.0,65,C,Caution Advised,56.4
CD014574_pub2_data__A19,CD014574,92.0,100.0,60.0,50.0,25.0,65,C,Caution Advised,56.4
CD014574_pub2_data__A18,CD014574,92.0,100.0,60.0,50.0,25.0,65,C,Caution Advised,56.4
CD014574_pub2_data__A16,CD014574,92.0,100.0,60.0,50.0,25.0,65,C,Caution Advised,56.4
CD014574_pub2_data__A15,CD014574,92.0,100.0,60.0,50.0,25.0,65,C,Caution Advised,56.4
CD014574_pub2_data__A14,CD014574,92.0,100.0,60.0,50.0,25.0,65,C,Caution Advised,56.4
CD014574_pub2_data__A13,CD014574,92.0,100.0,60.0,50.0,25.0,65,C,Caution Advised,56.4
CD014574_pub2_data__A12,CD014574,92.0,100.0,60.0,50.0,25.0,65,C,Caution Advised,56.4
CD014574_pub2_data__A11,CD014574,92.0,100.0,60.0,50.0,25.0,65,C,Caution Advised,56.4
CD014574_pub2_data__A10,CD014574,92.0,100.0,60.0,50.0,25.0,65,C,Caution Advised,56.4
CD014573_data__A7,CD014573,92.0,100.0,60.0,50.0,25.0,65,C,Caution Advised,56.4
CD014573_data__A6,CD014573,92.0,100.0,60.0,50.0,25.0,65,C,Caution Advised,56.4
CD012886_pub3_data__A22,CD012886,92.0,100.0,60.0,50.0,25.0,65,C,Caution Advised,56.4
CD015875_data__A14,CD015875,92.0,100.0,60.0,50.0,25.0,65,C,Caution Advised,56.4
CD015875_data__A13,CD015875,92.0,100.0,60.0,50.0,25.0,65,C,Caution Advised,56.4
CD015875_data__A12,CD015875,92.0,100.0,60.0,50.0,25.0,65,C,Caution Advised,56.4
CD015875_data__A11,CD015875,92.0,100.0,60.0,50.0,25.0,65,C,Caution Advised,56.4
CD015875_data__A10,CD015875,92.0,100.0,60.0,50.0,25.0,65,C,Caution Advised,56.4
CD015875_data__A1,CD015875,92.0,100.0,60.0,50.0,25.0,65,C,Caution Advised,56.4
CD015855_data__A7,CD015855,92.0,100.0,60.0,50.0,25.0,65,C,Caution Advised,56.4
CD011060_pub2_data__A3,CD011060,92.0,100.0,60.0,50.0,25.0,65,C,Caution Advised,56.4
CD012886_pub3_data__A19,CD012886,92.0,100.0,60.0,50.0,25.0,65,C,Caution Advised,56.4
CD012886_pub3_data__A18,CD012886,92.0,100.0,60.0,50.0,25.0,65,C,Caution Advised,56.4
CD012886_pub3_data__A17,CD012886,92.0,100.0,60.0,50.0,25.0,65,C,Caution Advised,56.4
CD012886_pub3_data__A16,CD012886,92.0,100.0,60.0,50.0,25.0,65,C,Caution Advised,56.4
CD012886_pub3_data__A15,CD012886,92.0,100.0,60.0,50.0,25.0,65,C,Caution Advised,56.4
CD015326_pub2_data__A18,CD015326,92.0,100.0,30.0,2.6,100.0,65,C,Caution Advised,56.4
CD014574_pub2_data__A21,CD014574,92.0,100.0,60.0,50.0,25.0,65,C,Caution Advised,56.4
CD014574_pub2_data__A20,CD014574,92.0,100.0,60.0,50.0,25.0,65,C,Caution Advised,56.4
CD012886_pub3_data__A14,CD012886,92.0,100.0,60.0,50.0,25.0,65,C,Caution Advised,56.4
CD012886_pub3_data__A13,CD012886,92.0,100.0,60.0,50.0,25.0,65,C,Caution Advised,56.4
CD012886_pub3_data__A12,CD012886,92.0,100.0,60.0,50.0,25.0,65,C,Caution Advised,56.4
CD012886_pub3_data__A11,CD012886,92.0,100.0,60.0,50.0,25.0,65,C,Caution Advised,56.4
CD012886_pub3_data__A10,CD012886,92.0,100.0,60.0,50.0,25.0,65,C,Caution Advised,56.4
CD012886_pub3_data__A1,CD012886,92.0,100.0,60.0,50.0,25.0,65,C,Caution Advised,56.4
CD012886_pub3_data__A9,CD012886,92.0,100.0,60.0,50.0,25.0,65,C,Caution Advised,56.4
CD012886_pub3_data__A8,CD012886,92.0,100.0,60.0,50.0,25.0,65,C,Caution Advised,56.4
CD000028_pub4_data__A3,CD000028,72.0,100.0,50.0,4.5,100.0,65,C,Caution Advised,56.4
CD015046_pub2_data__A3,CD015046,92.0,100.0,60.0,50.0,25.0,65,C,Caution Advised,56.4
CD012886_pub3_data__A5,CD012886,92.0,100.0,60.0,50.0,25.0,65,C,Caution Advised,56.4
CD012886_pub3_data__A4,CD012886,92.0,100.0,60.0,50.0,25.0,65,C,Caution Advised,56.4
CD012886_pub3_data__A3,CD012886,92.0,100.0,60.0,50.0,25.0,65,C,Caution Advised,56.4
CD012886_pub3_data__A21,CD012886,92.0,100.0,60.0,50.0,25.0,65,C,Caution Advised,56.4
CD012886_pub3_data__A20,CD012886,92.0,100.0,60.0,50.0,25.0,65,C,Caution Advised,56.4
CD012886_pub3_data__A2,CD012886,92.0,100.0,60.0,50.0,25.0,65,C,Caution Advised,56.4
CD012905_pub2_data__A3,CD012905,92.0,100.0,30.0,0.7,100.0,65,C,Caution Advised,56.4
CD015849_pub2_data__A9,CD015849,92.0,100.0,30.0,0.8,100.0,65,C,Caution Advised,56.4
CD015326_pub2_data__A23,CD015326,92.0,100.0,30.0,2.6,100.0,65,C,Caution Advised,56.4
CD015326_pub2_data__A22,CD015326,92.0,100.0,30.0,2.6,100.0,65,C,Caution Advised,56.4
CD015326_pub2_data__A21,CD015326,92.0,100.0,30.0,2.6,100.0,65,C,Caution Advised,56.4
CD015326_pub2_data__A20,CD015326,92.0,100.0,30.0,2.6,100.0,65,C,Caution Advised,56.4
CD015326_pub2_data__A2,CD015326,92.0,100.0,30.0,2.6,100.0,65,C,Caution Advised,56.4
CD015326_pub2_data__A19,CD015326,92.0,100.0,30.0,2.6,100.0,65,C,Caution Advised,56.4
CD014497_pub2_data__A2,CD014497,92.0,100.0,60.0,50.0,25.0,65,C,Caution Advised,56.4
CD014497_pub2_data__A1,CD014497,92.0,100.0,60.0,50.0,25.0,65,C,Caution Advised,56.4
CD014428_pub2_data__A5,CD014428,92.0,100.0,50.0,57.0,25.0,65,C,Caution Advised,56.4
CD014428_pub2_data__A4,CD014428,92.0,100.0,50.0,57.0,25.0,65,C,Caution Advised,56.4
CD015326_pub2_data__A6,CD015326,92.0,100.0,30.0,2.6,100.0,65,C,Caution Advised,56.4
CD015326_pub2_data__A5,CD015326,92.0,100.0,30.0,2.6,100.0,65,C,Caution Advised,56.4
CD015326_pub2_data__A4,CD015326,92.0,100.0,30.0,2.6,100.0,65,C,Caution Advised,56.4
CD015326_pub2_data__A36,CD015326,92.0,100.0,30.0,2.6,100.0,65,C,Caution Advised,56.4
CD015326_pub2_data__A35,CD015326,92.0,100.0,30.0,2.6,100.0,65,C,Caution Advised,56.4
CD015326_pub2_data__A3,CD015326,92.0,100.0,30.0,2.6,100.0,65,C,Caution Advised,56.4
CD014573_data__A4,CD014573,92.0,100.0,60.0,50.0,25.0,65,C,Caution Advised,56.4
CD015476_pub2_data__A13,CD015476,92.0,100.0,30.0,0.5,100.0,65,C,Caution Advised,56.4
CD006689_pub3_data__A13,CD006689,92.0,100.0,30.0,1.8,100.0,65,C,Caution Advised,56.4
CD006689_pub3_data__A11,CD006689,92.0,100.0,30.0,1.8,100.0,65,C,Caution Advised,56.4
CD006689_pub3_data__A8,CD006689,92.0,100.0,30.0,1.8,100.0,65,C,Caution Advised,56.4
CD004372_pub3_data__A1,CD004372,92.0,100.0,60.0,50.0,25.0,65,C,Caution Advised,56.4
CD015046_pub2_data__A2,CD015046,92.0,100.0,60.0,50.0,25.0,65,C,Caution Advised,56.4
CD015046_pub2_data__A12,CD015046,92.0,100.0,60.0,50.0,25.0,65,C,Caution Advised,56.4
CD011204_pub3_data__A6,CD011204,80.0,100.0,70.0,0.2,75.0,65,C,Caution Advised,56.4
CD006689_pub3_data__A14,CD006689,92.0,100.0,30.0,1.8,100.0,65,C,Caution Advised,56.4
CD014573_data__A3,CD014573,92.0,100.0,60.0,50.0,25.0,65,C,Caution Advised,56.4
CD015331_pub2_data__A57,CD015331,84.0,100.0,40.0,0.7,100.0,65,C,Caution Advised,56.4
CD005495_pub5_data__A1,CD005495,92.0,100.0,30.0,3.4,100.0,65,C,Caution Advised,56.4
CD015046_pub2_data__A11,CD015046,92.0,100.0,60.0,50.0,25.0,65,C,Caution Advised,56.4
CD013158_pub2_data__A5,CD013158,92.0,100.0,60.0,50.0,25.0,65,C,Caution Advised,56.4
CD013158_pub2_data__A4,CD013158,92.0,100.0,60.0,50.0,25.0,65,C,Caution Advised,56.4
CD013105_pub2_data__A2,CD013105,92.0,100.0,30.0,1.3,100.0,65,C,Caution Advised,56.4
CD014160_pub2_data__A5,CD014160,92.0,100.0,60.0,50.0,25.0,65,C,Caution Advised,56.4
CD014160_pub2_data__A4,CD014160,92.0,100.0,60.0,50.0,25.0,65,C,Caution Advised,56.4
CD014160_pub2_data__A3,CD014160,92.0,100.0,60.0,50.0,25.0,65,C,Caution Advised,56.4
CD014160_pub2_data__A2,CD014160,92.0,100.0,60.0,50.0,25.0,65,C,Caution Advised,56.4
CD007896_pub4_data__A4,CD007896,72.0,100.0,50.0,1.0,100.0,65,C,Caution Advised,56.4
CD007896_pub4_data__A3,CD007896,72.0,100.0,50.0,1.0,100.0,65,C,Caution Advised,56.4
CD007896_pub4_data__A2,CD007896,72.0,100.0,50.0,1.0,100.0,65,C,Caution Advised,56.4
CD007896_pub4_data__A1,CD007896,72.0,100.0,50.0,1.0,100.0,65,C,Caution Advised,56.4
CD014160_pub2_data__A1,CD014160,92.0,100.0,60.0,50.0,25.0,65,C,Caution Advised,56.4
CD015046_pub2_data__A10,CD015046,92.0,100.0,60.0,50.0,25.0,65,C,Caution Advised,56.4
CD013038_pub3_data__A6,CD013038,92.0,100.0,60.0,50.0,25.0,65,C,Caution Advised,56.4
CD013023_pub2_data__A5,CD013023,92.0,100.0,60.0,50.0,25.0,65,C,Caution Advised,56.4
CD012997_pub3_data__A4,CD012997,92.0,100.0,60.0,50.0,25.0,65,C,Caution Advised,56.4
CD012997_pub3_data__A3,CD012997,92.0,100.0,60.0,50.0,25.0,65,C,Caution Advised,56.4
CD013105_pub2_data__A1,CD013105,92.0,100.0,30.0,1.3,100.0,65,C,Caution Advised,56.4
CD013078_pub2_data__A8,CD013078,92.0,100.0,60.0,50.0,25.0,65,C,Caution Advised,56.4
CD013078_pub2_data__A7,CD013078,92.0,100.0,60.0,50.0,25.0,65,C,Caution Advised,56.4
CD011192_pub4_data__A27,CD011192,92.0,100.0,60.0,50.0,25.0,65,C,Caution Advised,56.4
CD011192_pub4_data__A26,CD011192,92.0,100.0,60.0,50.0,25.0,65,C,Caution Advised,56.4
CD015046_pub2_data__A7,CD015046,92.0,100.0,60.0,50.0,25.0,65,C,Caution Advised,56.4
CD015046_pub2_data__A6,CD015046,92.0,100.0,60.0,50.0,25.0,65,C,Caution Advised,56.4
CD004406_pub6_data__A3,CD004406,84.0,100.0,40.0,3.4,100.0,65,C,Caution Advised,56.4
CD015060_pub2_data__A4,CD015060,92.0,100.0,60.0,50.0,25.0,65,C,Caution Advised,56.4
CD015046_pub2_data__A9,CD015046,92.0,100.0,60.0,50.0,25.0,65,C,Caution Advised,56.4
CD015046_pub2_data__A8,CD015046,92.0,100.0,60.0,50.0,25.0,65,C,Caution Advised,56.4
CD011218_pub2_data__A4,CD011218,92.0,100.0,60.0,50.0,25.0,65,C,Caution Advised,56.4
CD011192_pub4_data__A9,CD011192,92.0,100.0,60.0,50.0,25.0,65,C,Caution Advised,56.4
CD013823_pub2_data__A9,CD013823,92.0,100.0,60.0,50.0,25.0,65,C,Caution Advised,56.4
CD013823_pub2_data__A8,CD013823,92.0,100.0,60.0,50.0,25.0,65,C,Caution Advised,56.4
CD013823_pub2_data__A6,CD013823,92.0,100.0,60.0,50.0,25.0,65,C,Caution Advised,56.4
CD013823_pub2_data__A4,CD013823,92.0,100.0,60.0,50.0,25.0,65,C,Caution Advised,56.4
CD013823_pub2_data__A3,CD013823,92.0,100.0,60.0,50.0,25.0,65,C,Caution Advised,56.4
CD013827_pub2_data__A5,CD013827,84.0,100.0,40.0,0.2,100.0,65,C,Caution Advised,56.4
CD009752_pub3_data__A23,CD009752,92.0,100.0,60.0,50.0,25.0,65,C,Caution Advised,56.4
CD013731_pub2_data__A4,CD013731,92.0,100.0,60.0,50.0,25.0,65,C,Caution Advised,56.4
CD013729_pub2_data__A9,CD013729,92.0,100.0,60.0,50.0,25.0,65,C,Caution Advised,56.4
CD013729_pub2_data__A8,CD013729,92.0,100.0,60.0,50.0,25.0,65,C,Caution Advised,56.4
CD005495_pub5_data__A5,CD005495,92.0,100.0,30.0,3.4,100.0,65,C,Caution Advised,56.4
CD005495_pub5_data__A4,CD005495,92.0,100.0,30.0,3.4,100.0,65,C,Caution Advised,56.4
CD013078_pub2_data__A5,CD013078,92.0,100.0,60.0,50.0,25.0,65,C,Caution Advised,56.4
CD007130_pub5_data__A1,CD007130,92.0,100.0,30.0,1.7,100.0,65,C,Caution Advised,56.4
CD007110_pub4_data__A4,CD007110,92.0,100.0,60.0,50.0,25.0,65,C,Caution Advised,56.4
CD014935_pub2_data__A7,CD014935,72.0,100.0,30.0,99.7,25.0,65,C,Caution Advised,56.4
CD014935_pub2_data__A6,CD014935,72.0,100.0,30.0,99.7,25.0,65,C,Caution Advised,56.4
CD014935_pub2_data__A5,CD014935,72.0,100.0,30.0,99.7,25.0,65,C,Caution Advised,56.4
CD005495_pub5_data__A3,CD005495,92.0,100.0,30.0,3.4,100.0,65,C,Caution Advised,56.4
CD013038_pub3_data__A7,CD013038,92.0,100.0,60.0,50.0,25.0,65,C,Caution Advised,56.4
CD013057_pub3_data__A2,CD013057,92.0,100.0,60.0,50.0,25.0,65,C,Caution Advised,56.4
CD015849_pub2_data__A1,CD015849,72.0,100.0,50.0,0.8,100.0,65,C,Caution Advised,56.4
CD013857_pub2_data__A3,CD013857,92.0,100.0,60.0,50.0,25.0,65,C,Caution Advised,56.4
CD013857_pub2_data__A2,CD013857,92.0,100.0,60.0,50.0,25.0,65,C,Caution Advised,56.4
CD013857_pub2_data__A1,CD013857,92.0,100.0,60.0,50.0,25.0,65,C,Caution Advised,56.4
CD015331_pub2_data__A45,CD015331,84.0,100.0,40.0,0.7,100.0,65,C,Caution Advised,56.4
CD008771_pub3_data__A9,CD008771,92.0,100.0,60.0,50.0,25.0,65,C,Caution Advised,56.4
CD013078_pub2_data__A6,CD013078,92.0,100.0,60.0,50.0,25.0,65,C,Caution Advised,56.4
CD008771_pub3_data__A8,CD008771,92.0,100.0,60.0,50.0,25.0,65,C,Caution Advised,56.4
CD008771_pub3_data__A6,CD008771,92.0,100.0,60.0,50.0,25.0,65,C,Caution Advised,56.4
CD008771_pub3_data__A5,CD008771,92.0,100.0,60.0,50.0,25.0,65,C,Caution Advised,56.4
CD010136_pub4_data__A9,CD010136,92.0,100.0,60.0,50.0,25.0,65,C,Caution Advised,56.4
CD010136_pub4_data__A8,CD010136,92.0,100.0,60.0,50.0,25.0,65,C,Caution Advised,56.4
CD009531_pub3_data__A2,CD009531,72.0,100.0,50.0,2.0,100.0,65,C,Caution Advised,56.4
CD011192_pub4_data__A23,CD011192,92.0,100.0,60.0,50.0,25.0,65,C,Caution Advised,56.4
CD011192_pub4_data__A21,CD011192,92.0,100.0,60.0,50.0,25.0,65,C,Caution Advised,56.4
CD011192_pub4_data__A2,CD011192,92.0,100.0,60.0,50.0,25.0,65,C,Caution Advised,56.4
CD011192_pub4_data__A19,CD011192,92.0,100.0,60.0,50.0,25.0,65,C,Caution Advised,56.4
CD016168_data__A16,CD016168,92.0,100.0,60.0,50.0,25.0,65,C,Caution Advised,56.4
CD011192_pub4_data__A18,CD011192,92.0,100.0,60.0,50.0,25.0,65,C,Caution Advised,56.4
CD011192_pub4_data__A17,CD011192,92.0,100.0,60.0,50.0,25.0,65,C,Caution Advised,56.4
CD011192_pub4_data__A16,CD011192,92.0,100.0,60.0,50.0,25.0,65,C,Caution Advised,56.4
CD011192_pub4_data__A15,CD011192,92.0,100.0,60.0,50.0,25.0,65,C,Caution Advised,56.4
CD011192_pub4_data__A8,CD011192,92.0,100.0,60.0,50.0,25.0,65,C,Caution Advised,56.4
CD011192_pub4_data__A7,CD011192,92.0,100.0,60.0,50.0,25.0,65,C,Caution Advised,56.4
CD011192_pub4_data__A5,CD011192,92.0,100.0,60.0,50.0,25.0,65,C,Caution Advised,56.4
CD011192_pub4_data__A4,CD011192,92.0,100.0,60.0,50.0,25.0,65,C,Caution Advised,56.4
CD011192_pub4_data__A3,CD011192,92.0,100.0,60.0,50.0,25.0,65,C,Caution Advised,56.4
CD010136_pub4_data__A7,CD010136,92.0,100.0,60.0,50.0,25.0,65,C,Caution Advised,56.4
CD010136_pub4_data__A6,CD010136,92.0,100.0,60.0,50.0,25.0,65,C,Caution Advised,56.4
CD010136_pub4_data__A5,CD010136,92.0,100.0,60.0,50.0,25.0,65,C,Caution Advised,56.4
CD010136_pub4_data__A4,CD010136,92.0,100.0,60.0,50.0,25.0,65,C,Caution Advised,56.4
CD010136_pub4_data__A3,CD010136,92.0,100.0,60.0,50.0,25.0,65,C,Caution Advised,56.4
CD016168_data__A19,CD016168,92.0,100.0,60.0,50.0,25.0,65,C,Caution Advised,56.4
CD016168_data__A18,CD016168,92.0,100.0,60.0,50.0,25.0,65,C,Caution Advised,56.4
CD016168_data__A17,CD016168,92.0,100.0,60.0,50.0,25.0,65,C,Caution Advised,56.4
CD016168_data__A4,CD016168,92.0,100.0,60.0,50.0,25.0,65,C,Caution Advised,56.4
CD009788_pub3_data__A9,CD009788,100.0,100.0,30.0,19.8,75.0,65,C,Caution Advised,56.4
CD009752_pub3_data__A9,CD009752,100.0,70.0,30.0,50.0,75.0,65,C,Caution Advised,56.4
CD016168_data__A7,CD016168,92.0,100.0,60.0,50.0,25.0,65,C,Caution Advised,56.4
CD013595_pub2_data__A1,CD013595,52.0,100.0,40.0,27.0,100.0,64,C,Caution Advised,48.8
CD011305_pub3_data__A15,CD011305,92.0,100.0,30.0,47.2,50.0,64,C,Caution Advised,48.8
CD011218_pub2_data__A3,CD011218,84.0,100.0,60.0,50.0,25.0,64,C,Caution Advised,48.8
CD015518_data__A3,CD015518,92.0,100.0,30.0,0.3,100.0,64,C,Caution Advised,48.8
CD015517_data__A9,CD015517,92.0,100.0,30.0,50.0,50.0,64,C,Caution Advised,48.8
CD015517_data__A7,CD015517,92.0,100.0,30.0,50.0,50.0,64,C,Caution Advised,48.8
CD015517_data__A5,CD015517,72.0,100.0,0.0,50.0,100.0,64,C,Caution Advised,48.8
CD004184_pub3_data__A3,CD004184,76.0,100.0,40.0,6.1,100.0,64,C,Caution Advised,48.8
CD015084_pub2_data__A6,CD015084,92.0,100.0,30.0,50.0,50.0,64,C,Caution Advised,48.8
CD013111_pub2_data__A7,CD013111,84.0,100.0,60.0,50.0,25.0,64,C,Caution Advised,48.8
CD013111_pub2_data__A6,CD013111,84.0,100.0,60.0,50.0,25.0,64,C,Caution Advised,48.8
CD013111_pub2_data__A5,CD013111,84.0,100.0,60.0,50.0,25.0,64,C,Caution Advised,48.8
CD005343_pub7_data__A2,CD005343,92.0,100.0,30.0,0.3,100.0,64,C,Caution Advised,48.8
CD013844_pub2_data__A8,CD013844,100.0,100.0,40.0,3.8,75.0,64,C,Caution Advised,48.8
CD013844_pub2_data__A7,CD013844,100.0,100.0,40.0,3.8,75.0,64,C,Caution Advised,48.8
CD013038_pub3_data__A9,CD013038,92.0,100.0,30.0,50.0,50.0,64,C,Caution Advised,48.8
CD013057_pub3_data__A1,CD013057,84.0,100.0,60.0,50.0,25.0,64,C,Caution Advised,48.8
CD015824_pub2_data__A9,CD015824,44.0,100.0,0.0,76.4,100.0,64,C,Caution Advised,48.8
CD013844_pub2_data__A4,CD013844,100.0,100.0,40.0,3.8,75.0,64,C,Caution Advised,48.8
CD013844_pub2_data__A10,CD013844,100.0,100.0,40.0,3.8,75.0,64,C,Caution Advised,48.8
CD013038_pub3_data__A4,CD013038,92.0,100.0,30.0,50.0,50.0,64,C,Caution Advised,48.8
CD013038_pub3_data__A3,CD013038,92.0,100.0,30.0,50.0,50.0,64,C,Caution Advised,48.8
CD013038_pub3_data__A2,CD013038,92.0,100.0,30.0,50.0,50.0,64,C,Caution Advised,48.8
CD013038_pub3_data__A11,CD013038,92.0,100.0,30.0,50.0,50.0,64,C,Caution Advised,48.8
CD013038_pub3_data__A1,CD013038,92.0,100.0,30.0,50.0,50.0,64,C,Caution Advised,48.8
CD013197_pub2_data__A1,CD013197,92.0,100.0,30.0,0.3,100.0,64,C,Caution Advised,48.8
CD013166_pub3_data__A4,CD013166,92.0,100.0,30.0,50.0,50.0,64,C,Caution Advised,48.8
CD013166_pub3_data__A3,CD013166,72.0,100.0,0.0,50.0,100.0,64,C,Caution Advised,48.8
CD013823_pub2_data__A7,CD013823,92.0,100.0,30.0,50.0,50.0,64,C,Caution Advised,48.8
CD013823_pub2_data__A5,CD013823,92.0,100.0,30.0,50.0,50.0,64,C,Caution Advised,48.8
CD013853_pub2_data__A1,CD013853,92.0,100.0,30.0,50.0,50.0,64,C,Caution Advised,48.8
CD015849_pub2_data__A14,CD015849,72.0,100.0,70.0,0.8,75.0,64,C,Caution Advised,48.8
CD015084_pub2_data__A2,CD015084,92.0,100.0,30.0,50.0,50.0,64,C,Caution Advised,48.8
CD011305_pub3_data__A3,CD011305,92.0,100.0,30.0,47.2,50.0,64,C,Caution Advised,48.8
CD002243_pub5_data__A20,CD002243,92.0,100.0,30.0,0.1,100.0,64,C,Caution Advised,48.8
CD015520_data__A2,CD015520,92.0,100.0,30.0,0.2,100.0,64,C,Caution Advised,48.8
CD006913_pub3_data__A5,CD006913,92.0,100.0,30.0,0.3,100.0,64,C,Caution Advised,48.8
CD015519_pub2_data__A9,CD015519,84.0,100.0,60.0,50.0,25.0,64,C,Caution Advised,48.8
CD015519_pub2_data__A8,CD015519,84.0,100.0,60.0,50.0,25.0,64,C,Caution Advised,48.8
CD015519_pub2_data__A7,CD015519,84.0,100.0,60.0,50.0,25.0,64,C,Caution Advised,48.8
CD015519_pub2_data__A6,CD015519,84.0,100.0,60.0,50.0,25.0,64,C,Caution Advised,48.8
CD015519_pub2_data__A5,CD015519,84.0,100.0,60.0,50.0,25.0,64,C,Caution Advised,48.8
CD013158_pub2_data__A2,CD013158,92.0,100.0,30.0,50.0,50.0,64,C,Caution Advised,48.8
CD013158_pub2_data__A1,CD013158,92.0,100.0,30.0,50.0,50.0,64,C,Caution Advised,48.8
CD013111_pub2_data__A8,CD013111,84.0,100.0,60.0,50.0,25.0,64,C,Caution Advised,48.8
CD013232_pub2_data__A11,CD013232,84.0,100.0,30.0,8.2,100.0,64,C,Caution Advised,48.8
CD013197_pub2_data__A7,CD013197,92.0,100.0,30.0,0.3,100.0,64,C,Caution Advised,48.8
CD013197_pub2_data__A6,CD013197,92.0,100.0,30.0,0.3,100.0,64,C,Caution Advised,48.8
CD013197_pub2_data__A5,CD013197,92.0,100.0,30.0,0.3,100.0,64,C,Caution Advised,48.8
CD013197_pub2_data__A4,CD013197,92.0,100.0,30.0,0.3,100.0,64,C,Caution Advised,48.8
CD013038_pub3_data__A5,CD013038,92.0,100.0,30.0,50.0,50.0,64,C,Caution Advised,48.8
CD014574_pub2_data__A6,CD014574,84.0,100.0,60.0,50.0,25.0,64,C,Caution Advised,48.8
CD014574_pub2_data__A5,CD014574,92.0,100.0,30.0,50.0,50.0,64,C,Caution Advised,48.8
CD014574_pub2_data__A26,CD014574,84.0,100.0,60.0,50.0,25.0,64,C,Caution Advised,48.8
CD013823_pub2_data__A2,CD013823,84.0,100.0,60.0,50.0,25.0,64,C,Caution Advised,48.8
CD013823_pub2_data__A12,CD013823,84.0,100.0,60.0,50.0,25.0,64,C,Caution Advised,48.8
CD013823_pub2_data__A1,CD013823,84.0,100.0,60.0,50.0,25.0,64,C,Caution Advised,48.8
CD013821_pub2_data__A9,CD013821,52.0,100.0,30.0,35.7,100.0,64,C,Caution Advised,48.8
CD014574_pub2_data__A17,CD014574,84.0,100.0,60.0,50.0,25.0,64,C,Caution Advised,48.8
CD015855_data__A5,CD015855,92.0,100.0,30.0,50.0,50.0,64,C,Caution Advised,48.8
CD012925_pub2_data__A1,CD012925,92.0,100.0,30.0,0.1,100.0,64,C,Caution Advised,48.8
CD015855_data__A2,CD015855,92.0,100.0,30.0,50.0,50.0,64,C,Caution Advised,48.8
CD015855_data__A1,CD015855,92.0,100.0,30.0,50.0,50.0,64,C,Caution Advised,48.8
CD014573_data__A2,CD014573,92.0,100.0,30.0,50.0,50.0,64,C,Caution Advised,48.8
CD014573_data__A1,CD014573,92.0,100.0,30.0,50.0,50.0,64,C,Caution Advised,48.8
CD015519_pub2_data__A4,CD015519,84.0,100.0,60.0,50.0,25.0,64,C,Caution Advised,48.8
CD006919_pub5_data__A6,CD006919,92.0,100.0,30.0,0.2,100.0,64,C,Caution Advised,48.8
CD015462_pub2_data__A9,CD015462,92.0,100.0,30.0,50.0,50.0,64,C,Caution Advised,48.8
CD015462_pub2_data__A5,CD015462,92.0,100.0,30.0,50.0,50.0,64,C,Caution Advised,48.8
CD014999_pub2_data__A2,CD014999,92.0,100.0,30.0,50.0,50.0,64,C,Caution Advised,48.8
CD014999_pub2_data__A1,CD014999,92.0,100.0,30.0,50.0,50.0,64,C,Caution Advised,48.8
CD004376_pub4_data__A1,CD004376,20.0,60.0,40.0,99.7,100.0,64,C,Caution Advised,48.8
CD015101_data__A3,CD015101,92.0,100.0,30.0,50.0,50.0,64,C,Caution Advised,48.8
CD014999_pub2_data__A5,CD014999,92.0,100.0,30.0,50.0,50.0,64,C,Caution Advised,48.8
CD012693_pub3_data__A6,CD012693,92.0,100.0,30.0,0.1,100.0,64,C,Caution Advised,48.8
CD010001_pub4_data__A6,CD010001,92.0,100.0,30.0,0.3,100.0,64,C,Caution Advised,48.8
CD013255_pub2_data__A5,CD013255,92.0,100.0,30.0,0.4,100.0,64,C,Caution Advised,48.8
CD013255_pub2_data__A4,CD013255,92.0,100.0,30.0,0.4,100.0,64,C,Caution Advised,48.8
CD014580_pub2_data__A5,CD014580,92.0,100.0,30.0,50.0,50.0,64,C,Caution Advised,48.8
CD014623_pub2_data__A6,CD014623,84.0,100.0,60.0,50.0,25.0,64,C,Caution Advised,48.8
CD015875_data__A24,CD015875,92.0,100.0,30.0,50.0,50.0,64,C,Caution Advised,48.8
CD012712_pub2_data__A2,CD012712,60.0,20.0,40.0,99.8,100.0,64,C,Caution Advised,48.8
CD015875_data__A22,CD015875,92.0,100.0,30.0,50.0,50.0,64,C,Caution Advised,48.8
CD014574_pub2_data__A9,CD014574,84.0,100.0,60.0,50.0,25.0,64,C,Caution Advised,48.8
CD014574_pub2_data__A8,CD014574,84.0,100.0,60.0,50.0,25.0,64,C,Caution Advised,48.8
CD013821_pub2_data__A5,CD013821,92.0,100.0,40.0,35.7,50.0,64,C,Caution Advised,48.8
CD013821_pub2_data__A11,CD013821,92.0,100.0,40.0,35.7,50.0,64,C,Caution Advised,48.8
CD015802_pub2_data__A1,CD015802,92.0,100.0,30.0,50.0,50.0,64,C,Caution Advised,48.8
CD015790_pub2_data__A8,CD015790,92.0,100.0,30.0,50.0,50.0,64,C,Caution Advised,48.8
CD015790_pub2_data__A5,CD015790,84.0,100.0,60.0,50.0,25.0,64,C,Caution Advised,48.8
CD015790_pub2_data__A2,CD015790,92.0,100.0,30.0,50.0,50.0,64,C,Caution Advised,48.8
CD015790_pub2_data__A12,CD015790,92.0,100.0,30.0,50.0,50.0,64,C,Caution Advised,48.8
CD015790_pub2_data__A11,CD015790,92.0,100.0,30.0,50.0,50.0,64,C,Caution Advised,48.8
CD015790_pub2_data__A10,CD015790,92.0,100.0,30.0,50.0,50.0,64,C,Caution Advised,48.8
CD015790_pub2_data__A1,CD015790,92.0,100.0,30.0,50.0,50.0,64,C,Caution Advised,48.8
CD013278_pub3_data__A6,CD013278,64.0,100.0,30.0,26.0,100.0,64,C,Caution Advised,48.8
CD015875_data__A8,CD015875,92.0,100.0,30.0,50.0,50.0,64,C,Caution Advised,48.8
CD015875_data__A6,CD015875,92.0,100.0,30.0,50.0,50.0,64,C,Caution Advised,48.8
CD014741_pub2_data__A2,CD014741,92.0,100.0,30.0,0.1,100.0,64,C,Caution Advised,48.8
CD012693_pub3_data__A2,CD012693,92.0,100.0,30.0,0.1,100.0,64,C,Caution Advised,48.8
CD012693_pub3_data__A16,CD012693,92.0,100.0,30.0,0.1,100.0,64,C,Caution Advised,48.8
CD012693_pub3_data__A15,CD012693,92.0,100.0,30.0,0.1,100.0,64,C,Caution Advised,48.8
CD007674_pub3_data__A7,CD007674,92.0,100.0,30.0,0.2,100.0,64,C,Caution Advised,48.8
CD007674_pub3_data__A5,CD007674,92.0,100.0,30.0,0.2,100.0,64,C,Caution Advised,48.8
CD007674_pub3_data__A1,CD007674,92.0,100.0,30.0,0.2,100.0,64,C,Caution Advised,48.8
CD013810_pub2_data__A2,CD013810,92.0,100.0,30.0,50.0,50.0,64,C,Caution Advised,48.8
CD013821_pub2_data__A6,CD013821,52.0,100.0,30.0,35.7,100.0,64,C,Caution Advised,48.8
CD014999_pub2_data__A4,CD014999,92.0,100.0,30.0,50.0,50.0,64,C,Caution Advised,48.8
CD014999_pub2_data__A3,CD014999,92.0,100.0,30.0,50.0,50.0,64,C,Caution Advised,48.8
CD013468_pub2_data__A1,CD013468,72.0,100.0,0.0,50.0,100.0,64,C,Caution Advised,48.8
CD015526_pub2_data__A1,CD015526,84.0,100.0,60.0,50.0,25.0,64,C,Caution Advised,48.8
CD014965_pub2_data__A3,CD014965,76.0,30.0,40.0,99.7,75.0,64,C,Caution Advised,48.8
CD015530_pub2_data__A7,CD015530,84.0,100.0,60.0,50.0,25.0,64,C,Caution Advised,48.8
CD015530_pub2_data__A6,CD015530,84.0,100.0,60.0,50.0,25.0,64,C,Caution Advised,48.8
CD015530_pub2_data__A4,CD015530,84.0,100.0,60.0,50.0,25.0,64,C,Caution Advised,48.8
CD015530_pub2_data__A10,CD015530,84.0,100.0,60.0,50.0,25.0,64,C,Caution Advised,48.8
CD015123_pub2_data__A6,CD015123,92.0,100.0,30.0,50.0,50.0,64,C,Caution Advised,48.8
CD015123_pub2_data__A5,CD015123,92.0,100.0,30.0,50.0,50.0,64,C,Caution Advised,48.8
CD015123_pub2_data__A4,CD015123,92.0,100.0,30.0,50.0,50.0,64,C,Caution Advised,48.8
CD001396_pub4_data__A13,CD001396,92.0,100.0,30.0,0.3,100.0,64,C,Caution Advised,48.8
CD001396_pub4_data__A12,CD001396,72.0,100.0,50.0,0.3,100.0,64,C,Caution Advised,48.8
CD008995_pub3_data__A2,CD008995,84.0,100.0,60.0,50.0,25.0,64,C,Caution Advised,48.8
CD015123_pub2_data__A10,CD015123,84.0,100.0,60.0,50.0,25.0,64,C,Caution Advised,48.8
CD014755_pub2_data__A1,CD014755,84.0,100.0,60.0,50.0,25.0,64,C,Caution Advised,48.8
CD012609_pub2_data__A6,CD012609,84.0,100.0,60.0,50.0,25.0,64,C,Caution Advised,48.8
CD012594_pub2_data__A1,CD012594,84.0,100.0,60.0,50.0,25.0,64,C,Caution Advised,48.8
CD014741_pub2_data__A6,CD014741,92.0,100.0,30.0,0.1,100.0,64,C,Caution Advised,48.8
CD004736_pub6_data__A41,CD004736,92.0,100.0,30.0,0.3,100.0,64,C,Caution Advised,48.8
CD004736_pub6_data__A40,CD004736,92.0,100.0,30.0,0.3,100.0,64,C,Caution Advised,48.8
CD004736_pub6_data__A37,CD004736,92.0,100.0,30.0,0.3,100.0,64,C,Caution Advised,48.8
CD015252_pub2_data__A2,CD015252,92.0,80.0,30.0,44.0,75.0,64,C,Caution Advised,48.8
CD015229_pub2_data__A6,CD015229,32.0,100.0,40.0,99.7,50.0,64,C,Caution Advised,48.8
CD012693_pub3_data__A5,CD012693,92.0,100.0,30.0,0.1,100.0,64,C,Caution Advised,48.8
CD010861_pub3_data__A9,CD010861,72.0,100.0,0.0,50.0,100.0,64,C,Caution Advised,48.8
CD010861_pub3_data__A8,CD010861,92.0,100.0,30.0,50.0,50.0,64,C,Caution Advised,48.8
CD013303_pub2_data__A12,CD013303,92.0,100.0,30.0,50.0,50.0,64,C,Caution Advised,48.8
CD013810_pub2_data__A12,CD013810,92.0,100.0,30.0,50.0,50.0,64,C,Caution Advised,48.8
CD013810_pub2_data__A1,CD013810,92.0,100.0,30.0,50.0,50.0,64,C,Caution Advised,48.8
CD014769_pub2_data__A20,CD014769,84.0,100.0,30.0,3.7,100.0,64,C,Caution Advised,48.8
CD014769_pub2_data__A12,CD014769,84.0,100.0,30.0,3.7,100.0,64,C,Caution Advised,48.8
CD015219_pub2_data__A8,CD015219,92.0,100.0,30.0,0.1,100.0,64,C,Caution Advised,48.8
CD004736_pub6_data__A49,CD004736,92.0,100.0,30.0,0.3,100.0,64,C,Caution Advised,48.8
CD004736_pub6_data__A48,CD004736,92.0,100.0,30.0,0.3,100.0,64,C,Caution Advised,48.8
CD013445_pub2_data__A31,CD013445,92.0,100.0,30.0,0.3,100.0,64,C,Caution Advised,48.8
CD013462_pub3_data__A4,CD013462,92.0,100.0,30.0,0.2,100.0,64,C,Caution Advised,48.8
CD013462_pub3_data__A2,CD013462,92.0,100.0,30.0,0.2,100.0,64,C,Caution Advised,48.8
CD015530_pub2_data__A8,CD015530,84.0,100.0,60.0,50.0,25.0,64,C,Caution Advised,48.8
CD013707_pub2_data__A10,CD013707,84.0,100.0,60.0,50.0,25.0,64,C,Caution Advised,48.8
CD011624_pub3_data__A24,CD011624,92.0,100.0,30.0,50.0,50.0,64,C,Caution Advised,48.8
CD011624_pub3_data__A23,CD011624,92.0,100.0,30.0,50.0,50.0,64,C,Caution Advised,48.8
CD011624_pub3_data__A12,CD011624,92.0,100.0,30.0,50.0,50.0,64,C,Caution Advised,48.8
CD011624_pub3_data__A33,CD011624,92.0,100.0,30.0,50.0,50.0,64,C,Caution Advised,48.8
CD008973_pub3_data__A5,CD008973,72.0,100.0,0.0,50.0,100.0,64,C,Caution Advised,48.8
CD011624_pub3_data__A3,CD011624,92.0,100.0,30.0,50.0,50.0,64,C,Caution Advised,48.8
CD011624_pub3_data__A27,CD011624,92.0,100.0,30.0,50.0,50.0,64,C,Caution Advised,48.8
CD011624_pub3_data__A26,CD011624,92.0,100.0,30.0,50.0,50.0,64,C,Caution Advised,48.8
CD012429_pub2_data__A26,CD012429,92.0,100.0,70.0,33.7,25.0,64,C,Caution Advised,48.8
CD014802_pub2_data__A1,CD014802,84.0,100.0,60.0,50.0,25.0,64,C,Caution Advised,48.8
CD015711_pub2_data__A5,CD015711,84.0,100.0,60.0,50.0,25.0,64,C,Caution Advised,48.8
CD015701_pub2_data__A6,CD015701,84.0,100.0,60.0,50.0,25.0,64,C,Caution Advised,48.8
CD015701_pub2_data__A4,CD015701,84.0,100.0,60.0,50.0,25.0,64,C,Caution Advised,48.8
CD003519_pub5_data__A15,CD003519,92.0,100.0,80.0,0.1,50.0,64,C,Caution Advised,48.8
CD003962_pub3_data__A15,CD003962,100.0,100.0,40.0,6.5,75.0,64,C,Caution Advised,48.8
CD012503_pub3_data__A1,CD012503,84.0,100.0,30.0,7.2,100.0,64,C,Caution Advised,48.8
CD012429_pub2_data__A25,CD012429,92.0,100.0,70.0,33.7,25.0,64,C,Caution Advised,48.8
CD012429_pub2_data__A24,CD012429,92.0,100.0,70.0,33.7,25.0,64,C,Caution Advised,48.8
CD013303_pub2_data__A14,CD013303,92.0,100.0,30.0,50.0,50.0,64,C,Caution Advised,48.8
CD013329_pub2_data__A9,CD013329,84.0,100.0,60.0,50.0,25.0,64,C,Caution Advised,48.8
CD013329_pub2_data__A8,CD013329,84.0,100.0,60.0,50.0,25.0,64,C,Caution Advised,48.8
CD013329_pub2_data__A7,CD013329,84.0,100.0,60.0,50.0,25.0,64,C,Caution Advised,48.8
CD013329_pub2_data__A6,CD013329,84.0,100.0,60.0,50.0,25.0,64,C,Caution Advised,48.8
CD013329_pub2_data__A5,CD013329,84.0,100.0,60.0,50.0,25.0,64,C,Caution Advised,48.8
CD013329_pub2_data__A4,CD013329,84.0,100.0,60.0,50.0,25.0,64,C,Caution Advised,48.8
CD013329_pub2_data__A3,CD013329,84.0,100.0,60.0,50.0,25.0,64,C,Caution Advised,48.8
CD013329_pub2_data__A2,CD013329,84.0,100.0,60.0,50.0,25.0,64,C,Caution Advised,48.8
CD011624_pub3_data__A5,CD011624,92.0,100.0,30.0,50.0,50.0,64,C,Caution Advised,48.8
CD015432_pub2_data__A9,CD015432,92.0,100.0,30.0,0.3,100.0,64,C,Caution Advised,48.8
CD015432_pub2_data__A14,CD015432,92.0,100.0,30.0,0.3,100.0,64,C,Caution Advised,48.8
CD013445_pub2_data__A21,CD013445,92.0,100.0,30.0,0.3,100.0,64,C,Caution Advised,48.8
CD013445_pub2_data__A20,CD013445,92.0,100.0,30.0,0.3,100.0,64,C,Caution Advised,48.8
CD013445_pub2_data__A2,CD013445,92.0,100.0,30.0,0.3,100.0,64,C,Caution Advised,48.8
CD013445_pub2_data__A7,CD013445,92.0,100.0,30.0,0.3,100.0,64,C,Caution Advised,48.8
CD013445_pub2_data__A4,CD013445,92.0,100.0,30.0,0.3,100.0,64,C,Caution Advised,48.8
CD009752_pub3_data__A12,CD009752,92.0,100.0,30.0,50.0,50.0,64,C,Caution Advised,48.8
CD013329_pub2_data__A11,CD013329,84.0,100.0,60.0,50.0,25.0,64,C,Caution Advised,48.8
CD013329_pub2_data__A10,CD013329,84.0,100.0,60.0,50.0,25.0,64,C,Caution Advised,48.8
CD013329_pub2_data__A1,CD013329,84.0,100.0,60.0,50.0,25.0,64,C,Caution Advised,48.8
CD013303_pub2_data__A23,CD013303,92.0,100.0,30.0,50.0,50.0,64,C,Caution Advised,48.8
CD013332_pub2_data__A2,CD013332,92.0,100.0,30.0,0.4,100.0,64,C,Caution Advised,48.8
CD013331_pub2_data__A5,CD013331,84.0,100.0,60.0,50.0,25.0,64,C,Caution Advised,48.8
CD004736_pub6_data__A26,CD004736,92.0,100.0,30.0,0.3,100.0,64,C,Caution Advised,48.8
CD004736_pub6_data__A24,CD004736,92.0,100.0,30.0,0.3,100.0,64,C,Caution Advised,48.8
CD004736_pub6_data__A23,CD004736,92.0,100.0,30.0,0.3,100.0,64,C,Caution Advised,48.8
CD013303_pub2_data__A16,CD013303,92.0,100.0,30.0,50.0,50.0,64,C,Caution Advised,48.8
CD002203_pub5_data__A2,CD002203,92.0,100.0,30.0,0.4,100.0,64,C,Caution Advised,48.8
CD016001_data__A23,CD016001,92.0,100.0,30.0,50.0,50.0,64,C,Caution Advised,48.8
CD016002_data__A22,CD016002,92.0,100.0,30.0,50.0,50.0,64,C,Caution Advised,48.8
CD016002_data__A21,CD016002,92.0,100.0,30.0,50.0,50.0,64,C,Caution Advised,48.8
CD012335_pub2_data__A8,CD012335,84.0,100.0,60.0,50.0,25.0,64,C,Caution Advised,48.8
CD011624_pub3_data__A4,CD011624,92.0,100.0,30.0,50.0,50.0,64,C,Caution Advised,48.8
CD007079_pub4_data__A5,CD007079,92.0,100.0,30.0,0.2,100.0,64,C,Caution Advised,48.8
CD015532_data__A12,CD015532,60.0,100.0,20.0,67.4,75.0,64,C,Caution Advised,48.8
CD015530_pub2_data__A9,CD015530,84.0,100.0,60.0,50.0,25.0,64,C,Caution Advised,48.8
CD002243_pub5_data__A14,CD002243,92.0,100.0,30.0,0.1,100.0,64,C,Caution Advised,48.8
CD013445_pub2_data__A23,CD013445,92.0,100.0,30.0,0.3,100.0,64,C,Caution Advised,48.8
CD009752_pub3_data__A5,CD009752,92.0,100.0,30.0,50.0,50.0,64,C,Caution Advised,48.8
CD008873_pub5_data__A2,CD008873,92.0,100.0,30.0,50.0,50.0,64,C,Caution Advised,48.8
CD008873_pub5_data__A13,CD008873,92.0,100.0,30.0,50.0,50.0,64,C,Caution Advised,48.8
CD008873_pub5_data__A11,CD008873,92.0,100.0,30.0,50.0,50.0,64,C,Caution Advised,48.8
CD008873_pub5_data__A7,CD008873,92.0,100.0,30.0,50.0,50.0,64,C,Caution Advised,48.8
CD008873_pub5_data__A6,CD008873,92.0,100.0,30.0,50.0,50.0,64,C,Caution Advised,48.8
CD015145_pub2_data__A16,CD015145,44.0,100.0,50.0,53.0,75.0,64,C,Caution Advised,48.8
CD013342_pub2_data__A5,CD013342,92.0,100.0,30.0,0.4,100.0,64,C,Caution Advised,48.8
CD012152_pub4_data__A5,CD012152,84.0,100.0,60.0,50.0,25.0,64,C,Caution Advised,48.8
CD014820_pub2_data__A9,CD014820,92.0,100.0,30.0,0.5,100.0,64,C,Caution Advised,48.8
CD014820_pub2_data__A8,CD014820,92.0,100.0,30.0,0.5,100.0,64,C,Caution Advised,48.8
CD014820_pub2_data__A7,CD014820,92.0,100.0,30.0,0.5,100.0,64,C,Caution Advised,48.8
CD014820_pub2_data__A6,CD014820,92.0,100.0,30.0,0.5,100.0,64,C,Caution Advised,48.8
CD014820_pub2_data__A10,CD014820,92.0,100.0,30.0,0.5,100.0,64,C,Caution Advised,48.8
CD014802_pub2_data__A8,CD014802,84.0,100.0,60.0,50.0,25.0,64,C,Caution Advised,48.8
CD012152_pub4_data__A19,CD012152,84.0,100.0,60.0,50.0,25.0,64,C,Caution Advised,48.8
CD012152_pub4_data__A14,CD012152,84.0,100.0,60.0,50.0,25.0,64,C,Caution Advised,48.8
CD016002_data__A20,CD016002,92.0,100.0,30.0,50.0,50.0,64,C,Caution Advised,48.8
CD016002_data__A19,CD016002,92.0,100.0,30.0,50.0,50.0,64,C,Caution Advised,48.8
CD014802_pub2_data__A12,CD014802,84.0,100.0,60.0,50.0,25.0,64,C,Caution Advised,48.8
CD003962_pub3_data__A1,CD003962,64.0,100.0,50.0,6.5,100.0,64,C,Caution Advised,48.8
CD012152_pub4_data__A12,CD012152,84.0,100.0,60.0,50.0,25.0,64,C,Caution Advised,48.8
CD012152_pub4_data__A1,CD012152,84.0,100.0,60.0,50.0,25.0,64,C,Caution Advised,48.8
CD001396_pub4_data__A8,CD001396,72.0,100.0,50.0,0.3,100.0,64,C,Caution Advised,48.8
CD006140_pub3_data__A9,CD006140,92.0,100.0,30.0,0.3,100.0,64,C,Caution Advised,48.8
CD006140_pub3_data__A8,CD006140,72.0,100.0,50.0,0.3,100.0,64,C,Caution Advised,48.8
CD003451_pub3_data__A2,CD003451,72.0,100.0,0.0,50.0,100.0,64,C,Caution Advised,48.8
CD015592_pub3_data__A2,CD015592,92.0,100.0,30.0,50.0,50.0,64,C,Caution Advised,48.8
CD013358_pub2_data__A14,CD013358,92.0,100.0,30.0,0.3,100.0,64,C,Caution Advised,48.8
CD013358_pub2_data__A13,CD013358,92.0,100.0,30.0,0.3,100.0,64,C,Caution Advised,48.8
CD013358_pub2_data__A1,CD013358,92.0,100.0,30.0,0.3,100.0,64,C,Caution Advised,48.8
CD015588_pub2_data__A54,CD015588,92.0,100.0,30.0,0.1,100.0,64,C,Caution Advised,48.8
CD015145_pub2_data__A12,CD015145,44.0,100.0,50.0,53.0,75.0,64,C,Caution Advised,48.8
CD015145_pub2_data__A10,CD015145,44.0,100.0,50.0,53.0,75.0,64,C,Caution Advised,48.8
CD013445_pub2_data__A10,CD013445,92.0,100.0,30.0,0.3,100.0,64,C,Caution Advised,48.8
CD014937_pub2_data__A22,CD014937,72.0,100.0,50.0,0.1,100.0,64,C,Caution Advised,48.8
CD014937_pub2_data__A21,CD014937,92.0,100.0,30.0,0.1,100.0,64,C,Caution Advised,48.8
CD014937_pub2_data__A19,CD014937,72.0,100.0,50.0,0.1,100.0,64,C,Caution Advised,48.8
CD014937_pub2_data__A17,CD014937,92.0,100.0,30.0,0.1,100.0,64,C,Caution Advised,48.8
CD008873_pub5_data__A10,CD008873,92.0,100.0,30.0,50.0,50.0,64,C,Caution Advised,48.8
CD008873_pub5_data__A1,CD008873,92.0,100.0,30.0,50.0,50.0,64,C,Caution Advised,48.8
CD008771_pub3_data__A7,CD008771,92.0,100.0,30.0,50.0,50.0,64,C,Caution Advised,48.8
CD015584_pub2_data__A5,CD015584,92.0,100.0,30.0,0.1,100.0,64,C,Caution Advised,48.8
CD006182_pub3_data__A2,CD006182,84.0,100.0,30.0,5.7,100.0,64,C,Caution Advised,48.8
CD012067_pub3_data__A19,CD012067,92.0,100.0,80.0,0.3,50.0,64,C,Caution Advised,48.8
CD012067_pub3_data__A18,CD012067,92.0,100.0,30.0,0.3,100.0,64,C,Caution Advised,48.8
CD012067_pub3_data__A17,CD012067,72.0,100.0,50.0,0.3,100.0,64,C,Caution Advised,48.8
CD012079_pub2_data__A18,CD012079,92.0,100.0,30.0,0.1,100.0,64,C,Caution Advised,48.8
CD012079_pub2_data__A17,CD012079,92.0,100.0,30.0,0.1,100.0,64,C,Caution Advised,48.8
CD012067_pub3_data__A5,CD012067,92.0,100.0,30.0,0.3,100.0,64,C,Caution Advised,48.8
CD012152_pub4_data__A13,CD012152,84.0,100.0,60.0,50.0,25.0,64,C,Caution Advised,48.8
CD010861_pub3_data__A3,CD010861,72.0,100.0,0.0,50.0,100.0,64,C,Caution Advised,48.8
CD013729_pub2_data__A4,CD013729,92.0,100.0,30.0,50.0,50.0,64,C,Caution Advised,48.8
CD013729_pub2_data__A3,CD013729,92.0,100.0,30.0,50.0,50.0,64,C,Caution Advised,48.8
CD013729_pub2_data__A2,CD013729,92.0,100.0,30.0,50.0,50.0,64,C,Caution Advised,48.8
CD011806_pub2_data__A14,CD011806,92.0,100.0,30.0,50.0,50.0,64,C,Caution Advised,48.8
CD011806_pub2_data__A13,CD011806,92.0,100.0,30.0,50.0,50.0,64,C,Caution Advised,48.8
CD011806_pub2_data__A12,CD011806,92.0,100.0,30.0,50.0,50.0,64,C,Caution Advised,48.8
CD011806_pub2_data__A7,CD011806,72.0,100.0,0.0,50.0,100.0,64,C,Caution Advised,48.8
CD011806_pub2_data__A6,CD011806,72.0,100.0,0.0,50.0,100.0,64,C,Caution Advised,48.8
CD011806_pub2_data__A4,CD011806,92.0,100.0,30.0,50.0,50.0,64,C,Caution Advised,48.8
CD011806_pub2_data__A8,CD011806,92.0,100.0,30.0,50.0,50.0,64,C,Caution Advised,48.8
CD008771_pub3_data__A14,CD008771,92.0,100.0,30.0,50.0,50.0,64,C,Caution Advised,48.8
CD016064_data__A3,CD016064,92.0,100.0,30.0,0.2,100.0,64,C,Caution Advised,48.8
CD016064_data__A2,CD016064,92.0,100.0,30.0,0.2,100.0,64,C,Caution Advised,48.8
CD016064_data__A1,CD016064,92.0,100.0,30.0,0.2,100.0,64,C,Caution Advised,48.8
CD016058_pub2_data__A7,CD016058,92.0,100.0,30.0,50.0,50.0,64,C,Caution Advised,48.8
CD016058_pub2_data__A6,CD016058,92.0,100.0,30.0,50.0,50.0,64,C,Caution Advised,48.8
CD012067_pub3_data__A4,CD012067,92.0,100.0,30.0,0.3,100.0,64,C,Caution Advised,48.8
CD012067_pub3_data__A3,CD012067,92.0,100.0,30.0,0.3,100.0,64,C,Caution Advised,48.8
CD012067_pub3_data__A2,CD012067,92.0,100.0,30.0,0.3,100.0,64,C,Caution Advised,48.8
CD013763_pub3_data__A8,CD013763,84.0,80.0,80.0,0.4,75.0,64,C,Caution Advised,48.8
CD013763_pub3_data__A14,CD013763,92.0,100.0,80.0,0.4,50.0,64,C,Caution Advised,48.8
CD013377_pub2_data__A4,CD013377,92.0,100.0,30.0,50.0,50.0,64,C,Caution Advised,48.8
CD007388_pub3_data__A15,CD007388,92.0,100.0,30.0,50.0,50.0,64,C,Caution Advised,48.8
CD007388_pub3_data__A11,CD007388,92.0,100.0,30.0,50.0,50.0,64,C,Caution Advised,48.8
CD007388_pub3_data__A10,CD007388,92.0,100.0,30.0,50.0,50.0,64,C,Caution Advised,48.8
CD007388_pub3_data__A8,CD007388,92.0,100.0,30.0,50.0,50.0,64,C,Caution Advised,48.8
CD014889_pub2_data__A1,CD014889,92.0,100.0,80.0,0.3,50.0,64,C,Caution Advised,48.8
CD015584_pub2_data__A4,CD015584,92.0,100.0,30.0,0.1,100.0,64,C,Caution Advised,48.8
CD010145_pub2_data__A17,CD010145,84.0,100.0,70.0,39.5,25.0,64,C,Caution Advised,48.8
CD006273_pub4_data__A1,CD006273,92.0,100.0,30.0,50.0,50.0,64,C,Caution Advised,48.8
CD008552_pub8_data__A6,CD008552,92.0,100.0,30.0,0.1,100.0,64,C,Caution Advised,48.8
CD012067_pub3_data__A10,CD012067,92.0,100.0,30.0,0.3,100.0,64,C,Caution Advised,48.8
CD016064_data__A7,CD016064,92.0,100.0,30.0,0.2,100.0,64,C,Caution Advised,48.8
CD016064_data__A6,CD016064,92.0,100.0,30.0,0.2,100.0,64,C,Caution Advised,48.8
CD004736_pub6_data__A16,CD004736,92.0,100.0,30.0,0.3,100.0,64,C,Caution Advised,48.8
CD009752_pub3_data__A14,CD009752,92.0,100.0,30.0,50.0,50.0,64,C,Caution Advised,48.8
CD013421_pub2_data__A1,CD013421,72.0,100.0,50.0,0.1,100.0,64,C,Caution Advised,48.8
CD010145_pub2_data__A16,CD010145,84.0,100.0,70.0,39.5,25.0,64,C,Caution Advised,48.8
CD014891_pub2_data__A2,CD014891,84.0,100.0,60.0,50.0,25.0,64,C,Caution Advised,48.8
CD008552_pub8_data__A5,CD008552,92.0,100.0,30.0,0.1,100.0,64,C,Caution Advised,48.8
CD008552_pub8_data__A4,CD008552,92.0,100.0,30.0,0.1,100.0,64,C,Caution Advised,48.8
CD008552_pub8_data__A3,CD008552,92.0,100.0,30.0,0.1,100.0,64,C,Caution Advised,48.8
CD008552_pub8_data__A2,CD008552,92.0,100.0,30.0,0.1,100.0,64,C,Caution Advised,48.8
CD008552_pub8_data__A1,CD008552,92.0,100.0,30.0,0.1,100.0,64,C,Caution Advised,48.8
CD008493_pub5_data__A5,CD008493,92.0,100.0,30.0,0.4,100.0,64,C,Caution Advised,48.8
CD008628_pub3_data__A1,CD008628,72.0,100.0,10.0,60.9,75.0,64,C,Caution Advised,48.8
CD014889_pub2_data__A4,CD014889,92.0,100.0,80.0,0.3,50.0,64,C,Caution Advised,48.8
CD008771_pub3_data__A13,CD008771,92.0,100.0,30.0,50.0,50.0,64,C,Caution Advised,48.8
CD008771_pub3_data__A12,CD008771,92.0,100.0,30.0,50.0,50.0,64,C,Caution Advised,48.8
CD010145_pub2_data__A10,CD010145,92.0,100.0,40.0,39.5,50.0,64,C,Caution Advised,48.8
CD010856_pub3_data__A8,CD010856,92.0,100.0,30.0,0.1,100.0,64,C,Caution Advised,48.8
CD008552_pub8_data__A7,CD008552,92.0,100.0,30.0,0.1,100.0,64,C,Caution Advised,48.8
CD008709_pub4_data__A5,CD008709,56.0,100.0,20.0,46.4,100.0,64,C,Caution Advised,48.8
CD011806_pub2_data__A2,CD011806,92.0,100.0,30.0,50.0,50.0,64,C,Caution Advised,48.8
CD011806_pub2_data__A19,CD011806,92.0,100.0,30.0,50.0,50.0,64,C,Caution Advised,48.8
CD014891_pub2_data__A1,CD014891,84.0,100.0,60.0,50.0,25.0,64,C,Caution Advised,48.8
CD008709_pub4_data__A19,CD008709,72.0,100.0,0.0,46.4,100.0,64,C,Caution Advised,48.8
CD009752_pub3_data__A17,CD009752,92.0,100.0,30.0,50.0,50.0,64,C,Caution Advised,48.8
CD009752_pub3_data__A7,CD009752,92.0,100.0,30.0,50.0,50.0,64,C,Caution Advised,48.8
CD015517_data__A4,CD015517,72.0,100.0,0.0,50.0,100.0,64,C,Caution Advised,48.8
CD010163_pub3_data__A3,CD010163,84.0,100.0,60.0,50.0,25.0,64,C,Caution Advised,48.8
CD015495_data__A2,CD015495,72.0,100.0,0.0,50.0,100.0,64,C,Caution Advised,48.8
CD004406_pub6_data__A6,CD004406,100.0,100.0,40.0,3.4,75.0,64,C,Caution Advised,48.8
CD004406_pub6_data__A4,CD004406,76.0,100.0,40.0,3.4,100.0,64,C,Caution Advised,48.8
CD015038_pub2_data__A13,CD015038,92.0,100.0,30.0,0.1,100.0,64,C,Caution Advised,48.8
CD015084_pub2_data__A1,CD015084,92.0,100.0,30.0,50.0,50.0,64,C,Caution Advised,48.8
CD015066_pub2_data__A2,CD015066,84.0,100.0,60.0,50.0,25.0,64,C,Caution Advised,48.8
CD016168_data__A6,CD016168,92.0,100.0,30.0,50.0,50.0,64,C,Caution Advised,48.8
CD016168_data__A2,CD016168,92.0,100.0,30.0,50.0,50.0,64,C,Caution Advised,48.8
CD010001_pub4_data__A5,CD010001,72.0,100.0,50.0,0.3,100.0,64,C,Caution Advised,48.8
CD010001_pub4_data__A2,CD010001,72.0,100.0,50.0,0.3,100.0,64,C,Caution Advised,48.8
CD000547_pub3_data__A3,CD000547,92.0,100.0,30.0,0.1,100.0,64,C,Caution Advised,48.8
CD009752_pub3_data__A8,CD009752,92.0,100.0,30.0,50.0,50.0,64,C,Caution Advised,48.8
CD004992_pub4_data__A7,CD004992,92.0,100.0,30.0,68.5,25.0,63,C,Caution Advised,44.7
CD004992_pub4_data__A8,CD004992,92.0,100.0,30.0,68.5,25.0,63,C,Caution Advised,44.7
CD015331_pub2_data__A44,CD015331,76.0,100.0,40.0,0.7,100.0,63,C,Caution Advised,44.7
CD007872_pub4_data__A11,CD007872,84.0,100.0,80.0,25.2,25.0,63,C,Caution Advised,44.7
CD007872_pub4_data__A13,CD007872,84.0,100.0,80.0,25.2,25.0,63,C,Caution Advised,44.7
CD007872_pub4_data__A15,CD007872,84.0,100.0,80.0,25.2,25.0,63,C,Caution Advised,44.7
CD007872_pub4_data__A17,CD007872,84.0,100.0,80.0,25.2,25.0,63,C,Caution Advised,44.7
CD007872_pub4_data__A18,CD007872,84.0,100.0,80.0,25.2,25.0,63,C,Caution Advised,44.7
CD007872_pub4_data__A20,CD007872,84.0,100.0,80.0,25.2,25.0,63,C,Caution Advised,44.7
CD007872_pub4_data__A21,CD007872,84.0,100.0,80.0,25.2,25.0,63,C,Caution Advised,44.7
CD009508_pub2_data__A2,CD009508,84.0,100.0,30.0,0.1,100.0,63,C,Caution Advised,44.7
CD011305_pub3_data__A18,CD011305,84.0,100.0,60.0,47.2,25.0,63,C,Caution Advised,44.7
CD004406_pub6_data__A2,CD004406,64.0,100.0,50.0,3.4,100.0,63,C,Caution Advised,44.7
CD009244_pub3_data__A3,CD009244,84.0,100.0,30.0,50.0,50.0,63,C,Caution Advised,44.7
CD010145_pub2_data__A9,CD010145,84.0,100.0,40.0,39.5,50.0,63,C,Caution Advised,44.7
CD013590_pub2_data__A7,CD013590,100.0,100.0,40.0,0.7,75.0,63,C,Caution Advised,44.7
CD013590_pub2_data__A9,CD013590,100.0,100.0,40.0,0.7,75.0,63,C,Caution Advised,44.7
CD006404_pub5_data__A4,CD006404,72.0,100.0,40.0,0.8,100.0,63,C,Caution Advised,44.7
CD007130_pub5_data__A4,CD007130,84.0,100.0,30.0,1.7,100.0,63,C,Caution Advised,44.7
CD007130_pub5_data__A5,CD007130,84.0,100.0,30.0,1.7,100.0,63,C,Caution Advised,44.7
CD010145_pub2_data__A13,CD010145,84.0,100.0,40.0,39.5,50.0,63,C,Caution Advised,44.7
CD006475_pub3_data__A1,CD006475,84.0,100.0,30.0,0.2,100.0,63,C,Caution Advised,44.7
CD008628_pub3_data__A10,CD008628,72.0,100.0,30.0,60.9,50.0,63,C,Caution Advised,44.7
CD016119_data__A10,CD016119,100.0,100.0,40.0,1.5,75.0,63,C,Caution Advised,44.7
CD016119_data__A2,CD016119,100.0,100.0,40.0,1.5,75.0,63,C,Caution Advised,44.7
CD014872_pub2_data__A2,CD014872,84.0,100.0,30.0,1.3,100.0,63,C,Caution Advised,44.7
CD014872_pub2_data__A1,CD014872,84.0,100.0,30.0,1.3,100.0,63,C,Caution Advised,44.7
CD012079_pub2_data__A14,CD012079,84.0,100.0,30.0,0.1,100.0,63,C,Caution Advised,44.7
CD016064_data__A8,CD016064,84.0,100.0,30.0,0.2,100.0,63,C,Caution Advised,44.7
CD010145_pub2_data__A7,CD010145,84.0,100.0,40.0,39.5,50.0,63,C,Caution Advised,44.7
CD010145_pub2_data__A8,CD010145,84.0,100.0,40.0,39.5,50.0,63,C,Caution Advised,44.7
CD015584_pub2_data__A2,CD015584,64.0,100.0,50.0,0.1,100.0,63,C,Caution Advised,44.7
CD014889_pub2_data__A2,CD014889,84.0,100.0,80.0,0.3,50.0,63,C,Caution Advised,44.7
CD007388_pub3_data__A7,CD007388,84.0,100.0,30.0,50.0,50.0,63,C,Caution Advised,44.7
CD015145_pub2_data__A7,CD015145,80.0,100.0,30.0,53.0,50.0,63,C,Caution Advised,44.7
CD006475_pub3_data__A3,CD006475,84.0,100.0,30.0,0.2,100.0,63,C,Caution Advised,44.7
CD010861_pub3_data__A17,CD010861,52.0,100.0,40.0,50.0,75.0,63,C,Caution Advised,44.7
CD010861_pub3_data__A18,CD010861,52.0,100.0,40.0,50.0,75.0,63,C,Caution Advised,44.7
CD012067_pub3_data__A13,CD012067,76.0,60.0,80.0,0.3,100.0,63,C,Caution Advised,44.7
CD015213_pub2_data__A2,CD015213,84.0,100.0,30.0,3.1,100.0,63,C,Caution Advised,44.7
CD015588_pub2_data__A47,CD015588,84.0,100.0,30.0,0.1,100.0,63,C,Caution Advised,44.7
CD003331_pub6_data__A7,CD003331,84.0,100.0,30.0,1.3,100.0,63,C,Caution Advised,44.7
CD013774_pub2_data__A1,CD013774,100.0,100.0,30.0,7.5,75.0,63,C,Caution Advised,44.7
CD013774_pub2_data__A8,CD013774,100.0,100.0,30.0,7.5,75.0,63,C,Caution Advised,44.7
CD003331_pub6_data__A1,CD003331,84.0,100.0,30.0,1.3,100.0,63,C,Caution Advised,44.7
CD010861_pub3_data__A7,CD010861,44.0,100.0,20.0,50.0,100.0,63,C,Caution Advised,44.7
CD016119_data__A8,CD016119,100.0,100.0,40.0,1.5,75.0,63,C,Caution Advised,44.7
CD014937_pub2_data__A6,CD014937,84.0,100.0,30.0,0.1,100.0,63,C,Caution Advised,44.7
CD014937_pub2_data__A7,CD014937,84.0,100.0,30.0,0.1,100.0,63,C,Caution Advised,44.7
CD007079_pub4_data__A7,CD007079,84.0,100.0,30.0,0.2,100.0,63,C,Caution Advised,44.7
CD015532_data__A14,CD015532,92.0,100.0,30.0,67.4,25.0,63,C,Caution Advised,44.7
CD015588_pub2_data__A51,CD015588,84.0,100.0,30.0,0.1,100.0,63,C,Caution Advised,44.7
CD003414_pub4_data__A4,CD003414,84.0,100.0,30.0,2.5,100.0,63,C,Caution Advised,44.7
CD003414_pub4_data__A6,CD003414,84.0,100.0,30.0,2.5,100.0,63,C,Caution Advised,44.7
CD012079_pub2_data__A6,CD012079,64.0,100.0,50.0,0.1,100.0,63,C,Caution Advised,44.7
CD012079_pub2_data__A8,CD012079,84.0,100.0,30.0,0.1,100.0,63,C,Caution Advised,44.7
CD014820_pub2_data__A3,CD014820,64.0,100.0,50.0,0.5,100.0,63,C,Caution Advised,44.7
CD015213_pub2_data__A4,CD015213,72.0,100.0,40.0,3.1,100.0,63,C,Caution Advised,44.7
CD008873_pub5_data__A5,CD008873,84.0,100.0,30.0,50.0,50.0,63,C,Caution Advised,44.7
CD009752_pub3_data__A4,CD009752,84.0,100.0,30.0,50.0,50.0,63,C,Caution Advised,44.7
CD002243_pub5_data__A10,CD002243,84.0,100.0,30.0,0.1,100.0,63,C,Caution Advised,44.7
CD012429_pub2_data__A15,CD012429,92.0,100.0,40.0,33.7,50.0,63,C,Caution Advised,44.7
CD012429_pub2_data__A16,CD012429,92.0,100.0,40.0,33.7,50.0,63,C,Caution Advised,44.7
CD016002_data__A23,CD016002,72.0,100.0,20.0,50.0,75.0,63,C,Caution Advised,44.7
CD016002_data__A16,CD016002,44.0,100.0,20.0,50.0,100.0,63,C,Caution Advised,44.7
CD015331_pub2_data__A72,CD015331,100.0,100.0,40.0,0.7,75.0,63,C,Caution Advised,44.7
CD015331_pub2_data__A73,CD015331,100.0,100.0,40.0,0.7,75.0,63,C,Caution Advised,44.7
CD015213_pub2_data__A6,CD015213,72.0,100.0,40.0,3.1,100.0,63,C,Caution Advised,44.7
CD015213_pub2_data__A7,CD015213,72.0,100.0,40.0,3.1,100.0,63,C,Caution Advised,44.7
CD015213_pub2_data__A8,CD015213,84.0,100.0,30.0,3.1,100.0,63,C,Caution Advised,44.7
CD003833_pub5_data__A5,CD003833,92.0,100.0,50.0,24.6,50.0,63,C,Caution Advised,44.7
CD003833_pub5_data__A6,CD003833,92.0,100.0,50.0,24.6,50.0,63,C,Caution Advised,44.7
CD004736_pub6_data__A22,CD004736,84.0,100.0,30.0,0.3,100.0,63,C,Caution Advised,44.7
CD012429_pub2_data__A10,CD012429,92.0,100.0,40.0,33.7,50.0,63,C,Caution Advised,44.7
CD012429_pub2_data__A11,CD012429,92.0,100.0,40.0,33.7,50.0,63,C,Caution Advised,44.7
CD012429_pub2_data__A12,CD012429,92.0,100.0,40.0,33.7,50.0,63,C,Caution Advised,44.7
CD012429_pub2_data__A13,CD012429,92.0,100.0,40.0,33.7,50.0,63,C,Caution Advised,44.7
CD012429_pub2_data__A14,CD012429,92.0,100.0,40.0,33.7,50.0,63,C,Caution Advised,44.7
CD004667_pub6_data__A23,CD004667,84.0,100.0,30.0,1.4,100.0,63,C,Caution Advised,44.7
CD004667_pub6_data__A5,CD004667,84.0,100.0,30.0,1.4,100.0,63,C,Caution Advised,44.7
CD004667_pub6_data__A7,CD004667,84.0,100.0,30.0,1.4,100.0,63,C,Caution Advised,44.7
CD009752_pub3_data__A1,CD009752,92.0,70.0,30.0,50.0,75.0,63,C,Caution Advised,44.7
CD015134_pub2_data__A1,CD015134,64.0,55.0,50.0,94.6,50.0,63,C,Caution Advised,44.7
CD015387_pub2_data__A4,CD015387,64.0,100.0,50.0,0.2,100.0,63,C,Caution Advised,44.7
CD013456_pub2_data__A10,CD013456,100.0,100.0,30.0,32.6,50.0,63,C,Caution Advised,44.7
CD012429_pub2_data__A6,CD012429,92.0,100.0,40.0,33.7,50.0,63,C,Caution Advised,44.7
CD012429_pub2_data__A7,CD012429,92.0,100.0,40.0,33.7,50.0,63,C,Caution Advised,44.7
CD012429_pub2_data__A8,CD012429,92.0,100.0,40.0,33.7,50.0,63,C,Caution Advised,44.7
CD012429_pub2_data__A9,CD012429,92.0,100.0,40.0,33.7,50.0,63,C,Caution Advised,44.7
CD012429_pub2_data__A17,CD012429,92.0,100.0,40.0,33.7,50.0,63,C,Caution Advised,44.7
CD012429_pub2_data__A18,CD012429,92.0,100.0,40.0,33.7,50.0,63,C,Caution Advised,44.7
CD012429_pub2_data__A19,CD012429,92.0,100.0,40.0,33.7,50.0,63,C,Caution Advised,44.7
CD012429_pub2_data__A21,CD012429,92.0,100.0,40.0,33.7,50.0,63,C,Caution Advised,44.7
CD012429_pub2_data__A22,CD012429,92.0,100.0,40.0,33.7,50.0,63,C,Caution Advised,44.7
CD012429_pub2_data__A23,CD012429,92.0,100.0,40.0,33.7,50.0,63,C,Caution Advised,44.7
CD015711_pub2_data__A1,CD015711,84.0,100.0,30.0,50.0,50.0,63,C,Caution Advised,44.7
CD015711_pub2_data__A2,CD015711,84.0,100.0,30.0,50.0,50.0,63,C,Caution Advised,44.7
CD014785_pub2_data__A1,CD014785,84.0,100.0,30.0,50.0,50.0,63,C,Caution Advised,44.7
CD008940_pub4_data__A5,CD008940,84.0,100.0,30.0,2.2,100.0,63,C,Caution Advised,44.7
CD013456_pub2_data__A6,CD013456,80.0,100.0,0.0,32.6,100.0,63,C,Caution Advised,44.7
CD013445_pub2_data__A30,CD013445,84.0,100.0,80.0,0.3,50.0,63,C,Caution Advised,44.7
CD015786_pub2_data__A6,CD015786,92.0,100.0,70.0,25.6,25.0,63,C,Caution Advised,44.7
CD015219_pub2_data__A11,CD015219,84.0,100.0,30.0,0.1,100.0,63,C,Caution Advised,44.7
CD004736_pub6_data__A36,CD004736,64.0,100.0,50.0,0.3,100.0,63,C,Caution Advised,44.7
CD008176_pub3_data__A6,CD008176,84.0,100.0,30.0,0.5,100.0,63,C,Caution Advised,44.7
CD003519_pub5_data__A3,CD003519,64.0,100.0,50.0,0.1,100.0,63,C,Caution Advised,44.7
CD012429_pub2_data__A20,CD012429,92.0,100.0,40.0,33.7,50.0,63,C,Caution Advised,44.7
CD015254_pub2_data__A5,CD015254,72.0,100.0,70.0,0.1,75.0,63,C,Caution Advised,44.7
CD014741_pub2_data__A8,CD014741,84.0,100.0,30.0,0.1,100.0,63,C,Caution Advised,44.7
CD012586_pub2_data__A8,CD012586,72.0,100.0,0.0,41.5,100.0,63,C,Caution Advised,44.7
CD013278_pub3_data__A25,CD013278,92.0,100.0,70.0,26.0,25.0,63,C,Caution Advised,44.7
CD013278_pub3_data__A26,CD013278,92.0,100.0,70.0,26.0,25.0,63,C,Caution Advised,44.7
CD013278_pub3_data__A27,CD013278,92.0,100.0,70.0,26.0,25.0,63,C,Caution Advised,44.7
CD013715_pub2_data__A1,CD013715,84.0,100.0,80.0,0.2,50.0,63,C,Caution Advised,44.7
CD015123_pub2_data__A2,CD015123,72.0,100.0,20.0,50.0,75.0,63,C,Caution Advised,44.7
CD015448_pub2_data__A6,CD015448,100.0,100.0,30.0,10.4,75.0,63,C,Caution Advised,44.7
CD010583_pub6_data__A6,CD010583,100.0,100.0,40.0,0.4,75.0,63,C,Caution Advised,44.7
CD008940_pub4_data__A1,CD008940,84.0,100.0,30.0,2.2,100.0,63,C,Caution Advised,44.7
CD008940_pub4_data__A2,CD008940,84.0,100.0,30.0,2.2,100.0,63,C,Caution Advised,44.7
CD009235_pub4_data__A7,CD009235,84.0,100.0,30.0,2.1,100.0,63,C,Caution Advised,44.7
CD004667_pub6_data__A10,CD004667,84.0,100.0,30.0,1.4,100.0,63,C,Caution Advised,44.7
CD001396_pub4_data__A20,CD001396,84.0,100.0,30.0,0.3,100.0,63,C,Caution Advised,44.7
CD010583_pub6_data__A7,CD010583,100.0,100.0,40.0,0.4,75.0,63,C,Caution Advised,44.7
CD006913_pub3_data__A9,CD006913,84.0,100.0,30.0,0.3,100.0,63,C,Caution Advised,44.7
CD006919_pub5_data__A1,CD006919,84.0,100.0,30.0,0.2,100.0,63,C,Caution Advised,44.7
CD006632_pub3_data__A11,CD006632,100.0,100.0,40.0,1.0,75.0,63,C,Caution Advised,44.7
CD006632_pub3_data__A2,CD006632,100.0,100.0,40.0,1.0,75.0,63,C,Caution Advised,44.7
CD006632_pub3_data__A8,CD006632,100.0,100.0,40.0,1.0,75.0,63,C,Caution Advised,44.7
CD009235_pub4_data__A15,CD009235,84.0,100.0,30.0,2.1,100.0,63,C,Caution Advised,44.7
CD007674_pub3_data__A3,CD007674,64.0,100.0,50.0,0.2,100.0,63,C,Caution Advised,44.7
CD012693_pub3_data__A12,CD012693,84.0,100.0,30.0,0.1,100.0,63,C,Caution Advised,44.7
CD008176_pub3_data__A22,CD008176,84.0,100.0,30.0,0.5,100.0,63,C,Caution Advised,44.7
CD004736_pub6_data__A61,CD004736,84.0,100.0,30.0,0.3,100.0,63,C,Caution Advised,44.7
CD014741_pub2_data__A1,CD014741,84.0,100.0,30.0,0.1,100.0,63,C,Caution Advised,44.7
CD015254_pub2_data__A3,CD015254,72.0,100.0,70.0,0.1,75.0,63,C,Caution Advised,44.7
CD015254_pub2_data__A4,CD015254,72.0,100.0,70.0,0.1,75.0,63,C,Caution Advised,44.7
CD015326_pub2_data__A13,CD015326,84.0,100.0,30.0,2.6,100.0,63,C,Caution Advised,44.7
CD010583_pub6_data__A1,CD010583,100.0,100.0,40.0,0.4,75.0,63,C,Caution Advised,44.7
CD010583_pub6_data__A2,CD010583,100.0,100.0,40.0,0.4,75.0,63,C,Caution Advised,44.7
CD012693_pub3_data__A3,CD012693,84.0,100.0,30.0,0.1,100.0,63,C,Caution Advised,44.7
CD014580_pub2_data__A4,CD014580,72.0,100.0,20.0,50.0,75.0,63,C,Caution Advised,44.7
CD013278_pub3_data__A1,CD013278,80.0,100.0,10.0,26.0,100.0,63,C,Caution Advised,44.7
CD013278_pub3_data__A19,CD013278,64.0,100.0,50.0,26.0,75.0,63,C,Caution Advised,44.7
CD013278_pub3_data__A28,CD013278,92.0,100.0,70.0,26.0,25.0,63,C,Caution Advised,44.7
CD009235_pub4_data__A18,CD009235,84.0,100.0,30.0,2.1,100.0,63,C,Caution Advised,44.7
CD009235_pub4_data__A21,CD009235,84.0,100.0,30.0,2.1,100.0,63,C,Caution Advised,44.7
CD011330_pub2_data__A2,CD011330,100.0,100.0,30.0,59.0,25.0,63,C,Caution Advised,44.7
CD011305_pub3_data__A16,CD011305,84.0,100.0,60.0,47.2,25.0,63,C,Caution Advised,44.7
CD006919_pub5_data__A2,CD006919,84.0,100.0,30.0,0.2,100.0,63,C,Caution Advised,44.7
CD006919_pub5_data__A5,CD006919,84.0,100.0,30.0,0.2,100.0,63,C,Caution Advised,44.7
CD002243_pub5_data__A9,CD002243,64.0,100.0,50.0,0.1,100.0,63,C,Caution Advised,44.7
CD004871_pub5_data__A3,CD004871,84.0,100.0,80.0,0.1,50.0,63,C,Caution Advised,44.7
CD014574_pub2_data__A3,CD014574,84.0,100.0,30.0,50.0,50.0,63,C,Caution Advised,44.7
CD007872_pub4_data__A3,CD007872,84.0,100.0,80.0,25.2,25.0,63,C,Caution Advised,44.7
CD004925_pub4_data__A3,CD004925,72.0,100.0,40.0,0.7,100.0,63,C,Caution Advised,44.7
CD007872_pub4_data__A5,CD007872,84.0,100.0,80.0,25.2,25.0,63,C,Caution Advised,44.7
CD007872_pub4_data__A6,CD007872,84.0,100.0,80.0,25.2,25.0,63,C,Caution Advised,44.7
CD008063_pub3_data__A1,CD008063,92.0,90.0,30.0,0.6,100.0,63,C,Caution Advised,44.7
CD013105_pub2_data__A3,CD013105,84.0,100.0,30.0,1.3,100.0,63,C,Caution Advised,44.7
CD012925_pub2_data__A5,CD012925,84.0,100.0,30.0,0.1,100.0,63,C,Caution Advised,44.7
CD006913_pub3_data__A12,CD006913,64.0,100.0,50.0,0.3,100.0,63,C,Caution Advised,44.7
CD006689_pub3_data__A17,CD006689,84.0,100.0,30.0,1.8,100.0,63,C,Caution Advised,44.7
CD011305_pub3_data__A20,CD011305,84.0,100.0,60.0,47.2,25.0,63,C,Caution Advised,44.7
CD011305_pub3_data__A21,CD011305,84.0,100.0,60.0,47.2,25.0,63,C,Caution Advised,44.7
CD011305_pub3_data__A22,CD011305,84.0,100.0,60.0,47.2,25.0,63,C,Caution Advised,44.7
CD011305_pub3_data__A7,CD011305,84.0,100.0,60.0,47.2,25.0,63,C,Caution Advised,44.7
CD013042_pub2_data__A3,CD013042,64.0,100.0,50.0,1.4,100.0,63,C,Caution Advised,44.7
CD015331_pub2_data__A35,CD015331,76.0,100.0,40.0,0.7,100.0,63,C,Caution Advised,44.7
CD004992_pub4_data__A3,CD004992,72.0,100.0,50.0,68.5,25.0,63,C,Caution Advised,44.7
CD005495_pub5_data__A8,CD005495,84.0,100.0,30.0,3.4,100.0,63,C,Caution Advised,44.7
CD015331_pub2_data__A46,CD015331,100.0,100.0,40.0,0.7,75.0,63,C,Caution Advised,44.7
CD004992_pub4_data__A4,CD004992,92.0,100.0,30.0,68.5,25.0,63,C,Caution Advised,44.7
CD015331_pub2_data__A48,CD015331,76.0,100.0,40.0,0.7,100.0,63,C,Caution Advised,44.7
CD013042_pub2_data__A1,CD013042,84.0,100.0,30.0,1.4,100.0,63,C,Caution Advised,44.7
CD013042_pub2_data__A2,CD013042,84.0,100.0,30.0,1.4,100.0,63,C,Caution Advised,44.7
CD015084_pub2_data__A5,CD015084,84.0,100.0,30.0,50.0,50.0,63,C,Caution Advised,44.7
CD006632_pub3_data__A10,CD006632,100.0,100.0,40.0,1.0,75.0,63,C,Caution Advised,44.7
CD006689_pub3_data__A6,CD006689,72.0,100.0,40.0,1.8,100.0,63,C,Caution Advised,44.7
CD015518_data__A1,CD015518,84.0,100.0,30.0,0.3,100.0,63,C,Caution Advised,44.7
CD006712_pub3_data__A1,CD006712,72.0,100.0,30.0,13.5,100.0,63,C,Caution Advised,44.7
CD006689_pub3_data__A12,CD006689,84.0,100.0,30.0,1.8,100.0,63,C,Caution Advised,44.7
CD015476_pub2_data__A3,CD015476,72.0,100.0,40.0,0.5,100.0,63,C,Caution Advised,44.7
CD011305_pub3_data__A13,CD011305,84.0,100.0,60.0,47.2,25.0,63,C,Caution Advised,44.7
CD013595_pub2_data__A5,CD013595,84.0,100.0,30.0,27.0,75.0,63,C,Caution Advised,44.7
CD000219_pub5_data__A2,CD000219,84.0,50.0,80.0,0.2,100.0,63,C,Caution Advised,44.7
CD016168_data__A3,CD016168,84.0,100.0,30.0,50.0,50.0,63,C,Caution Advised,44.7
CD009788_pub3_data__A11,CD009788,92.0,100.0,30.0,19.8,75.0,63,C,Caution Advised,44.7
CD013303_pub2_data__A3,CD013303,60.0,100.0,0.0,50.0,100.0,62,C,Caution Advised,42.3
CD008709_pub4_data__A4,CD008709,64.0,100.0,0.0,46.4,100.0,62,C,Caution Advised,42.3
CD014769_pub2_data__A25,CD014769,100.0,100.0,30.0,3.7,75.0,62,C,Caution Advised,42.3
CD014769_pub2_data__A22,CD014769,100.0,100.0,30.0,3.7,75.0,62,C,Caution Advised,42.3
CD014769_pub2_data__A18,CD014769,100.0,100.0,30.0,3.7,75.0,62,C,Caution Advised,42.3
CD014769_pub2_data__A15,CD014769,100.0,100.0,30.0,3.7,75.0,62,C,Caution Advised,42.3
CD005187_pub6_data__A4,CD005187,100.0,100.0,30.0,3.5,75.0,62,C,Caution Advised,42.3
CD013875_pub2_data__A7,CD013875,100.0,100.0,30.0,3.8,75.0,62,C,Caution Advised,42.3
CD013875_pub2_data__A6,CD013875,100.0,100.0,30.0,3.8,75.0,62,C,Caution Advised,42.3
CD014544_pub2_data__A3,CD014544,92.0,100.0,30.0,14.5,75.0,62,C,Caution Advised,42.3
CD001396_pub4_data__A9,CD001396,60.0,100.0,50.0,0.3,100.0,62,C,Caution Advised,42.3
CD013801_pub2_data__A21,CD013801,72.0,100.0,40.0,50.0,50.0,62,C,Caution Advised,42.3
CD014852_pub2_data__A14,CD014852,100.0,100.0,30.0,6.0,75.0,62,C,Caution Advised,42.3
CD014852_pub2_data__A13,CD014852,100.0,100.0,30.0,6.0,75.0,62,C,Caution Advised,42.3
CD014852_pub2_data__A12,CD014852,100.0,100.0,30.0,6.0,75.0,62,C,Caution Advised,42.3
CD014852_pub2_data__A11,CD014852,100.0,100.0,30.0,6.0,75.0,62,C,Caution Advised,42.3
CD014852_pub2_data__A1,CD014852,76.0,100.0,30.0,6.0,100.0,62,C,Caution Advised,42.3
CD015326_pub2_data__A30,CD015326,100.0,100.0,30.0,2.6,75.0,62,C,Caution Advised,42.3
CD014852_pub2_data__A19,CD014852,100.0,100.0,30.0,6.0,75.0,62,C,Caution Advised,42.3
CD014852_pub2_data__A18,CD014852,100.0,100.0,30.0,6.0,75.0,62,C,Caution Advised,42.3
CD014852_pub2_data__A15,CD014852,100.0,100.0,30.0,6.0,75.0,62,C,Caution Advised,42.3
CD015213_pub2_data__A13,CD015213,100.0,100.0,30.0,3.1,75.0,62,C,Caution Advised,42.3
CD015213_pub2_data__A11,CD015213,100.0,100.0,30.0,3.1,75.0,62,C,Caution Advised,42.3
CD007872_pub4_data__A9,CD007872,84.0,100.0,50.0,25.2,50.0,62,C,Caution Advised,42.3
CD007872_pub4_data__A8,CD007872,84.0,100.0,50.0,25.2,50.0,62,C,Caution Advised,42.3
CD014428_pub2_data__A2,CD014428,60.0,100.0,20.0,57.0,75.0,62,C,Caution Advised,42.3
CD011305_pub3_data__A11,CD011305,84.0,100.0,30.0,47.2,50.0,62,C,Caution Advised,42.3
CD011305_pub3_data__A1,CD011305,84.0,100.0,30.0,47.2,50.0,62,C,Caution Advised,42.3
CD012429_pub2_data__A5,CD012429,84.0,100.0,40.0,33.7,50.0,62,C,Caution Advised,42.3
CD015326_pub2_data__A9,CD015326,100.0,100.0,30.0,2.6,75.0,62,C,Caution Advised,42.3
CD013166_pub3_data__A1,CD013166,60.0,100.0,0.0,50.0,100.0,62,C,Caution Advised,42.3
CD015331_pub2_data__A65,CD015331,92.0,100.0,40.0,0.7,75.0,62,C,Caution Advised,42.3
CD001396_pub4_data__A6,CD001396,60.0,100.0,50.0,0.3,100.0,62,C,Caution Advised,42.3
CD012586_pub2_data__A1,CD012586,76.0,60.0,30.0,41.5,100.0,62,C,Caution Advised,42.3
CD015014_pub2_data__A35,CD015014,76.0,100.0,30.0,6.0,100.0,62,C,Caution Advised,42.3
CD011204_pub3_data__A5,CD011204,60.0,100.0,50.0,0.2,100.0,62,C,Caution Advised,42.3
CD011305_pub3_data__A5,CD011305,84.0,100.0,30.0,47.2,50.0,62,C,Caution Advised,42.3
CD011305_pub3_data__A2,CD011305,84.0,100.0,30.0,47.2,50.0,62,C,Caution Advised,42.3
CD006919_pub5_data__A3,CD006919,92.0,90.0,30.0,0.2,100.0,62,C,Caution Advised,42.3
CD011305_pub3_data__A19,CD011305,84.0,100.0,30.0,47.2,50.0,62,C,Caution Advised,42.3
CD015701_pub2_data__A2,CD015701,72.0,100.0,40.0,50.0,50.0,62,C,Caution Advised,42.3
CD003414_pub4_data__A5,CD003414,100.0,100.0,30.0,2.5,75.0,62,C,Caution Advised,42.3
CD003414_pub4_data__A3,CD003414,76.0,100.0,30.0,2.5,100.0,62,C,Caution Advised,42.3
CD015326_pub2_data__A29,CD015326,100.0,100.0,30.0,2.6,75.0,62,C,Caution Advised,42.3
CD015326_pub2_data__A28,CD015326,100.0,100.0,30.0,2.6,75.0,62,C,Caution Advised,42.3
CD015326_pub2_data__A17,CD015326,100.0,100.0,30.0,2.6,75.0,62,C,Caution Advised,42.3
CD015326_pub2_data__A16,CD015326,100.0,100.0,30.0,2.6,75.0,62,C,Caution Advised,42.3
CD015326_pub2_data__A15,CD015326,100.0,100.0,30.0,2.6,75.0,62,C,Caution Advised,42.3
CD015326_pub2_data__A8,CD015326,100.0,100.0,30.0,2.6,75.0,62,C,Caution Advised,42.3
CD015326_pub2_data__A7,CD015326,100.0,100.0,30.0,2.6,75.0,62,C,Caution Advised,42.3
CD015326_pub2_data__A38,CD015326,100.0,100.0,30.0,2.6,75.0,62,C,Caution Advised,42.3
CD015326_pub2_data__A34,CD015326,100.0,100.0,30.0,2.6,75.0,62,C,Caution Advised,42.3
CD014852_pub2_data__A6,CD014852,100.0,100.0,30.0,6.0,75.0,62,C,Caution Advised,42.3
CD015849_pub2_data__A22,CD015849,64.0,100.0,70.0,0.8,75.0,62,C,Caution Advised,42.3
CD001431_pub6_data__A3,CD001431,12.0,60.0,40.0,99.8,100.0,62,C,Caution Advised,42.3
CD007837_pub3_data__A3,CD007837,72.0,100.0,40.0,50.0,50.0,62,C,Caution Advised,42.3
CD015014_pub2_data__A37,CD015014,76.0,100.0,30.0,6.0,100.0,62,C,Caution Advised,42.3
CD015014_pub2_data__A36,CD015014,76.0,100.0,30.0,6.0,100.0,62,C,Caution Advised,42.3
CD012623_pub2_data__A2,CD012623,100.0,100.0,40.0,19.9,50.0,62,C,Caution Advised,42.3
CD013232_pub2_data__A13,CD013232,84.0,90.0,30.0,8.2,100.0,62,C,Caution Advised,42.3
CD008973_pub3_data__A1,CD008973,44.0,100.0,40.0,50.0,75.0,62,C,Caution Advised,42.3
CD009730_pub3_data__A5,CD009730,100.0,100.0,30.0,6.5,75.0,62,C,Caution Advised,42.3
CD004736_pub6_data__A32,CD004736,72.0,100.0,40.0,0.3,100.0,62,C,Caution Advised,42.3
CD004736_pub6_data__A31,CD004736,72.0,100.0,40.0,0.3,100.0,62,C,Caution Advised,42.3
CD015875_data__A28,CD015875,72.0,100.0,40.0,50.0,50.0,62,C,Caution Advised,42.3
CD008973_pub3_data__A6,CD008973,44.0,100.0,40.0,50.0,75.0,62,C,Caution Advised,42.3
CD015014_pub2_data__A44,CD015014,100.0,100.0,30.0,6.0,75.0,62,C,Caution Advised,42.3
CD015014_pub2_data__A43,CD015014,100.0,100.0,30.0,6.0,75.0,62,C,Caution Advised,42.3
CD015014_pub2_data__A42,CD015014,100.0,100.0,30.0,6.0,75.0,62,C,Caution Advised,42.3
CD015014_pub2_data__A41,CD015014,100.0,100.0,30.0,6.0,75.0,62,C,Caution Advised,42.3
CD015014_pub2_data__A40,CD015014,100.0,100.0,30.0,6.0,75.0,62,C,Caution Advised,42.3
CD015014_pub2_data__A31,CD015014,100.0,100.0,30.0,6.0,75.0,62,C,Caution Advised,42.3
CD012178_pub2_data__A5,CD012178,100.0,100.0,30.0,5.3,75.0,62,C,Caution Advised,42.3
CD013745_pub2_data__A3,CD013745,100.0,100.0,30.0,7.0,75.0,62,C,Caution Advised,42.3
CD013748_pub2_data__A2,CD013748,60.0,100.0,0.0,74.2,75.0,62,C,Caution Advised,42.3
CD013414_pub2_data__A1,CD013414,92.0,90.0,30.0,0.2,100.0,62,C,Caution Advised,42.3
CD008973_pub3_data__A8,CD008973,44.0,100.0,40.0,50.0,75.0,62,C,Caution Advised,42.3
CD008973_pub3_data__A7,CD008973,44.0,100.0,40.0,50.0,75.0,62,C,Caution Advised,42.3
CD015331_pub2_data__A27,CD015331,92.0,100.0,40.0,0.7,75.0,62,C,Caution Advised,42.3
CD015331_pub2_data__A20,CD015331,92.0,100.0,40.0,0.7,75.0,62,C,Caution Advised,42.3
CD014914_pub2_data__A3,CD014914,72.0,100.0,40.0,0.1,100.0,62,C,Caution Advised,42.3
CD008564_pub3_data__A6,CD008564,92.0,100.0,60.0,32.0,25.0,62,C,Caution Advised,42.3
CD015532_data__A1,CD015532,44.0,100.0,0.0,67.4,100.0,62,C,Caution Advised,42.3
CD004736_pub6_data__A29,CD004736,72.0,100.0,40.0,0.3,100.0,62,C,Caution Advised,42.3
CD004736_pub6_data__A25,CD004736,72.0,100.0,40.0,0.3,100.0,62,C,Caution Advised,42.3
CD012693_pub3_data__A13,CD012693,72.0,100.0,40.0,0.1,100.0,62,C,Caution Advised,42.3
CD012642_pub2_data__A5,CD012642,60.0,100.0,10.0,88.9,50.0,62,C,Caution Advised,42.3
CD004508_pub5_data__A11,CD004508,100.0,100.0,30.0,4.4,75.0,62,C,Caution Advised,42.3
CD014965_pub2_data__A4,CD014965,92.0,30.0,40.0,99.7,50.0,62,C,Caution Advised,42.3
CD012268_pub2_data__A2,CD012268,100.0,100.0,30.0,6.5,75.0,62,C,Caution Advised,42.3
CD008145_pub4_data__A7,CD008145,100.0,100.0,30.0,2.8,75.0,62,C,Caution Advised,42.3
CD008145_pub4_data__A6,CD008145,100.0,100.0,30.0,2.8,75.0,62,C,Caution Advised,42.3
CD008145_pub4_data__A5,CD008145,100.0,100.0,30.0,2.8,75.0,62,C,Caution Advised,42.3
CD008145_pub4_data__A4,CD008145,100.0,100.0,30.0,2.8,75.0,62,C,Caution Advised,42.3
CD013445_pub2_data__A25,CD013445,72.0,100.0,40.0,0.3,100.0,62,C,Caution Advised,42.3
CD015532_data__A15,CD015532,72.0,100.0,20.0,67.4,50.0,62,C,Caution Advised,42.3
CD016168_data__A1,CD016168,72.0,100.0,40.0,50.0,50.0,62,C,Caution Advised,42.3
CD016148_data__A2,CD016148,72.0,100.0,40.0,0.4,100.0,62,C,Caution Advised,42.3
CD004508_pub5_data__A8,CD004508,100.0,100.0,30.0,4.4,75.0,62,C,Caution Advised,42.3
CD011468_pub2_data__A1,CD011468,72.0,100.0,40.0,50.0,50.0,62,C,Caution Advised,42.3
CD015387_pub2_data__A6,CD015387,72.0,100.0,40.0,0.2,100.0,62,C,Caution Advised,42.3
CD015532_data__A11,CD015532,72.0,100.0,20.0,67.4,50.0,62,C,Caution Advised,42.3
CD013643_pub2_data__A5,CD013643,100.0,100.0,30.0,5.6,75.0,62,C,Caution Advised,42.3
CD013643_pub2_data__A3,CD013643,100.0,100.0,30.0,5.6,75.0,62,C,Caution Advised,42.3
CD013059_pub2_data__A4,CD013059,92.0,100.0,60.0,33.3,25.0,62,C,Caution Advised,42.3
CD000547_pub3_data__A6,CD000547,72.0,100.0,40.0,0.1,100.0,62,C,Caution Advised,42.3
CD001837_pub4_data__A2,CD001837,72.0,100.0,40.0,0.2,100.0,62,C,Caution Advised,42.3
CD007872_pub4_data__A19,CD007872,84.0,100.0,50.0,25.2,50.0,62,C,Caution Advised,42.3
CD007872_pub4_data__A1,CD007872,84.0,100.0,50.0,25.2,50.0,62,C,Caution Advised,42.3
CD012572_pub3_data__A13,CD012572,72.0,100.0,30.0,56.0,50.0,62,C,Caution Advised,42.3
CD000547_pub3_data__A7,CD000547,72.0,100.0,40.0,0.1,100.0,62,C,Caution Advised,42.3
CD015042_pub2_data__A3,CD015042,92.0,100.0,40.0,0.9,75.0,62,C,Caution Advised,42.3
CD009417_pub3_data__A2,CD009417,100.0,100.0,30.0,5.3,75.0,62,C,Caution Advised,42.3
CD015476_pub2_data__A4,CD015476,64.0,100.0,40.0,0.5,100.0,61,C,Caution Advised,39.0
CD010001_pub4_data__A1,CD010001,64.0,90.0,50.0,0.3,100.0,61,C,Caution Advised,39.0
CD000219_pub5_data__A6,CD000219,100.0,100.0,30.0,0.2,75.0,61,C,Caution Advised,39.0
CD009609_pub3_data__A9,CD009609,100.0,100.0,30.0,1.3,75.0,61,C,Caution Advised,39.0
CD009531_pub3_data__A19,CD009531,100.0,100.0,30.0,2.0,75.0,61,C,Caution Advised,39.0
CD015721_pub2_data__A5,CD015721,100.0,100.0,30.0,0.7,75.0,61,C,Caution Advised,39.0
CD013294_pub2_data__A1,CD013294,80.0,100.0,0.0,50.0,75.0,61,C,Caution Advised,39.0
CD007674_pub3_data__A2,CD007674,64.0,100.0,40.0,0.2,100.0,61,C,Caution Advised,39.0
CD013278_pub3_data__A5,CD013278,52.0,100.0,50.0,26.0,75.0,61,C,Caution Advised,39.0
CD009535_pub3_data__A15,CD009535,100.0,100.0,30.0,0.4,75.0,61,C,Caution Advised,39.0
CD009535_pub3_data__A14,CD009535,100.0,100.0,30.0,0.4,75.0,61,C,Caution Advised,39.0
CD015033_pub2_data__A2,CD015033,56.0,100.0,50.0,0.9,100.0,61,C,Caution Advised,39.0
CD005343_pub7_data__A14,CD005343,100.0,100.0,30.0,0.3,75.0,61,C,Caution Advised,39.0
CD005343_pub7_data__A13,CD005343,100.0,100.0,30.0,0.3,75.0,61,C,Caution Advised,39.0
CD015331_pub2_data__A49,CD015331,56.0,100.0,50.0,0.7,100.0,61,C,Caution Advised,39.0
CD013056_pub3_data__A3,CD013056,100.0,100.0,30.0,0.2,75.0,61,C,Caution Advised,39.0
CD013055_pub3_data__A2,CD013055,84.0,100.0,30.0,14.8,75.0,61,C,Caution Advised,39.0
CD015849_pub2_data__A13,CD015849,100.0,100.0,30.0,0.8,75.0,61,C,Caution Advised,39.0
CD014544_pub2_data__A5,CD014544,84.0,100.0,30.0,14.5,75.0,61,C,Caution Advised,39.0
CD013332_pub2_data__A3,CD013332,100.0,100.0,30.0,0.4,75.0,61,C,Caution Advised,39.0
CD013331_pub2_data__A1,CD013331,80.0,100.0,0.0,50.0,75.0,61,C,Caution Advised,39.0
CD014678_pub2_data__A8,CD014678,100.0,100.0,30.0,2.4,75.0,61,C,Caution Advised,39.0
CD015284_pub2_data__A12,CD015284,100.0,100.0,30.0,0.3,75.0,61,C,Caution Advised,39.0
CD010856_pub3_data__A5,CD010856,100.0,100.0,30.0,0.1,75.0,61,C,Caution Advised,39.0
CD010856_pub3_data__A4,CD010856,100.0,100.0,30.0,0.1,75.0,61,C,Caution Advised,39.0
CD010856_pub3_data__A2,CD010856,100.0,100.0,30.0,0.1,75.0,61,C,Caution Advised,39.0
CD013462_pub3_data__A5,CD013462,76.0,100.0,30.0,0.2,100.0,61,C,Caution Advised,39.0
CD004736_pub6_data__A57,CD004736,100.0,100.0,30.0,0.3,75.0,61,C,Caution Advised,39.0
CD015252_pub2_data__A7,CD015252,76.0,100.0,60.0,44.0,25.0,61,C,Caution Advised,39.0
CD015252_pub2_data__A6,CD015252,76.0,100.0,60.0,44.0,25.0,61,C,Caution Advised,39.0
CD008176_pub3_data__A21,CD008176,76.0,100.0,30.0,0.5,100.0,61,C,Caution Advised,39.0
CD015284_pub2_data__A7,CD015284,100.0,100.0,30.0,0.3,75.0,61,C,Caution Advised,39.0
CD015284_pub2_data__A6,CD015284,100.0,100.0,30.0,0.3,75.0,61,C,Caution Advised,39.0
CD015284_pub2_data__A5,CD015284,100.0,100.0,30.0,0.3,75.0,61,C,Caution Advised,39.0
CD004736_pub6_data__A52,CD004736,100.0,100.0,30.0,0.3,75.0,61,C,Caution Advised,39.0
CD006689_pub3_data__A15,CD006689,100.0,100.0,30.0,1.8,75.0,61,C,Caution Advised,39.0
CD002971_pub6_data__A10,CD002971,100.0,100.0,30.0,0.3,75.0,61,C,Caution Advised,39.0
CD016002_data__A13,CD016002,16.0,100.0,40.0,50.0,100.0,61,C,Caution Advised,39.0
CD012397_pub2_data__A2,CD012397,92.0,100.0,60.0,30.3,25.0,61,C,Caution Advised,39.0
CD012397_pub2_data__A12,CD012397,92.0,100.0,60.0,30.3,25.0,61,C,Caution Advised,39.0
CD013445_pub2_data__A24,CD013445,64.0,100.0,40.0,0.3,100.0,61,C,Caution Advised,39.0
CD013445_pub2_data__A22,CD013445,100.0,100.0,30.0,0.3,75.0,61,C,Caution Advised,39.0
CD009730_pub3_data__A8,CD009730,92.0,100.0,30.0,6.5,75.0,61,C,Caution Advised,39.0
CD013445_pub2_data__A12,CD013445,100.0,100.0,30.0,0.3,75.0,61,C,Caution Advised,39.0
CD009022_pub4_data__A1,CD009022,100.0,100.0,30.0,1.1,75.0,61,C,Caution Advised,39.0
CD016148_data__A1,CD016148,76.0,100.0,30.0,0.4,100.0,61,C,Caution Advised,39.0
CD013456_pub2_data__A2,CD013456,72.0,100.0,0.0,32.6,100.0,61,C,Caution Advised,39.0
CD013456_pub2_data__A14,CD013456,92.0,100.0,30.0,32.6,50.0,61,C,Caution Advised,39.0
CD013456_pub2_data__A13,CD013456,92.0,100.0,30.0,32.6,50.0,61,C,Caution Advised,39.0
CD013445_pub2_data__A19,CD013445,64.0,100.0,40.0,0.3,100.0,61,C,Caution Advised,39.0
CD013445_pub2_data__A16,CD013445,64.0,100.0,40.0,0.3,100.0,61,C,Caution Advised,39.0
CD013456_pub2_data__A11,CD013456,92.0,100.0,30.0,32.6,50.0,61,C,Caution Advised,39.0
CD013445_pub2_data__A32,CD013445,100.0,100.0,30.0,0.3,75.0,61,C,Caution Advised,39.0
CD009235_pub4_data__A8,CD009235,100.0,100.0,30.0,2.1,75.0,61,C,Caution Advised,39.0
CD009022_pub4_data__A10,CD009022,100.0,100.0,30.0,1.1,75.0,61,C,Caution Advised,39.0
CD010856_pub3_data__A9,CD010856,100.0,100.0,30.0,0.1,75.0,61,C,Caution Advised,39.0
CD007130_pub5_data__A6,CD007130,100.0,100.0,30.0,1.7,75.0,61,C,Caution Advised,39.0
CD004667_pub6_data__A1,CD004667,56.0,100.0,50.0,1.4,100.0,61,C,Caution Advised,39.0
CD014965_pub2_data__A1,CD014965,64.0,30.0,10.0,99.7,100.0,61,C,Caution Advised,39.0
CD008165_pub5_data__A1,CD008165,100.0,100.0,30.0,0.3,75.0,61,C,Caution Advised,39.0
CD004736_pub6_data__A76,CD004736,100.0,100.0,30.0,0.3,75.0,61,C,Caution Advised,39.0
CD015284_pub2_data__A9,CD015284,100.0,100.0,30.0,0.3,75.0,61,C,Caution Advised,39.0
CD015932_pub2_data__A2,CD015932,76.0,100.0,30.0,0.2,100.0,61,C,Caution Advised,39.0
CD015894_pub2_data__A2,CD015894,100.0,100.0,30.0,0.1,75.0,61,C,Caution Advised,39.0
CD007079_pub4_data__A8,CD007079,100.0,100.0,30.0,0.2,75.0,61,C,Caution Advised,39.0
CD015284_pub2_data__A11,CD015284,100.0,100.0,30.0,0.3,75.0,61,C,Caution Advised,39.0
CD015284_pub2_data__A10,CD015284,100.0,100.0,30.0,0.3,75.0,61,C,Caution Advised,39.0
CD004736_pub6_data__A63,CD004736,100.0,100.0,30.0,0.3,75.0,61,C,Caution Advised,39.0
CD012397_pub2_data__A10,CD012397,92.0,100.0,60.0,30.3,25.0,61,C,Caution Advised,39.0
CD010861_pub3_data__A5,CD010861,60.0,100.0,20.0,50.0,75.0,61,C,Caution Advised,39.0
CD002243_pub5_data__A17,CD002243,100.0,100.0,30.0,0.1,75.0,61,C,Caution Advised,39.0
CD004667_pub6_data__A13,CD004667,100.0,100.0,30.0,1.4,75.0,61,C,Caution Advised,39.0
CD015087_pub2_data__A13,CD015087,72.0,100.0,30.0,77.6,25.0,61,C,Caution Advised,39.0
CD013474_pub2_data__A2,CD013474,100.0,100.0,30.0,0.2,75.0,61,C,Caution Advised,39.0
CD004736_pub6_data__A27,CD004736,100.0,100.0,30.0,0.3,75.0,61,C,Caution Advised,39.0
CD012397_pub2_data__A11,CD012397,92.0,100.0,60.0,30.3,25.0,61,C,Caution Advised,39.0
CD001703_pub4_data__A13,CD001703,100.0,100.0,30.0,0.5,75.0,61,C,Caution Advised,39.0
CD014741_pub2_data__A9,CD014741,100.0,100.0,30.0,0.1,75.0,61,C,Caution Advised,39.0
CD008176_pub3_data__A8,CD008176,64.0,100.0,40.0,0.5,100.0,61,C,Caution Advised,39.0
CD004736_pub6_data__A62,CD004736,100.0,100.0,30.0,0.3,75.0,61,C,Caution Advised,39.0
CD015014_pub2_data__A1,CD015014,92.0,100.0,30.0,6.0,75.0,61,C,Caution Advised,39.0
CD011305_pub3_data__A17,CD011305,76.0,100.0,30.0,47.2,50.0,61,C,Caution Advised,39.0
CD013474_pub2_data__A13,CD013474,100.0,100.0,30.0,0.2,75.0,61,C,Caution Advised,39.0
CD015014_pub2_data__A2,CD015014,92.0,100.0,30.0,6.0,75.0,61,C,Caution Advised,39.0
CD004667_pub6_data__A12,CD004667,64.0,100.0,40.0,1.4,100.0,61,C,Caution Advised,39.0
CD001396_pub4_data__A16,CD001396,100.0,100.0,30.0,0.3,75.0,61,C,Caution Advised,39.0
CD001396_pub4_data__A15,CD001396,100.0,100.0,30.0,0.3,75.0,61,C,Caution Advised,39.0
CD012993_pub2_data__A5,CD012993,100.0,100.0,30.0,0.4,75.0,61,C,Caution Advised,39.0
CD004762_pub3_data__A2,CD004762,100.0,100.0,30.0,1.2,75.0,61,C,Caution Advised,39.0
CD004871_pub5_data__A8,CD004871,100.0,100.0,30.0,0.1,75.0,61,C,Caution Advised,39.0
CD004871_pub5_data__A4,CD004871,100.0,100.0,30.0,0.1,75.0,61,C,Caution Advised,39.0
CD012079_pub2_data__A15,CD012079,100.0,100.0,30.0,0.1,75.0,61,C,Caution Advised,39.0
CD012079_pub2_data__A13,CD012079,100.0,100.0,30.0,0.1,75.0,61,C,Caution Advised,39.0
CD012079_pub2_data__A12,CD012079,76.0,100.0,30.0,0.1,100.0,61,C,Caution Advised,39.0
CD014089_data__A10,CD014089,92.0,100.0,60.0,27.9,25.0,61,C,Caution Advised,39.0
CD015849_pub2_data__A25,CD015849,100.0,100.0,30.0,0.8,75.0,61,C,Caution Advised,39.0
CD007079_pub4_data__A6,CD007079,100.0,100.0,30.0,0.2,75.0,61,C,Caution Advised,39.0
CD007079_pub4_data__A17,CD007079,100.0,100.0,30.0,0.2,75.0,61,C,Caution Advised,39.0
CD013421_pub2_data__A7,CD013421,100.0,100.0,30.0,0.1,75.0,61,C,Caution Advised,39.0
CD013421_pub2_data__A6,CD013421,100.0,100.0,30.0,0.1,75.0,61,C,Caution Advised,39.0
CD007130_pub5_data__A8,CD007130,100.0,100.0,30.0,1.7,75.0,61,C,Caution Advised,39.0
CD004736_pub6_data__A67,CD004736,100.0,100.0,30.0,0.3,75.0,61,C,Caution Advised,39.0
CD008165_pub5_data__A3,CD008165,100.0,100.0,30.0,0.3,75.0,61,C,Caution Advised,39.0
CD008165_pub5_data__A2,CD008165,100.0,100.0,30.0,0.3,75.0,61,C,Caution Advised,39.0
CD015584_pub2_data__A3,CD015584,100.0,100.0,30.0,0.1,75.0,61,C,Caution Advised,39.0
CD015584_pub2_data__A10,CD015584,100.0,100.0,30.0,0.1,75.0,61,C,Caution Advised,39.0
CD013408_pub2_data__A5,CD013408,100.0,100.0,30.0,0.3,75.0,61,C,Caution Advised,39.0
CD006404_pub5_data__A12,CD006404,100.0,100.0,30.0,0.8,75.0,61,C,Caution Advised,39.0
CD006404_pub5_data__A11,CD006404,100.0,100.0,30.0,0.8,75.0,61,C,Caution Advised,39.0
CD013745_pub2_data__A7,CD013745,92.0,100.0,30.0,7.0,75.0,61,C,Caution Advised,39.0
CD013745_pub2_data__A6,CD013745,92.0,100.0,30.0,7.0,75.0,61,C,Caution Advised,39.0
CD013757_pub3_data__A2,CD013757,100.0,100.0,30.0,0.2,75.0,61,C,Caution Advised,39.0
CD006475_pub3_data__A7,CD006475,76.0,100.0,30.0,0.2,100.0,61,C,Caution Advised,39.0
CD013445_pub2_data__A11,CD013445,100.0,100.0,30.0,0.3,75.0,61,C,Caution Advised,39.0
CD013408_pub2_data__A1,CD013408,100.0,100.0,30.0,0.3,75.0,61,C,Caution Advised,39.0
CD013414_pub2_data__A5,CD013414,100.0,100.0,30.0,0.2,75.0,61,C,Caution Advised,39.0
CD013414_pub2_data__A3,CD013414,100.0,100.0,30.0,0.2,75.0,61,C,Caution Advised,39.0
CD014574_pub2_data__A4,CD014574,64.0,100.0,40.0,50.0,50.0,61,C,Caution Advised,39.0
CD015122_pub2_data__A9,CD015122,100.0,100.0,30.0,0.2,75.0,61,C,Caution Advised,39.0
CD015122_pub2_data__A3,CD015122,100.0,100.0,30.0,0.2,75.0,61,C,Caution Advised,39.0
CD012718_pub2_data__A3,CD012718,100.0,100.0,30.0,0.2,75.0,61,C,Caution Advised,39.0
CD006942_pub4_data__A1,CD006942,76.0,100.0,30.0,0.5,100.0,61,C,Caution Advised,39.0
CD007079_pub4_data__A11,CD007079,100.0,100.0,30.0,0.2,75.0,61,C,Caution Advised,39.0
CD010856_pub3_data__A1,CD010856,100.0,100.0,30.0,0.1,75.0,61,C,Caution Advised,39.0
CD013456_pub2_data__A3,CD013456,72.0,100.0,0.0,32.6,100.0,61,C,Caution Advised,39.0
CD007079_pub4_data__A10,CD007079,100.0,100.0,30.0,0.2,75.0,61,C,Caution Advised,39.0
CD013474_pub2_data__A4,CD013474,100.0,100.0,30.0,0.2,75.0,61,C,Caution Advised,39.0
CD013474_pub2_data__A3,CD013474,100.0,100.0,30.0,0.2,75.0,61,C,Caution Advised,39.0
CD008564_pub3_data__A11,CD008564,92.0,100.0,30.0,32.0,50.0,61,C,Caution Advised,39.0
CD013197_pub2_data__A8,CD013197,100.0,100.0,30.0,0.3,75.0,61,C,Caution Advised,39.0
CD013111_pub2_data__A4,CD013111,84.0,90.0,30.0,50.0,50.0,61,C,Caution Advised,39.0
CD014585_pub2_data__A5,CD014585,100.0,100.0,30.0,0.9,75.0,61,C,Caution Advised,39.0
CD004736_pub6_data__A68,CD004736,100.0,100.0,30.0,0.3,75.0,61,C,Caution Advised,39.0
CD013781_pub2_data__A11,CD013781,56.0,100.0,50.0,0.6,100.0,61,C,Caution Advised,39.0
CD007572_pub4_data__A9,CD007572,100.0,100.0,30.0,0.1,75.0,61,C,Caution Advised,39.0
CD007572_pub4_data__A2,CD007572,64.0,100.0,40.0,0.1,100.0,61,C,Caution Advised,39.0
CD013773_pub2_data__A3,CD013773,100.0,100.0,30.0,1.7,75.0,61,C,Caution Advised,39.0
CD013773_pub2_data__A1,CD013773,100.0,100.0,30.0,1.7,75.0,61,C,Caution Advised,39.0
CD013781_pub2_data__A27,CD013781,100.0,100.0,30.0,0.6,75.0,61,C,Caution Advised,39.0
CD003129_pub2_data__A3,CD003129,92.0,100.0,60.0,27.5,25.0,61,C,Caution Advised,39.0
CD003129_pub2_data__A2,CD003129,92.0,100.0,60.0,27.5,25.0,61,C,Caution Advised,39.0
CD015584_pub2_data__A9,CD015584,100.0,100.0,30.0,0.1,75.0,61,C,Caution Advised,39.0
CD003129_pub2_data__A4,CD003129,92.0,100.0,60.0,27.5,25.0,61,C,Caution Advised,39.0
CD013408_pub2_data__A11,CD013408,100.0,100.0,30.0,0.3,75.0,61,C,Caution Advised,39.0
CD001552_pub3_data__A11,CD001552,92.0,100.0,60.0,26.7,25.0,61,C,Caution Advised,39.0
CD012850_pub2_data__A15,CD012850,92.0,100.0,60.0,25.7,25.0,61,C,Caution Advised,39.0
CD012850_pub2_data__A12,CD012850,92.0,100.0,60.0,25.7,25.0,61,C,Caution Advised,39.0
CD001703_pub4_data__A4,CD001703,100.0,100.0,30.0,0.5,75.0,61,C,Caution Advised,39.0
CD001703_pub4_data__A25,CD001703,64.0,100.0,40.0,0.5,100.0,61,C,Caution Advised,39.0
CD003216_pub3_data__A4,CD003216,100.0,100.0,40.0,12.5,50.0,61,C,Caution Advised,39.0
CD003357_pub5_data__A4,CD003357,100.0,100.0,30.0,0.2,75.0,61,C,Caution Advised,39.0
CD011671_pub3_data__A1,CD011671,64.0,100.0,40.0,0.4,100.0,61,C,Caution Advised,39.0
CD015875_data__A2,CD015875,64.0,100.0,40.0,50.0,50.0,61,C,Caution Advised,39.0
CD012850_pub2_data__A3,CD012850,100.0,100.0,30.0,25.7,50.0,61,C,Caution Advised,39.0
CD012850_pub2_data__A28,CD012850,92.0,100.0,60.0,25.7,25.0,61,C,Caution Advised,39.0
CD012850_pub2_data__A27,CD012850,92.0,100.0,60.0,25.7,25.0,61,C,Caution Advised,39.0
CD012850_pub2_data__A26,CD012850,92.0,100.0,60.0,25.7,25.0,61,C,Caution Advised,39.0
CD012850_pub2_data__A25,CD012850,92.0,100.0,60.0,25.7,25.0,61,C,Caution Advised,39.0
CD012850_pub2_data__A24,CD012850,92.0,100.0,60.0,25.7,25.0,61,C,Caution Advised,39.0
CD012850_pub2_data__A2,CD012850,100.0,100.0,30.0,25.7,50.0,61,C,Caution Advised,39.0
CD011671_pub3_data__A7,CD011671,100.0,100.0,30.0,0.4,75.0,61,C,Caution Advised,39.0
CD001396_pub4_data__A18,CD001396,100.0,100.0,30.0,0.3,75.0,61,C,Caution Advised,39.0
CD013358_pub2_data__A9,CD013358,100.0,100.0,30.0,0.3,75.0,61,C,Caution Advised,39.0
CD003331_pub6_data__A3,CD003331,64.0,100.0,40.0,1.3,100.0,61,C,Caution Advised,39.0
CD003331_pub6_data__A2,CD003331,100.0,100.0,30.0,1.3,75.0,61,C,Caution Advised,39.0
CD014852_pub2_data__A5,CD014852,92.0,100.0,30.0,6.0,75.0,61,C,Caution Advised,39.0
CD014861_pub2_data__A6,CD014861,100.0,100.0,30.0,1.3,75.0,61,C,Caution Advised,39.0
CD013078_pub2_data__A2,CD013078,100.0,100.0,30.0,50.0,25.0,61,C,Caution Advised,39.0
CD013078_pub2_data__A1,CD013078,100.0,100.0,30.0,50.0,25.0,61,C,Caution Advised,39.0
CD005343_pub7_data__A4,CD005343,100.0,100.0,30.0,0.3,75.0,61,C,Caution Advised,39.0
CD005343_pub7_data__A3,CD005343,100.0,100.0,30.0,0.3,75.0,61,C,Caution Advised,39.0
CD013474_pub2_data__A7,CD013474,100.0,100.0,30.0,0.2,75.0,61,C,Caution Advised,39.0
CD013474_pub2_data__A6,CD013474,100.0,100.0,30.0,0.2,75.0,61,C,Caution Advised,39.0
CD006942_pub4_data__A3,CD006942,100.0,100.0,30.0,0.5,75.0,61,C,Caution Advised,39.0
CD012609_pub2_data__A3,CD012609,60.0,100.0,20.0,50.0,75.0,61,C,Caution Advised,39.0
CD014741_pub2_data__A7,CD014741,100.0,100.0,30.0,0.1,75.0,61,C,Caution Advised,39.0
CD014852_pub2_data__A4,CD014852,92.0,100.0,30.0,6.0,75.0,61,C,Caution Advised,39.0
CD003962_pub3_data__A9,CD003962,64.0,100.0,60.0,6.5,75.0,61,C,Caution Advised,39.0
CD012993_pub2_data__A8,CD012993,100.0,100.0,30.0,0.4,75.0,61,C,Caution Advised,39.0
CD013827_pub2_data__A1,CD013827,92.0,100.0,40.0,0.2,75.0,61,C,Caution Advised,39.0
CD013827_pub2_data__A4,CD013827,92.0,100.0,40.0,0.2,75.0,61,C,Caution Advised,39.0
CD011671_pub3_data__A4,CD011671,64.0,100.0,40.0,0.4,100.0,61,C,Caution Advised,39.0
CD011671_pub3_data__A3,CD011671,64.0,100.0,40.0,0.4,100.0,61,C,Caution Advised,39.0
CD011671_pub3_data__A2,CD011671,64.0,100.0,40.0,0.4,100.0,61,C,Caution Advised,39.0
CD003357_pub5_data__A3,CD003357,100.0,100.0,30.0,0.2,75.0,61,C,Caution Advised,39.0
CD006185_pub6_data__A6,CD006185,92.0,100.0,40.0,0.5,75.0,61,C,Caution Advised,39.0
CD015588_pub2_data__A50,CD015588,100.0,100.0,30.0,0.1,75.0,61,C,Caution Advised,39.0
CD015588_pub2_data__A5,CD015588,100.0,100.0,30.0,0.1,75.0,61,C,Caution Advised,39.0
CD015588_pub2_data__A49,CD015588,100.0,100.0,30.0,0.1,75.0,61,C,Caution Advised,39.0
CD015588_pub2_data__A46,CD015588,100.0,100.0,30.0,0.1,75.0,61,C,Caution Advised,39.0
CD014941_pub2_data__A20,CD014941,92.0,100.0,70.0,16.7,25.0,61,C,Caution Advised,39.0
CD014941_pub2_data__A2,CD014941,92.0,100.0,70.0,16.7,25.0,61,C,Caution Advised,39.0
CD015140_pub2_data__A2,CD015140,100.0,100.0,30.0,0.7,75.0,61,C,Caution Advised,39.0
CD011626_pub3_data__A7,CD011626,92.0,100.0,30.0,8.6,75.0,61,C,Caution Advised,39.0
CD015588_pub2_data__A25,CD015588,100.0,100.0,30.0,0.1,75.0,61,C,Caution Advised,39.0
CD014852_pub2_data__A9,CD014852,92.0,100.0,30.0,6.0,75.0,61,C,Caution Advised,39.0
CD014852_pub2_data__A8,CD014852,92.0,100.0,30.0,6.0,75.0,61,C,Caution Advised,39.0
CD015588_pub2_data__A7,CD015588,100.0,100.0,30.0,0.1,75.0,61,C,Caution Advised,39.0
CD015588_pub2_data__A56,CD015588,100.0,100.0,30.0,0.1,75.0,61,C,Caution Advised,39.0
CD014941_pub2_data__A7,CD014941,92.0,100.0,70.0,16.7,25.0,61,C,Caution Advised,39.0
CD014941_pub2_data__A6,CD014941,92.0,100.0,70.0,16.7,25.0,61,C,Caution Advised,39.0
CD014941_pub2_data__A5,CD014941,92.0,100.0,70.0,16.7,25.0,61,C,Caution Advised,39.0
CD014937_pub2_data__A4,CD014937,100.0,100.0,30.0,0.1,75.0,61,C,Caution Advised,39.0
CD015145_pub2_data__A17,CD015145,72.0,100.0,30.0,53.0,50.0,61,C,Caution Advised,39.0
CD015140_pub2_data__A7,CD015140,64.0,100.0,40.0,0.7,100.0,61,C,Caution Advised,39.0
CD015140_pub2_data__A5,CD015140,100.0,100.0,30.0,0.7,75.0,61,C,Caution Advised,39.0
CD015140_pub2_data__A4,CD015140,100.0,100.0,30.0,0.7,75.0,61,C,Caution Advised,39.0
CD006182_pub3_data__A4,CD006182,92.0,100.0,30.0,5.7,75.0,61,C,Caution Advised,39.0
CD015140_pub2_data__A1,CD015140,100.0,100.0,30.0,0.7,75.0,61,C,Caution Advised,39.0
CD008176_pub3_data__A1,CD008176,76.0,100.0,30.0,0.5,100.0,61,C,Caution Advised,39.0
CD012905_pub2_data__A6,CD012905,100.0,100.0,30.0,0.7,75.0,61,C,Caution Advised,39.0
CD012891_pub2_data__A8,CD012891,100.0,100.0,30.0,0.1,75.0,61,C,Caution Advised,39.0
CD012891_pub2_data__A7,CD012891,100.0,100.0,30.0,0.1,75.0,61,C,Caution Advised,39.0
CD001703_pub4_data__A1,CD001703,100.0,100.0,30.0,0.5,75.0,61,C,Caution Advised,39.0
CD012925_pub2_data__A7,CD012925,100.0,100.0,30.0,0.1,75.0,61,C,Caution Advised,39.0
CD011793_pub3_data__A5,CD011793,100.0,100.0,30.0,1.3,75.0,61,C,Caution Advised,39.0
CD011793_pub3_data__A14,CD011793,100.0,100.0,30.0,1.3,75.0,61,C,Caution Advised,39.0
CD002203_pub5_data__A20,CD002203,100.0,100.0,30.0,0.4,75.0,61,C,Caution Advised,39.0
CD015219_pub2_data__A6,CD015219,100.0,100.0,30.0,0.1,75.0,61,C,Caution Advised,39.0
CD012397_pub2_data__A9,CD012397,92.0,100.0,60.0,30.3,25.0,61,C,Caution Advised,39.0
CD012397_pub2_data__A6,CD012397,92.0,100.0,60.0,30.3,25.0,61,C,Caution Advised,39.0
CD008176_pub3_data__A26,CD008176,100.0,100.0,30.0,0.5,75.0,61,C,Caution Advised,39.0
CD011305_pub3_data__A8,CD011305,76.0,100.0,30.0,47.2,50.0,61,C,Caution Advised,39.0
CD015520_data__A4,CD015520,100.0,100.0,30.0,0.2,75.0,61,C,Caution Advised,39.0
CD015476_pub2_data__A1,CD015476,52.0,100.0,50.0,0.5,100.0,61,C,Caution Advised,39.0
CD010583_pub6_data__A3,CD010583,92.0,100.0,40.0,0.4,75.0,61,C,Caution Advised,39.0
CD013474_pub2_data__A12,CD013474,100.0,100.0,30.0,0.2,75.0,61,C,Caution Advised,39.0
CD013344_pub2_data__A6,CD013344,100.0,100.0,30.0,1.6,75.0,61,C,Caution Advised,39.0
CD013358_pub2_data__A17,CD013358,100.0,100.0,30.0,0.3,75.0,61,C,Caution Advised,39.0
CD013571_pub2_data__A10,CD013571,100.0,100.0,30.0,0.5,75.0,61,C,Caution Advised,39.0
CD012429_pub2_data__A1,CD012429,60.0,100.0,10.0,33.7,100.0,61,C,Caution Advised,39.0
CD014763_pub2_data__A3,CD014763,100.0,100.0,30.0,0.4,75.0,61,C,Caution Advised,39.0
CD004736_pub6_data__A44,CD004736,100.0,100.0,30.0,0.3,75.0,61,C,Caution Advised,39.0
CD004736_pub6_data__A43,CD004736,100.0,100.0,30.0,0.3,75.0,61,C,Caution Advised,39.0
CD008176_pub3_data__A3,CD008176,64.0,100.0,40.0,0.5,100.0,61,C,Caution Advised,39.0
CD013571_pub2_data__A12,CD013571,100.0,100.0,30.0,0.5,75.0,61,C,Caution Advised,39.0
CD013591_pub2_data__A1,CD013591,100.0,100.0,30.0,1.3,75.0,61,C,Caution Advised,39.0
CD003519_pub5_data__A4,CD003519,64.0,100.0,40.0,0.1,100.0,61,C,Caution Advised,39.0
CD004871_pub5_data__A12,CD004871,100.0,100.0,30.0,0.1,75.0,61,C,Caution Advised,39.0
CD004871_pub5_data__A11,CD004871,100.0,100.0,30.0,0.1,75.0,61,C,Caution Advised,39.0
CD013278_pub3_data__A4,CD013278,72.0,100.0,30.0,26.0,75.0,61,C,Caution Advised,39.0
CD002115_pub6_data__A11,CD002115,100.0,100.0,30.0,0.0,75.0,61,C,Caution Advised,39.0
CD014941_pub2_data__A9,CD014941,92.0,100.0,70.0,16.7,25.0,61,C,Caution Advised,39.0
CD013353_pub2_data__A1,CD013353,100.0,100.0,30.0,0.4,75.0,61,C,Caution Advised,39.0
CD002203_pub5_data__A13,CD002203,100.0,100.0,30.0,0.4,75.0,61,C,Caution Advised,39.0
CD006027_pub3_data__A4,CD006027,100.0,100.0,30.0,0.4,75.0,61,C,Caution Advised,39.0
CD015721_pub2_data__A3,CD015721,100.0,100.0,30.0,0.7,75.0,61,C,Caution Advised,39.0
CD011793_pub3_data__A7,CD011793,100.0,100.0,30.0,1.3,75.0,61,C,Caution Advised,39.0
CD011793_pub3_data__A6,CD011793,100.0,100.0,30.0,1.3,75.0,61,C,Caution Advised,39.0
CD015145_pub2_data__A8,CD015145,52.0,100.0,50.0,53.0,50.0,61,C,Caution Advised,39.0
CD013344_pub2_data__A10,CD013344,100.0,100.0,30.0,1.6,75.0,61,C,Caution Advised,39.0
CD014852_pub2_data__A10,CD014852,92.0,100.0,30.0,6.0,75.0,61,C,Caution Advised,39.0
CD012079_pub2_data__A9,CD012079,100.0,100.0,30.0,0.1,75.0,61,C,Caution Advised,39.0
CD014541_pub2_data__A27,CD014541,100.0,100.0,30.0,1.3,75.0,61,C,Caution Advised,39.0
CD014541_pub2_data__A26,CD014541,100.0,100.0,30.0,1.3,75.0,61,C,Caution Advised,39.0
CD014541_pub2_data__A19,CD014541,100.0,100.0,30.0,1.3,75.0,61,C,Caution Advised,39.0
CD014541_pub2_data__A15,CD014541,100.0,100.0,30.0,1.3,75.0,61,C,Caution Advised,39.0
CD013474_pub2_data__A1,CD013474,100.0,100.0,30.0,0.2,75.0,61,C,Caution Advised,39.0
CD009244_pub3_data__A1,CD009244,60.0,100.0,20.0,50.0,75.0,61,C,Caution Advised,39.0
CD011305_pub3_data__A12,CD011305,76.0,100.0,30.0,47.2,50.0,61,C,Caution Advised,39.0
CD013571_pub2_data__A11,CD013571,100.0,100.0,30.0,0.5,75.0,61,C,Caution Advised,39.0
CD015038_pub2_data__A14,CD015038,100.0,100.0,30.0,0.1,75.0,61,C,Caution Advised,39.0
CD015476_pub2_data__A2,CD015476,64.0,100.0,40.0,0.5,100.0,61,C,Caution Advised,39.0
CD006689_pub3_data__A4,CD006689,64.0,100.0,40.0,1.8,100.0,61,C,Caution Advised,39.0
CD015476_pub2_data__A14,CD015476,100.0,100.0,30.0,0.5,75.0,61,C,Caution Advised,39.0
CD011204_pub3_data__A9,CD011204,100.0,100.0,30.0,0.2,75.0,61,C,Caution Advised,39.0
CD011204_pub3_data__A4,CD011204,64.0,100.0,40.0,0.2,100.0,61,C,Caution Advised,39.0
CD010189_pub3_data__A1,CD010189,100.0,100.0,30.0,0.5,75.0,61,C,Caution Advised,39.0
CD010189_pub3_data__A9,CD010189,100.0,100.0,30.0,0.5,75.0,61,C,Caution Advised,39.0
CD009531_pub3_data__A14,CD009531,100.0,100.0,30.0,2.0,75.0,61,C,Caution Advised,39.0
CD009531_pub3_data__A11,CD009531,100.0,100.0,30.0,2.0,75.0,61,C,Caution Advised,39.0
CD004406_pub6_data__A7,CD004406,72.0,100.0,30.0,3.4,100.0,61,C,Caution Advised,39.0
CD015038_pub2_data__A7,CD015038,100.0,100.0,30.0,0.1,75.0,61,C,Caution Advised,39.0
CD015476_pub2_data__A8,CD015476,100.0,100.0,30.0,0.5,75.0,61,C,Caution Advised,39.0
CD015145_pub2_data__A18,CD015145,72.0,100.0,30.0,53.0,50.0,61,C,Caution Advised,39.0
CD011793_pub3_data__A10,CD011793,100.0,100.0,30.0,1.3,75.0,61,C,Caution Advised,39.0
CD011778_pub2_data__A7,CD011778,100.0,100.0,30.0,0.2,75.0,61,C,Caution Advised,39.0
CD002971_pub6_data__A5,CD002971,100.0,100.0,30.0,0.3,75.0,61,C,Caution Advised,39.0
CD002971_pub6_data__A4,CD002971,100.0,100.0,30.0,0.3,75.0,61,C,Caution Advised,39.0
CD002971_pub6_data__A3,CD002971,100.0,100.0,30.0,0.3,75.0,61,C,Caution Advised,39.0
CD002971_pub6_data__A14,CD002971,100.0,100.0,30.0,0.3,75.0,61,C,Caution Advised,39.0
CD013571_pub2_data__A8,CD013571,100.0,100.0,30.0,0.5,75.0,61,C,Caution Advised,39.0
CD013571_pub2_data__A3,CD013571,100.0,100.0,30.0,0.5,75.0,61,C,Caution Advised,39.0
CD013059_pub2_data__A2,CD013059,72.0,100.0,0.0,33.3,100.0,61,C,Caution Advised,39.0
CD013059_pub2_data__A1,CD013059,72.0,100.0,0.0,33.3,100.0,61,C,Caution Advised,39.0
CD000219_pub5_data__A4,CD000219,100.0,100.0,30.0,0.2,75.0,61,C,Caution Advised,39.0
CD013591_pub2_data__A9,CD013591,100.0,100.0,30.0,1.3,75.0,61,C,Caution Advised,39.0
CD010189_pub3_data__A2,CD010189,100.0,100.0,30.0,0.5,75.0,61,C,Caution Advised,39.0
CD010189_pub3_data__A10,CD010189,100.0,100.0,30.0,0.5,75.0,61,C,Caution Advised,39.0
CD015849_pub2_data__A12,CD015849,52.0,100.0,50.0,0.8,100.0,61,C,Caution Advised,39.0
CD015849_pub2_data__A11,CD015849,100.0,100.0,30.0,0.8,75.0,61,C,Caution Advised,39.0
CD008493_pub5_data__A8,CD008493,100.0,100.0,30.0,0.4,75.0,61,C,Caution Advised,39.0
CD015476_pub2_data__A9,CD015476,100.0,100.0,30.0,0.5,75.0,61,C,Caution Advised,39.0
CD011204_pub3_data__A1,CD011204,52.0,100.0,50.0,0.2,100.0,60,C,Caution Advised,36.0
CD006712_pub3_data__A3,CD006712,92.0,100.0,70.0,13.5,25.0,60,C,Caution Advised,36.0
CD013595_pub2_data__A7,CD013595,92.0,100.0,30.0,27.0,50.0,60,C,Caution Advised,36.0
CD002122_pub3_data__A3,CD002122,68.0,100.0,30.0,0.2,100.0,60,C,Caution Advised,36.0
CD015721_pub2_data__A7,CD015721,92.0,100.0,30.0,0.7,75.0,60,C,Caution Advised,36.0
CD008688_pub3_data__A5,CD008688,92.0,100.0,80.0,5.4,25.0,60,C,Caution Advised,36.0
CD008628_pub3_data__A4,CD008628,60.0,100.0,30.0,60.9,50.0,60,C,Caution Advised,36.0
CD001431_pub6_data__A1,CD001431,0.0,60.0,40.0,99.8,100.0,60,C,Caution Advised,36.0
CD014541_pub2_data__A14,CD014541,92.0,100.0,30.0,1.3,75.0,60,C,Caution Advised,36.0
CD014544_pub2_data__A6,CD014544,44.0,100.0,40.0,14.5,100.0,60,C,Caution Advised,36.0
CD013801_pub2_data__A2,CD013801,80.0,100.0,20.0,50.0,50.0,60,C,Caution Advised,36.0
CD006027_pub3_data__A3,CD006027,68.0,100.0,30.0,0.4,100.0,60,C,Caution Advised,36.0
CD015721_pub2_data__A4,CD015721,92.0,100.0,30.0,0.7,75.0,60,C,Caution Advised,36.0
CD015721_pub2_data__A2,CD015721,92.0,100.0,30.0,0.7,75.0,60,C,Caution Advised,36.0
CD015721_pub2_data__A1,CD015721,92.0,100.0,30.0,0.7,75.0,60,C,Caution Advised,36.0
CD014941_pub2_data__A18,CD014941,92.0,100.0,40.0,16.7,50.0,60,C,Caution Advised,36.0
CD014941_pub2_data__A16,CD014941,92.0,100.0,40.0,16.7,50.0,60,C,Caution Advised,36.0
CD012079_pub2_data__A4,CD012079,52.0,100.0,50.0,0.1,100.0,60,C,Caution Advised,36.0
CD007872_pub4_data__A7,CD007872,76.0,100.0,50.0,25.2,50.0,60,C,Caution Advised,36.0
CD016002_data__A7,CD016002,80.0,100.0,20.0,50.0,50.0,60,C,Caution Advised,36.0
CD012942_pub2_data__A10,CD012942,92.0,100.0,30.0,0.8,75.0,60,C,Caution Advised,36.0
CD001552_pub3_data__A9,CD001552,92.0,100.0,30.0,26.7,50.0,60,C,Caution Advised,36.0
CD014844_pub2_data__A1,CD014844,92.0,100.0,30.0,3.6,75.0,60,C,Caution Advised,36.0
CD014932_pub2_data__A7,CD014932,92.0,100.0,70.0,10.8,25.0,60,C,Caution Advised,36.0
CD014932_pub2_data__A6,CD014932,92.0,100.0,70.0,10.8,25.0,60,C,Caution Advised,36.0
CD014844_pub2_data__A11,CD014844,92.0,100.0,30.0,3.6,75.0,60,C,Caution Advised,36.0
CD014844_pub2_data__A10,CD014844,92.0,100.0,30.0,3.6,75.0,60,C,Caution Advised,36.0
CD013801_pub2_data__A1,CD013801,80.0,100.0,20.0,50.0,50.0,60,C,Caution Advised,36.0
CD006182_pub3_data__A1,CD006182,52.0,100.0,40.0,5.7,100.0,60,C,Caution Advised,36.0
CD003477_pub5_data__A3,CD003477,92.0,100.0,30.0,0.5,75.0,60,C,Caution Advised,36.0
CD015875_data__A16,CD015875,80.0,100.0,20.0,50.0,50.0,60,C,Caution Advised,36.0
CD014844_pub2_data__A12,CD014844,92.0,100.0,30.0,3.6,75.0,60,C,Caution Advised,36.0
CD003331_pub6_data__A6,CD003331,92.0,100.0,30.0,1.3,75.0,60,C,Caution Advised,36.0
CD006185_pub6_data__A4,CD006185,84.0,100.0,40.0,0.5,75.0,60,C,Caution Advised,36.0
CD013232_pub2_data__A4,CD013232,84.0,80.0,30.0,8.2,100.0,60,C,Caution Advised,36.0
CD013827_pub2_data__A3,CD013827,84.0,100.0,40.0,0.2,75.0,60,C,Caution Advised,36.0
CD003216_pub3_data__A5,CD003216,92.0,100.0,70.0,12.5,25.0,60,C,Caution Advised,36.0
CD012850_pub2_data__A17,CD012850,92.0,100.0,30.0,25.7,50.0,60,C,Caution Advised,36.0
CD015875_data__A17,CD015875,80.0,100.0,20.0,50.0,50.0,60,C,Caution Advised,36.0
CD001396_pub4_data__A2,CD001396,52.0,100.0,50.0,0.3,100.0,60,C,Caution Advised,36.0
CD001396_pub4_data__A19,CD001396,52.0,100.0,50.0,0.3,100.0,60,C,Caution Advised,36.0
CD003216_pub3_data__A8,CD003216,92.0,100.0,70.0,12.5,25.0,60,C,Caution Advised,36.0
CD003216_pub3_data__A7,CD003216,92.0,100.0,70.0,12.5,25.0,60,C,Caution Advised,36.0
CD013781_pub2_data__A13,CD013781,92.0,100.0,30.0,0.6,75.0,60,C,Caution Advised,36.0
CD012850_pub2_data__A1,CD012850,92.0,100.0,30.0,25.7,50.0,60,C,Caution Advised,36.0
CD004667_pub6_data__A20,CD004667,92.0,100.0,30.0,1.4,75.0,60,C,Caution Advised,36.0
CD015875_data__A23,CD015875,80.0,100.0,20.0,50.0,50.0,60,C,Caution Advised,36.0
CD007130_pub5_data__A11,CD007130,92.0,100.0,30.0,1.7,75.0,60,C,Caution Advised,36.0
CD014089_data__A11,CD014089,92.0,100.0,30.0,27.9,50.0,60,C,Caution Advised,36.0
CD015331_pub2_data__A34,CD015331,84.0,100.0,40.0,0.7,75.0,60,C,Caution Advised,36.0
CD008564_pub3_data__A7,CD008564,72.0,100.0,20.0,32.0,75.0,60,C,Caution Advised,36.0
CD006475_pub3_data__A4,CD006475,68.0,100.0,30.0,0.2,100.0,60,C,Caution Advised,36.0
CD009022_pub4_data__A8,CD009022,92.0,100.0,30.0,1.1,75.0,60,C,Caution Advised,36.0
CD014965_pub2_data__A5,CD014965,64.0,0.0,60.0,99.7,75.0,60,C,Caution Advised,36.0
CD016002_data__A14,CD016002,80.0,100.0,20.0,50.0,50.0,60,C,Caution Advised,36.0
CD001552_pub3_data__A10,CD001552,80.0,100.0,20.0,26.7,75.0,60,C,Caution Advised,36.0
CD015101_data__A1,CD015101,52.0,100.0,0.0,50.0,100.0,60,C,Caution Advised,36.0
CD004736_pub6_data__A3,CD004736,52.0,100.0,50.0,0.3,100.0,60,C,Caution Advised,36.0
CD012693_pub3_data__A14,CD012693,68.0,100.0,30.0,0.1,100.0,60,C,Caution Advised,36.0
CD015003_pub2_data__A1,CD015003,84.0,100.0,30.0,12.7,75.0,60,C,Caution Advised,36.0
CD008309_pub3_data__A1,CD008309,92.0,100.0,30.0,1.3,75.0,60,C,Caution Advised,36.0
CD008688_pub3_data__A6,CD008688,92.0,100.0,80.0,5.4,25.0,60,C,Caution Advised,36.0
CD013232_pub2_data__A10,CD013232,84.0,80.0,30.0,8.2,100.0,60,C,Caution Advised,36.0
CD013051_pub3_data__A1,CD013051,76.0,45.0,80.0,0.1,100.0,60,C,Caution Advised,36.0
CD008349_pub5_data__A14,CD008349,92.0,100.0,30.0,0.5,75.0,60,C,Caution Advised,36.0
CD008309_pub3_data__A5,CD008309,92.0,100.0,30.0,1.3,75.0,60,C,Caution Advised,36.0
CD004736_pub6_data__A39,CD004736,52.0,100.0,50.0,0.3,100.0,60,C,Caution Advised,36.0
CD004736_pub6_data__A38,CD004736,52.0,100.0,50.0,0.3,100.0,60,C,Caution Advised,36.0
CD012397_pub2_data__A5,CD012397,84.0,100.0,60.0,30.3,25.0,60,C,Caution Advised,36.0
CD012397_pub2_data__A4,CD012397,84.0,100.0,60.0,30.3,25.0,60,C,Caution Advised,36.0
CD012397_pub2_data__A3,CD012397,84.0,100.0,60.0,30.3,25.0,60,C,Caution Advised,36.0
CD012586_pub2_data__A2,CD012586,52.0,65.0,40.0,41.5,100.0,60,C,Caution Advised,36.0
CD015033_pub2_data__A14,CD015033,92.0,100.0,30.0,0.9,75.0,60,C,Caution Advised,36.0
CD014769_pub2_data__A3,CD014769,92.0,100.0,30.0,3.7,75.0,60,C,Caution Advised,36.0
CD014769_pub2_data__A9,CD014769,56.0,100.0,40.0,3.7,100.0,60,C,Caution Advised,36.0
CD014769_pub2_data__A6,CD014769,56.0,100.0,40.0,3.7,100.0,60,C,Caution Advised,36.0
CD014769_pub2_data__A1,CD014769,56.0,100.0,40.0,3.7,100.0,60,C,Caution Advised,36.0
CD014769_pub2_data__A2,CD014769,56.0,100.0,40.0,3.7,100.0,60,C,Caution Advised,36.0
CD014769_pub2_data__A11,CD014769,80.0,100.0,40.0,3.7,75.0,60,C,Caution Advised,36.0
CD016001_data__A15,CD016001,80.0,100.0,20.0,50.0,50.0,60,C,Caution Advised,36.0
CD016001_data__A14,CD016001,80.0,100.0,20.0,50.0,50.0,60,C,Caution Advised,36.0
CD015033_pub2_data__A5,CD015033,92.0,100.0,30.0,0.9,75.0,60,C,Caution Advised,36.0
CD015033_pub2_data__A4,CD015033,92.0,100.0,30.0,0.9,75.0,60,C,Caution Advised,36.0
CD013844_pub2_data__A1,CD013844,64.0,100.0,30.0,3.8,100.0,60,C,Caution Advised,36.0
CD003477_pub5_data__A7,CD003477,92.0,100.0,30.0,0.5,75.0,60,C,Caution Advised,36.0
CD014769_pub2_data__A5,CD014769,56.0,100.0,40.0,3.7,100.0,60,C,Caution Advised,36.0
CD016168_data__A9,CD016168,72.0,100.0,50.0,50.0,25.0,59,D,Significant Concerns,33.9
CD015038_pub2_data__A10,CD015038,92.0,100.0,30.0,0.1,75.0,59,D,Significant Concerns,33.9
CD015064_pub2_data__A1,CD015064,52.0,100.0,40.0,0.7,100.0,59,D,Significant Concerns,33.9
CD006689_pub3_data__A7,CD006689,72.0,100.0,20.0,1.8,100.0,59,D,Significant Concerns,33.9
CD006689_pub3_data__A20,CD006689,72.0,100.0,20.0,1.8,100.0,59,D,Significant Concerns,33.9
CD006689_pub3_data__A18,CD006689,52.0,100.0,40.0,1.8,100.0,59,D,Significant Concerns,33.9
CD006689_pub3_data__A16,CD006689,72.0,100.0,20.0,1.8,100.0,59,D,Significant Concerns,33.9
CD013844_pub2_data__A3,CD013844,80.0,100.0,10.0,3.8,100.0,59,D,Significant Concerns,33.9
CD013835_pub2_data__A2,CD013835,72.0,100.0,50.0,50.0,25.0,59,D,Significant Concerns,33.9
CD013853_pub2_data__A6,CD013853,92.0,100.0,30.0,50.0,25.0,59,D,Significant Concerns,33.9
CD013853_pub2_data__A5,CD013853,92.0,100.0,30.0,50.0,25.0,59,D,Significant Concerns,33.9
CD014872_pub2_data__A13,CD014872,52.0,100.0,40.0,1.3,100.0,59,D,Significant Concerns,33.9
CD008688_pub3_data__A4,CD008688,84.0,100.0,80.0,5.4,25.0,59,D,Significant Concerns,33.9
CD013078_pub2_data__A4,CD013078,92.0,100.0,30.0,50.0,25.0,59,D,Significant Concerns,33.9
CD013078_pub2_data__A3,CD013078,92.0,100.0,30.0,50.0,25.0,59,D,Significant Concerns,33.9
CD015520_data__A3,CD015520,92.0,100.0,30.0,0.2,75.0,59,D,Significant Concerns,33.9
CD002303_pub4_data__A2,CD002303,92.0,100.0,30.0,0.3,75.0,59,D,Significant Concerns,33.9
CD015462_pub2_data__A8,CD015462,92.0,100.0,30.0,50.0,25.0,59,D,Significant Concerns,33.9
CD006515_pub2_data__A8,CD006515,92.0,100.0,70.0,5.9,25.0,59,D,Significant Concerns,33.9
CD006515_pub2_data__A7,CD006515,92.0,100.0,70.0,5.9,25.0,59,D,Significant Concerns,33.9
CD006515_pub2_data__A6,CD006515,92.0,100.0,70.0,5.9,25.0,59,D,Significant Concerns,33.9
CD006515_pub2_data__A5,CD006515,92.0,100.0,70.0,5.9,25.0,59,D,Significant Concerns,33.9
CD012609_pub2_data__A5,CD012609,72.0,100.0,50.0,50.0,25.0,59,D,Significant Concerns,33.9
CD015158_pub2_data__A28,CD015158,72.0,100.0,50.0,50.0,25.0,59,D,Significant Concerns,33.9
CD015158_pub2_data__A24,CD015158,72.0,100.0,50.0,50.0,25.0,59,D,Significant Concerns,33.9
CD015158_pub2_data__A23,CD015158,72.0,100.0,50.0,50.0,25.0,59,D,Significant Concerns,33.9
CD015158_pub2_data__A17,CD015158,72.0,100.0,50.0,50.0,25.0,59,D,Significant Concerns,33.9
CD007837_pub3_data__A8,CD007837,92.0,100.0,30.0,50.0,25.0,59,D,Significant Concerns,33.9
CD013835_pub2_data__A1,CD013835,72.0,100.0,50.0,50.0,25.0,59,D,Significant Concerns,33.9
CD014920_pub2_data__A1,CD014920,72.0,100.0,50.0,50.0,25.0,59,D,Significant Concerns,33.9
CD013844_pub2_data__A9,CD013844,100.0,100.0,40.0,3.8,50.0,59,D,Significant Concerns,33.9
CD013672_pub2_data__A1,CD013672,52.0,100.0,40.0,0.5,100.0,59,D,Significant Concerns,33.9
CD006515_pub2_data__A11,CD006515,92.0,100.0,70.0,5.9,25.0,59,D,Significant Concerns,33.9
CD006515_pub2_data__A10,CD006515,100.0,100.0,40.0,5.9,50.0,59,D,Significant Concerns,33.9
CD006515_pub2_data__A1,CD006515,92.0,100.0,70.0,5.9,25.0,59,D,Significant Concerns,33.9
CD013456_pub2_data__A4,CD013456,60.0,100.0,0.0,32.6,100.0,59,D,Significant Concerns,33.9
CD011381_pub3_data__A11,CD011381,76.0,90.0,30.0,0.3,100.0,59,D,Significant Concerns,33.9
CD004184_pub3_data__A6,CD004184,80.0,100.0,10.0,6.1,100.0,59,D,Significant Concerns,33.9
CD004184_pub3_data__A5,CD004184,80.0,100.0,10.0,6.1,100.0,59,D,Significant Concerns,33.9
CD012067_pub3_data__A15,CD012067,92.0,100.0,30.0,0.3,75.0,59,D,Significant Concerns,33.9
CD012067_pub3_data__A14,CD012067,100.0,90.0,30.0,0.3,75.0,59,D,Significant Concerns,33.9
CD012067_pub3_data__A12,CD012067,100.0,90.0,30.0,0.3,75.0,59,D,Significant Concerns,33.9
CD014040_pub2_data__A3,CD014040,92.0,100.0,30.0,0.1,75.0,59,D,Significant Concerns,33.9
CD008564_pub3_data__A2,CD008564,64.0,100.0,0.0,32.0,100.0,59,D,Significant Concerns,33.9
CD008688_pub3_data__A8,CD008688,92.0,100.0,50.0,5.4,50.0,59,D,Significant Concerns,33.9
CD013111_pub2_data__A3,CD013111,76.0,90.0,30.0,50.0,50.0,59,D,Significant Concerns,33.9
CD013111_pub2_data__A2,CD013111,76.0,90.0,30.0,50.0,50.0,59,D,Significant Concerns,33.9
CD013042_pub2_data__A6,CD013042,72.0,100.0,20.0,1.4,100.0,59,D,Significant Concerns,33.9
CD015526_pub2_data__A4,CD015526,72.0,100.0,50.0,50.0,25.0,59,D,Significant Concerns,33.9
CD014802_pub2_data__A4,CD014802,72.0,100.0,50.0,50.0,25.0,59,D,Significant Concerns,33.9
CD013707_pub2_data__A8,CD013707,92.0,100.0,30.0,50.0,25.0,59,D,Significant Concerns,33.9
CD013707_pub2_data__A7,CD013707,92.0,100.0,30.0,50.0,25.0,59,D,Significant Concerns,33.9
CD013707_pub2_data__A6,CD013707,92.0,100.0,30.0,50.0,25.0,59,D,Significant Concerns,33.9
CD013707_pub2_data__A5,CD013707,92.0,100.0,30.0,50.0,25.0,59,D,Significant Concerns,33.9
CD004736_pub6_data__A55,CD004736,80.0,100.0,40.0,0.3,75.0,59,D,Significant Concerns,33.9
CD015252_pub2_data__A4,CD015252,36.0,75.0,40.0,44.0,100.0,59,D,Significant Concerns,33.9
CD013042_pub2_data__A4,CD013042,56.0,100.0,40.0,1.4,100.0,59,D,Significant Concerns,33.9
CD004871_pub5_data__A9,CD004871,92.0,100.0,30.0,0.1,75.0,59,D,Significant Concerns,33.9
CD003962_pub3_data__A22,CD003962,92.0,100.0,70.0,6.5,25.0,59,D,Significant Concerns,33.9
CD003962_pub3_data__A20,CD003962,92.0,100.0,70.0,6.5,25.0,59,D,Significant Concerns,33.9
CD015252_pub2_data__A3,CD015252,56.0,45.0,50.0,44.0,100.0,59,D,Significant Concerns,33.9
CD012693_pub3_data__A19,CD012693,92.0,100.0,30.0,0.1,75.0,59,D,Significant Concerns,33.9
CD012693_pub3_data__A18,CD012693,92.0,100.0,30.0,0.1,75.0,59,D,Significant Concerns,33.9
CD015112_pub3_data__A2,CD015112,72.0,100.0,50.0,50.0,25.0,59,D,Significant Concerns,33.9
CD015112_pub3_data__A1,CD015112,72.0,100.0,50.0,50.0,25.0,59,D,Significant Concerns,33.9
CD002203_pub5_data__A7,CD002203,92.0,100.0,30.0,0.4,75.0,59,D,Significant Concerns,33.9
CD015432_pub2_data__A3,CD015432,92.0,100.0,30.0,0.3,75.0,59,D,Significant Concerns,33.9
CD015432_pub2_data__A13,CD015432,92.0,100.0,30.0,0.3,75.0,59,D,Significant Concerns,33.9
CD013294_pub2_data__A8,CD013294,92.0,100.0,30.0,50.0,25.0,59,D,Significant Concerns,33.9
CD004184_pub3_data__A1,CD004184,92.0,100.0,70.0,6.1,25.0,59,D,Significant Concerns,33.9
CD003962_pub3_data__A7,CD003962,100.0,100.0,40.0,6.5,50.0,59,D,Significant Concerns,33.9
CD003962_pub3_data__A23,CD003962,92.0,100.0,70.0,6.5,25.0,59,D,Significant Concerns,33.9
CD010136_pub4_data__A1,CD010136,92.0,100.0,30.0,50.0,25.0,59,D,Significant Concerns,33.9
CD015112_pub3_data__A3,CD015112,72.0,100.0,50.0,50.0,25.0,59,D,Significant Concerns,33.9
CD014678_pub2_data__A7,CD014678,52.0,100.0,40.0,2.4,100.0,59,D,Significant Concerns,33.9
CD015284_pub2_data__A2,CD015284,56.0,100.0,40.0,0.3,100.0,59,D,Significant Concerns,33.9
CD012335_pub2_data__A4,CD012335,72.0,100.0,50.0,50.0,25.0,59,D,Significant Concerns,33.9
CD013445_pub2_data__A28,CD013445,56.0,100.0,40.0,0.3,100.0,59,D,Significant Concerns,33.9
CD011468_pub2_data__A2,CD011468,72.0,100.0,50.0,50.0,25.0,59,D,Significant Concerns,33.9
CD012268_pub2_data__A4,CD012268,84.0,100.0,30.0,6.5,75.0,59,D,Significant Concerns,33.9
CD003962_pub3_data__A11,CD003962,100.0,100.0,40.0,6.5,50.0,59,D,Significant Concerns,33.9
CD015894_pub2_data__A1,CD015894,92.0,100.0,30.0,0.1,75.0,59,D,Significant Concerns,33.9
CD013445_pub2_data__A1,CD013445,56.0,100.0,40.0,0.3,100.0,59,D,Significant Concerns,33.9
CD007079_pub4_data__A15,CD007079,92.0,100.0,30.0,0.2,75.0,59,D,Significant Concerns,33.9
CD002243_pub5_data__A12,CD002243,56.0,100.0,40.0,0.1,100.0,59,D,Significant Concerns,33.9
CD013414_pub2_data__A8,CD013414,100.0,90.0,30.0,0.2,75.0,59,D,Significant Concerns,33.9
CD013414_pub2_data__A2,CD013414,100.0,90.0,30.0,0.2,75.0,59,D,Significant Concerns,33.9
CD008688_pub3_data__A3,CD008688,92.0,100.0,50.0,5.4,50.0,59,D,Significant Concerns,33.9
CD008688_pub3_data__A2,CD008688,84.0,100.0,80.0,5.4,25.0,59,D,Significant Concerns,33.9
CD011806_pub2_data__A9,CD011806,92.0,100.0,30.0,50.0,25.0,59,D,Significant Concerns,33.9
CD011800_pub2_data__A2,CD011800,92.0,100.0,30.0,50.0,25.0,59,D,Significant Concerns,33.9
CD014089_data__A9,CD014089,84.0,100.0,60.0,27.9,25.0,59,D,Significant Concerns,33.9
CD002112_pub2_data__A5,CD002112,92.0,100.0,30.0,0.1,75.0,59,D,Significant Concerns,33.9
CD010533_pub3_data__A4,CD010533,64.0,100.0,20.0,10.6,100.0,59,D,Significant Concerns,33.9
CD015877_data__A3,CD015877,72.0,100.0,50.0,50.0,25.0,59,D,Significant Concerns,33.9
CD015877_data__A2,CD015877,72.0,100.0,50.0,50.0,25.0,59,D,Significant Concerns,33.9
CD014585_pub2_data__A1,CD014585,52.0,100.0,40.0,0.9,100.0,59,D,Significant Concerns,33.9
CD004736_pub6_data__A69,CD004736,92.0,100.0,30.0,0.3,75.0,59,D,Significant Concerns,33.9
CD012693_pub3_data__A31,CD012693,92.0,100.0,30.0,0.1,75.0,59,D,Significant Concerns,33.9
CD012693_pub3_data__A27,CD012693,92.0,100.0,30.0,0.1,75.0,59,D,Significant Concerns,33.9
CD012152_pub4_data__A30,CD012152,72.0,100.0,50.0,50.0,25.0,59,D,Significant Concerns,33.9
CD013408_pub2_data__A7,CD013408,92.0,100.0,30.0,0.3,75.0,59,D,Significant Concerns,33.9
CD013763_pub3_data__A13,CD013763,44.0,100.0,50.0,0.4,100.0,59,D,Significant Concerns,33.9
CD009752_pub3_data__A19,CD009752,92.0,100.0,30.0,50.0,25.0,59,D,Significant Concerns,33.9
CD009752_pub3_data__A16,CD009752,92.0,100.0,30.0,50.0,25.0,59,D,Significant Concerns,33.9
CD003129_pub2_data__A5,CD003129,84.0,100.0,60.0,27.5,25.0,59,D,Significant Concerns,33.9
CD013408_pub2_data__A17,CD013408,92.0,100.0,30.0,0.3,75.0,59,D,Significant Concerns,33.9
CD012152_pub4_data__A2,CD012152,72.0,100.0,50.0,50.0,25.0,59,D,Significant Concerns,33.9
CD013342_pub2_data__A4,CD013342,92.0,100.0,30.0,0.4,75.0,59,D,Significant Concerns,33.9
CD015711_pub2_data__A4,CD015711,72.0,100.0,50.0,50.0,25.0,59,D,Significant Concerns,33.9
CD011806_pub2_data__A10,CD011806,92.0,100.0,30.0,50.0,25.0,59,D,Significant Concerns,33.9
CD011800_pub2_data__A1,CD011800,92.0,100.0,30.0,50.0,25.0,59,D,Significant Concerns,33.9
CD008771_pub3_data__A11,CD008771,92.0,100.0,30.0,50.0,25.0,59,D,Significant Concerns,33.9
CD015711_pub2_data__A3,CD015711,72.0,100.0,50.0,50.0,25.0,59,D,Significant Concerns,33.9
CD013294_pub2_data__A13,CD013294,92.0,100.0,30.0,50.0,25.0,59,D,Significant Concerns,33.9
CD013294_pub2_data__A7,CD013294,92.0,100.0,30.0,50.0,25.0,59,D,Significant Concerns,33.9
CD013294_pub2_data__A3,CD013294,92.0,100.0,30.0,50.0,25.0,59,D,Significant Concerns,33.9
CD013294_pub2_data__A2,CD013294,92.0,100.0,30.0,50.0,25.0,59,D,Significant Concerns,33.9
CD016002_data__A6,CD016002,92.0,100.0,30.0,50.0,25.0,59,D,Significant Concerns,33.9
CD012942_pub2_data__A6,CD012942,52.0,100.0,40.0,0.8,100.0,59,D,Significant Concerns,33.9
CD012925_pub2_data__A6,CD012925,92.0,100.0,30.0,0.1,75.0,59,D,Significant Concerns,33.9
CD015849_pub2_data__A4,CD015849,72.0,100.0,20.0,0.8,100.0,59,D,Significant Concerns,33.9
CD012152_pub4_data__A28,CD012152,72.0,100.0,50.0,50.0,25.0,59,D,Significant Concerns,33.9
CD012152_pub4_data__A26,CD012152,72.0,100.0,50.0,50.0,25.0,59,D,Significant Concerns,33.9
CD012152_pub4_data__A23,CD012152,72.0,100.0,50.0,50.0,25.0,59,D,Significant Concerns,33.9
CD014920_pub2_data__A4,CD014920,72.0,100.0,50.0,50.0,25.0,59,D,Significant Concerns,33.9
CD013344_pub2_data__A2,CD013344,72.0,100.0,20.0,1.6,100.0,59,D,Significant Concerns,33.9
CD012152_pub4_data__A9,CD012152,72.0,100.0,50.0,50.0,25.0,59,D,Significant Concerns,33.9
CD012152_pub4_data__A6,CD012152,72.0,100.0,50.0,50.0,25.0,59,D,Significant Concerns,33.9
CD012850_pub2_data__A14,CD012850,84.0,100.0,60.0,25.7,25.0,59,D,Significant Concerns,33.9
CD015875_data__A27,CD015875,92.0,100.0,30.0,50.0,25.0,59,D,Significant Concerns,33.9
CD010145_pub2_data__A14,CD010145,92.0,100.0,40.0,39.5,25.0,59,D,Significant Concerns,33.9
CD003216_pub3_data__A6,CD003216,92.0,100.0,40.0,12.5,50.0,59,D,Significant Concerns,33.9
CD008973_pub3_data__A4,CD008973,72.0,100.0,50.0,50.0,25.0,59,D,Significant Concerns,33.9
CD015875_data__A25,CD015875,92.0,100.0,30.0,50.0,25.0,59,D,Significant Concerns,33.9
CD012152_pub4_data__A4,CD012152,72.0,100.0,50.0,50.0,25.0,59,D,Significant Concerns,33.9
CD003451_pub3_data__A4,CD003451,92.0,100.0,30.0,50.0,25.0,59,D,Significant Concerns,33.9
CD003451_pub3_data__A3,CD003451,72.0,100.0,0.0,50.0,75.0,59,D,Significant Concerns,33.9
CD003451_pub3_data__A1,CD003451,72.0,100.0,0.0,50.0,75.0,59,D,Significant Concerns,33.9
CD014941_pub2_data__A4,CD014941,84.0,100.0,70.0,16.7,25.0,59,D,Significant Concerns,33.9
CD014941_pub2_data__A1,CD014941,84.0,100.0,70.0,16.7,25.0,59,D,Significant Concerns,33.9
CD008771_pub3_data__A4,CD008771,92.0,100.0,30.0,50.0,25.0,59,D,Significant Concerns,33.9
CD015140_pub2_data__A3,CD015140,72.0,100.0,20.0,0.7,100.0,59,D,Significant Concerns,33.9
CD015855_data__A8,CD015855,92.0,100.0,30.0,50.0,25.0,59,D,Significant Concerns,33.9
CD015875_data__A20,CD015875,92.0,100.0,30.0,50.0,25.0,59,D,Significant Concerns,33.9
CD015875_data__A19,CD015875,92.0,100.0,30.0,50.0,25.0,59,D,Significant Concerns,33.9
CD015124_pub2_data__A1,CD015124,52.0,100.0,20.0,99.6,25.0,59,D,Significant Concerns,33.9
CD011671_pub3_data__A10,CD011671,92.0,100.0,30.0,0.4,75.0,59,D,Significant Concerns,33.9
CD014941_pub2_data__A3,CD014941,84.0,100.0,70.0,16.7,25.0,59,D,Significant Concerns,33.9
CD014941_pub2_data__A21,CD014941,84.0,100.0,70.0,16.7,25.0,59,D,Significant Concerns,33.9
CD014941_pub2_data__A19,CD014941,84.0,100.0,70.0,16.7,25.0,59,D,Significant Concerns,33.9
CD004667_pub6_data__A14,CD004667,72.0,100.0,20.0,1.4,100.0,59,D,Significant Concerns,33.9
CD001321_pub7_data__A3,CD001321,92.0,100.0,30.0,0.4,75.0,59,D,Significant Concerns,33.9
CD015849_pub2_data__A8,CD015849,72.0,100.0,20.0,0.8,100.0,59,D,Significant Concerns,33.9
CD015849_pub2_data__A6,CD015849,72.0,100.0,20.0,0.8,100.0,59,D,Significant Concerns,33.9
CD003962_pub3_data__A17,CD003962,92.0,100.0,70.0,6.5,25.0,59,D,Significant Concerns,33.9
CD003962_pub3_data__A16,CD003962,92.0,100.0,70.0,6.5,25.0,59,D,Significant Concerns,33.9
CD008309_pub3_data__A2,CD008309,56.0,100.0,40.0,1.3,100.0,59,D,Significant Concerns,33.9
CD010163_pub3_data__A1,CD010163,72.0,100.0,50.0,50.0,25.0,59,D,Significant Concerns,33.9
CD015476_pub2_data__A6,CD015476,52.0,100.0,40.0,0.5,100.0,59,D,Significant Concerns,33.9
CD015476_pub2_data__A5,CD015476,56.0,100.0,40.0,0.5,100.0,59,D,Significant Concerns,33.9
CD002971_pub6_data__A2,CD002971,92.0,100.0,30.0,0.3,75.0,59,D,Significant Concerns,33.9
CD006689_pub3_data__A9,CD006689,72.0,100.0,20.0,1.8,100.0,59,D,Significant Concerns,33.9
CD013571_pub2_data__A4,CD013571,92.0,100.0,30.0,0.5,75.0,59,D,Significant Concerns,33.9
CD013595_pub2_data__A6,CD013595,72.0,100.0,20.0,27.0,75.0,59,D,Significant Concerns,33.9
CD013595_pub2_data__A3,CD013595,72.0,100.0,20.0,27.0,75.0,59,D,Significant Concerns,33.9
CD009508_pub2_data__A4,CD009508,92.0,100.0,30.0,0.1,75.0,59,D,Significant Concerns,33.9
CD015038_pub2_data__A4,CD015038,80.0,100.0,40.0,0.1,75.0,59,D,Significant Concerns,33.9
CD016168_data__A8,CD016168,72.0,100.0,50.0,50.0,25.0,59,D,Significant Concerns,33.9
CD009788_pub3_data__A3,CD009788,92.0,100.0,60.0,19.8,25.0,59,D,Significant Concerns,33.9
CD009788_pub3_data__A4,CD009788,92.0,100.0,60.0,19.8,25.0,59,D,Significant Concerns,33.9
CD009788_pub3_data__A5,CD009788,92.0,100.0,60.0,19.8,25.0,59,D,Significant Concerns,33.9
CD009788_pub3_data__A6,CD009788,92.0,100.0,60.0,19.8,25.0,59,D,Significant Concerns,33.9
CD009788_pub3_data__A7,CD009788,92.0,100.0,60.0,19.8,25.0,59,D,Significant Concerns,33.9
CD009788_pub3_data__A8,CD009788,92.0,100.0,60.0,19.8,25.0,59,D,Significant Concerns,33.9
CD000028_pub4_data__A5,CD000028,64.0,100.0,20.0,4.5,100.0,58,D,Significant Concerns,31.1
CD009788_pub3_data__A2,CD009788,92.0,100.0,30.0,19.8,50.0,58,D,Significant Concerns,31.1
CD013595_pub2_data__A9,CD013595,72.0,100.0,40.0,27.0,50.0,58,D,Significant Concerns,31.1
CD013590_pub2_data__A11,CD013590,92.0,100.0,70.0,0.7,25.0,58,D,Significant Concerns,31.1
CD009788_pub3_data__A10,CD009788,92.0,100.0,30.0,19.8,50.0,58,D,Significant Concerns,31.1
CD013590_pub2_data__A8,CD013590,92.0,100.0,70.0,0.7,25.0,58,D,Significant Concerns,31.1
CD004406_pub6_data__A8,CD004406,92.0,100.0,70.0,3.4,25.0,58,D,Significant Concerns,31.1
CD009244_pub3_data__A4,CD009244,84.0,100.0,30.0,50.0,25.0,58,D,Significant Concerns,31.1
CD011218_pub2_data__A2,CD011218,72.0,100.0,20.0,50.0,50.0,58,D,Significant Concerns,31.1
CD013590_pub2_data__A5,CD013590,80.0,100.0,10.0,0.7,100.0,58,D,Significant Concerns,31.1
CD003519_pub5_data__A5,CD003519,52.0,100.0,40.0,0.1,100.0,58,D,Significant Concerns,31.1
CD000219_pub5_data__A3,CD000219,52.0,100.0,40.0,0.2,100.0,58,D,Significant Concerns,31.1
CD015588_pub2_data__A34,CD015588,72.0,100.0,20.0,0.1,100.0,58,D,Significant Concerns,31.1
CD015588_pub2_data__A43,CD015588,72.0,100.0,20.0,0.1,100.0,58,D,Significant Concerns,31.1
CD009752_pub3_data__A11,CD009752,72.0,100.0,20.0,50.0,50.0,58,D,Significant Concerns,31.1
CD012891_pub2_data__A1,CD012891,52.0,100.0,40.0,0.1,100.0,58,D,Significant Concerns,31.1
CD015588_pub2_data__A52,CD015588,72.0,100.0,20.0,0.1,100.0,58,D,Significant Concerns,31.1
CD015145_pub2_data__A11,CD015145,32.0,100.0,30.0,53.0,75.0,58,D,Significant Concerns,31.1
CD014937_pub2_data__A5,CD014937,72.0,100.0,20.0,0.1,100.0,58,D,Significant Concerns,31.1
CD014937_pub2_data__A8,CD014937,84.0,100.0,30.0,0.1,75.0,58,D,Significant Concerns,31.1
CD014941_pub2_data__A11,CD014941,72.0,100.0,50.0,16.7,50.0,58,D,Significant Concerns,31.1
CD015588_pub2_data__A6,CD015588,72.0,100.0,20.0,0.1,100.0,58,D,Significant Concerns,31.1
CD015592_pub3_data__A1,CD015592,72.0,100.0,20.0,50.0,50.0,58,D,Significant Concerns,31.1
CD015701_pub2_data__A3,CD015701,72.0,100.0,20.0,50.0,50.0,58,D,Significant Concerns,31.1
CD015875_data__A26,CD015875,72.0,100.0,20.0,50.0,50.0,58,D,Significant Concerns,31.1
CD011626_pub3_data__A3,CD011626,100.0,100.0,30.0,8.6,50.0,58,D,Significant Concerns,31.1
CD011626_pub3_data__A4,CD011626,100.0,100.0,30.0,8.6,50.0,58,D,Significant Concerns,31.1
CD011626_pub3_data__A5,CD011626,100.0,100.0,30.0,8.6,50.0,58,D,Significant Concerns,31.1
CD003331_pub6_data__A5,CD003331,84.0,100.0,30.0,1.3,75.0,58,D,Significant Concerns,31.1
CD007572_pub4_data__A1,CD007572,52.0,100.0,40.0,0.1,100.0,58,D,Significant Concerns,31.1
CD007388_pub3_data__A13,CD007388,72.0,100.0,20.0,50.0,50.0,58,D,Significant Concerns,31.1
CD015123_pub2_data__A7,CD015123,72.0,100.0,20.0,50.0,50.0,58,D,Significant Concerns,31.1
CD014941_pub2_data__A15,CD014941,72.0,100.0,50.0,16.7,50.0,58,D,Significant Concerns,31.1
CD015331_pub2_data__A66,CD015331,92.0,100.0,70.0,0.7,25.0,58,D,Significant Concerns,31.1
CD015331_pub2_data__A69,CD015331,92.0,100.0,70.0,0.7,25.0,58,D,Significant Concerns,31.1
CD015331_pub2_data__A71,CD015331,100.0,100.0,40.0,0.7,50.0,58,D,Significant Concerns,31.1
CD011793_pub3_data__A13,CD011793,84.0,100.0,30.0,1.3,75.0,58,D,Significant Concerns,31.1
CD001552_pub3_data__A8,CD001552,84.0,100.0,30.0,26.7,50.0,58,D,Significant Concerns,31.1
CD016002_data__A8,CD016002,72.0,100.0,20.0,50.0,50.0,58,D,Significant Concerns,31.1
CD007674_pub3_data__A4,CD007674,52.0,100.0,40.0,0.2,100.0,58,D,Significant Concerns,31.1
CD007639_pub3_data__A7,CD007639,72.0,100.0,20.0,0.4,100.0,58,D,Significant Concerns,31.1
CD015721_pub2_data__A6,CD015721,84.0,100.0,30.0,0.7,75.0,58,D,Significant Concerns,31.1
CD015701_pub2_data__A5,CD015701,72.0,100.0,20.0,50.0,50.0,58,D,Significant Concerns,31.1
CD011793_pub3_data__A1,CD011793,84.0,100.0,30.0,1.3,75.0,58,D,Significant Concerns,31.1
CD013801_pub2_data__A3,CD013801,72.0,100.0,20.0,50.0,50.0,58,D,Significant Concerns,31.1
CD004736_pub6_data__A30,CD004736,52.0,100.0,40.0,0.3,100.0,58,D,Significant Concerns,31.1
CD008165_pub5_data__A4,CD008165,72.0,100.0,20.0,0.3,100.0,58,D,Significant Concerns,31.1
CD015331_pub2_data__A63,CD015331,92.0,100.0,70.0,0.7,25.0,58,D,Significant Concerns,31.1
CD015331_pub2_data__A64,CD015331,100.0,100.0,40.0,0.7,50.0,58,D,Significant Concerns,31.1
CD013822_pub2_data__A6,CD013822,52.0,100.0,40.0,0.1,100.0,58,D,Significant Concerns,31.1
CD010533_pub3_data__A6,CD010533,92.0,100.0,60.0,10.6,25.0,58,D,Significant Concerns,31.1
CD013827_pub2_data__A12,CD013827,80.0,100.0,10.0,0.2,100.0,58,D,Significant Concerns,31.1
CD005343_pub7_data__A7,CD005343,52.0,100.0,40.0,0.3,100.0,58,D,Significant Concerns,31.1
CD015331_pub2_data__A51,CD015331,92.0,100.0,70.0,0.7,25.0,58,D,Significant Concerns,31.1
CD008688_pub3_data__A1,CD008688,84.0,100.0,50.0,5.4,50.0,58,D,Significant Concerns,31.1
CD010533_pub3_data__A7,CD010533,92.0,100.0,60.0,10.6,25.0,58,D,Significant Concerns,31.1
CD001396_pub4_data__A14,CD001396,72.0,100.0,20.0,0.3,100.0,58,D,Significant Concerns,31.1
CD013421_pub2_data__A2,CD013421,40.0,100.0,50.0,0.1,100.0,58,D,Significant Concerns,31.1
CD013421_pub2_data__A3,CD013421,52.0,100.0,40.0,0.1,100.0,58,D,Significant Concerns,31.1
CD006475_pub3_data__A5,CD006475,84.0,100.0,30.0,0.2,75.0,58,D,Significant Concerns,31.1
CD010145_pub2_data__A11,CD010145,72.0,100.0,30.0,39.5,50.0,58,D,Significant Concerns,31.1
CD010145_pub2_data__A12,CD010145,72.0,100.0,30.0,39.5,50.0,58,D,Significant Concerns,31.1
CD002203_pub5_data__A3,CD002203,52.0,100.0,40.0,0.4,100.0,58,D,Significant Concerns,31.1
CD003833_pub5_data__A2,CD003833,92.0,100.0,50.0,24.6,25.0,58,D,Significant Concerns,31.1
CD003833_pub5_data__A4,CD003833,92.0,100.0,50.0,24.6,25.0,58,D,Significant Concerns,31.1
CD016002_data__A18,CD016002,44.0,100.0,20.0,50.0,75.0,58,D,Significant Concerns,31.1
CD013731_pub2_data__A2,CD013731,72.0,100.0,20.0,50.0,50.0,58,D,Significant Concerns,31.1
CD013731_pub2_data__A3,CD013731,72.0,100.0,20.0,50.0,50.0,58,D,Significant Concerns,31.1
CD004736_pub6_data__A5,CD004736,40.0,100.0,50.0,0.3,100.0,58,D,Significant Concerns,31.1
CD004736_pub6_data__A50,CD004736,72.0,100.0,20.0,0.3,100.0,58,D,Significant Concerns,31.1
CD009102_pub2_data__A10,CD009102,92.0,100.0,70.0,0.9,25.0,58,D,Significant Concerns,31.1
CD015387_pub2_data__A1,CD015387,52.0,100.0,40.0,0.2,100.0,58,D,Significant Concerns,31.1
CD015432_pub2_data__A1,CD015432,64.0,100.0,50.0,0.3,75.0,58,D,Significant Concerns,31.1
CD013445_pub2_data__A8,CD013445,52.0,100.0,40.0,0.3,100.0,58,D,Significant Concerns,31.1
CD015331_pub2_data__A55,CD015331,92.0,100.0,70.0,0.7,25.0,58,D,Significant Concerns,31.1
CD015331_pub2_data__A58,CD015331,100.0,100.0,40.0,0.7,50.0,58,D,Significant Concerns,31.1
CD015331_pub2_data__A59,CD015331,100.0,100.0,40.0,0.7,50.0,58,D,Significant Concerns,31.1
CD015331_pub2_data__A60,CD015331,92.0,100.0,70.0,0.7,25.0,58,D,Significant Concerns,31.1
CD015331_pub2_data__A61,CD015331,92.0,100.0,70.0,0.7,25.0,58,D,Significant Concerns,31.1
CD015331_pub2_data__A62,CD015331,92.0,100.0,70.0,0.7,25.0,58,D,Significant Concerns,31.1
CD010136_pub4_data__A2,CD010136,84.0,100.0,30.0,50.0,25.0,58,D,Significant Concerns,31.1
CD013197_pub2_data__A12,CD013197,72.0,100.0,20.0,0.3,100.0,58,D,Significant Concerns,31.1
CD003962_pub3_data__A8,CD003962,72.0,100.0,10.0,6.5,100.0,58,D,Significant Concerns,31.1
CD004184_pub3_data__A2,CD004184,92.0,100.0,40.0,6.1,50.0,58,D,Significant Concerns,31.1
CD013197_pub2_data__A16,CD013197,52.0,100.0,40.0,0.3,100.0,58,D,Significant Concerns,31.1
CD013456_pub2_data__A12,CD013456,100.0,100.0,30.0,32.6,25.0,58,D,Significant Concerns,31.1
CD009102_pub2_data__A4,CD009102,92.0,100.0,70.0,0.9,25.0,58,D,Significant Concerns,31.1
CD009102_pub2_data__A7,CD009102,92.0,100.0,70.0,0.9,25.0,58,D,Significant Concerns,31.1
CD009102_pub2_data__A8,CD009102,92.0,100.0,70.0,0.9,25.0,58,D,Significant Concerns,31.1
CD009102_pub2_data__A9,CD009102,92.0,100.0,70.0,0.9,25.0,58,D,Significant Concerns,31.1
CD015101_data__A4,CD015101,84.0,100.0,30.0,50.0,25.0,58,D,Significant Concerns,31.1
CD004736_pub6_data__A51,CD004736,72.0,100.0,20.0,0.3,100.0,58,D,Significant Concerns,31.1
CD012693_pub3_data__A21,CD012693,84.0,100.0,30.0,0.1,75.0,58,D,Significant Concerns,31.1
CD003962_pub3_data__A18,CD003962,92.0,100.0,40.0,6.5,50.0,58,D,Significant Concerns,31.1
CD003962_pub3_data__A19,CD003962,92.0,100.0,40.0,6.5,50.0,58,D,Significant Concerns,31.1
CD012997_pub3_data__A2,CD012997,84.0,100.0,30.0,50.0,25.0,58,D,Significant Concerns,31.1
CD015331_pub2_data__A21,CD015331,92.0,100.0,70.0,0.7,25.0,58,D,Significant Concerns,31.1
CD015331_pub2_data__A29,CD015331,92.0,100.0,70.0,0.7,25.0,58,D,Significant Concerns,31.1
CD015331_pub2_data__A30,CD015331,92.0,100.0,70.0,0.7,25.0,58,D,Significant Concerns,31.1
CD015331_pub2_data__A31,CD015331,92.0,100.0,70.0,0.7,25.0,58,D,Significant Concerns,31.1
CD015330_pub2_data__A9,CD015330,92.0,100.0,70.0,0.8,25.0,58,D,Significant Concerns,31.1
CD015331_pub2_data__A11,CD015331,80.0,100.0,10.0,0.7,100.0,58,D,Significant Concerns,31.1
CD015331_pub2_data__A52,CD015331,100.0,100.0,40.0,0.7,50.0,58,D,Significant Concerns,31.1
CD015331_pub2_data__A53,CD015331,100.0,100.0,40.0,0.7,50.0,58,D,Significant Concerns,31.1
CD015331_pub2_data__A54,CD015331,92.0,100.0,70.0,0.7,25.0,58,D,Significant Concerns,31.1
CD004736_pub6_data__A54,CD004736,52.0,100.0,40.0,0.3,100.0,58,D,Significant Concerns,31.1
CD013456_pub2_data__A5,CD013456,80.0,100.0,0.0,32.6,75.0,58,D,Significant Concerns,31.1
CD015003_pub2_data__A3,CD015003,92.0,100.0,60.0,12.7,25.0,58,D,Significant Concerns,31.1
CD015003_pub2_data__A6,CD015003,92.0,100.0,60.0,12.7,25.0,58,D,Significant Concerns,31.1
CD015219_pub2_data__A9,CD015219,72.0,100.0,20.0,0.1,100.0,58,D,Significant Concerns,31.1
CD015932_pub2_data__A5,CD015932,72.0,100.0,20.0,0.2,100.0,58,D,Significant Concerns,31.1
CD012693_pub3_data__A11,CD012693,72.0,100.0,20.0,0.1,100.0,58,D,Significant Concerns,31.1
CD015530_pub2_data__A2,CD015530,64.0,100.0,50.0,50.0,25.0,58,D,Significant Concerns,31.1
CD004736_pub6_data__A2,CD004736,40.0,100.0,50.0,0.3,100.0,58,D,Significant Concerns,31.1
CD013197_pub2_data__A14,CD013197,52.0,100.0,40.0,0.3,100.0,58,D,Significant Concerns,31.1
CD013197_pub2_data__A9,CD013197,52.0,100.0,40.0,0.3,100.0,58,D,Significant Concerns,31.1
CD013158_pub2_data__A3,CD013158,72.0,100.0,20.0,50.0,50.0,58,D,Significant Concerns,31.1
CD008564_pub3_data__A5,CD008564,60.0,100.0,0.0,32.0,100.0,58,D,Significant Concerns,31.1
CD014040_pub2_data__A2,CD014040,84.0,100.0,30.0,0.1,75.0,58,D,Significant Concerns,31.1
CD012067_pub3_data__A16,CD012067,52.0,100.0,40.0,0.3,100.0,58,D,Significant Concerns,31.1
CD015530_pub2_data__A5,CD015530,64.0,100.0,50.0,50.0,25.0,58,D,Significant Concerns,31.1
CD004184_pub3_data__A4,CD004184,72.0,100.0,10.0,6.1,100.0,58,D,Significant Concerns,31.1
CD004184_pub3_data__A7,CD004184,72.0,100.0,10.0,6.1,100.0,58,D,Significant Concerns,31.1
CD004184_pub3_data__A8,CD004184,72.0,100.0,10.0,6.1,100.0,58,D,Significant Concerns,31.1
CD006942_pub4_data__A2,CD006942,84.0,100.0,30.0,0.5,75.0,58,D,Significant Concerns,31.1
CD015448_pub2_data__A2,CD015448,100.0,100.0,30.0,10.4,50.0,58,D,Significant Concerns,31.1
CD012397_pub2_data__A8,CD012397,72.0,100.0,40.0,30.3,50.0,58,D,Significant Concerns,31.1
CD004736_pub6_data__A4,CD004736,40.0,100.0,50.0,0.3,100.0,58,D,Significant Concerns,31.1
CD014914_pub2_data__A5,CD014914,52.0,100.0,40.0,0.1,100.0,58,D,Significant Concerns,31.1
CD016119_data__A13,CD016119,92.0,100.0,70.0,1.5,25.0,58,D,Significant Concerns,31.1
CD016119_data__A14,CD016119,92.0,100.0,70.0,1.5,25.0,58,D,Significant Concerns,31.1
CD016119_data__A15,CD016119,92.0,100.0,70.0,1.5,25.0,58,D,Significant Concerns,31.1
CD008309_pub3_data__A6,CD008309,84.0,100.0,30.0,1.3,75.0,58,D,Significant Concerns,31.1
CD008309_pub3_data__A7,CD008309,84.0,100.0,30.0,1.3,75.0,58,D,Significant Concerns,31.1
CD012067_pub3_data__A21,CD012067,52.0,100.0,40.0,0.3,100.0,58,D,Significant Concerns,31.1
CD012067_pub3_data__A23,CD012067,52.0,100.0,40.0,0.3,100.0,58,D,Significant Concerns,31.1
CD012609_pub2_data__A2,CD012609,72.0,100.0,20.0,50.0,50.0,58,D,Significant Concerns,31.1
CD006515_pub2_data__A4,CD006515,92.0,100.0,40.0,5.9,50.0,58,D,Significant Concerns,31.1
CD006632_pub3_data__A5,CD006632,80.0,100.0,10.0,1.0,100.0,58,D,Significant Concerns,31.1
CD006632_pub3_data__A9,CD006632,92.0,100.0,70.0,1.0,25.0,58,D,Significant Concerns,31.1
CD006515_pub2_data__A9,CD006515,92.0,100.0,40.0,5.9,50.0,58,D,Significant Concerns,31.1
CD006919_pub5_data__A7,CD006919,72.0,100.0,20.0,0.2,100.0,58,D,Significant Concerns,31.1
CD002290_pub6_data__A2,CD002290,72.0,100.0,20.0,0.1,100.0,58,D,Significant Concerns,31.1
CD002290_pub6_data__A3,CD002290,52.0,100.0,40.0,0.1,100.0,58,D,Significant Concerns,31.1
CD015331_pub2_data__A43,CD015331,100.0,100.0,40.0,0.7,50.0,58,D,Significant Concerns,31.1
CD016119_data__A16,CD016119,92.0,100.0,70.0,1.5,25.0,58,D,Significant Concerns,31.1
CD016119_data__A17,CD016119,92.0,100.0,70.0,1.5,25.0,58,D,Significant Concerns,31.1
CD016119_data__A18,CD016119,92.0,100.0,70.0,1.5,25.0,58,D,Significant Concerns,31.1
CD016119_data__A19,CD016119,92.0,100.0,70.0,1.5,25.0,58,D,Significant Concerns,31.1
CD016119_data__A3,CD016119,100.0,100.0,40.0,1.5,50.0,58,D,Significant Concerns,31.1
CD008493_pub5_data__A4,CD008493,72.0,100.0,20.0,0.4,100.0,58,D,Significant Concerns,31.1
CD001837_pub4_data__A3,CD001837,84.0,100.0,30.0,0.2,75.0,58,D,Significant Concerns,31.1
CD015219_pub2_data__A3,CD015219,72.0,100.0,20.0,0.1,100.0,58,D,Significant Concerns,31.1
CD015219_pub2_data__A5,CD015219,52.0,100.0,40.0,0.1,100.0,58,D,Significant Concerns,31.1
CD014769_pub2_data__A26,CD014769,44.0,100.0,40.0,3.7,100.0,58,D,Significant Concerns,31.1
CD015033_pub2_data__A6,CD015033,64.0,100.0,50.0,0.9,75.0,58,D,Significant Concerns,31.1
CD012503_pub3_data__A2,CD012503,64.0,100.0,20.0,7.2,100.0,58,D,Significant Concerns,31.1
CD012503_pub3_data__A3,CD012503,64.0,100.0,20.0,7.2,100.0,58,D,Significant Concerns,31.1
CD012503_pub3_data__A4,CD012503,64.0,100.0,20.0,7.2,100.0,58,D,Significant Concerns,31.1
CD012503_pub3_data__A5,CD012503,64.0,100.0,20.0,7.2,100.0,58,D,Significant Concerns,31.1
CD016001_data__A13,CD016001,72.0,100.0,20.0,50.0,50.0,58,D,Significant Concerns,31.1
CD013590_pub2_data__A6,CD013590,92.0,100.0,70.0,0.7,25.0,58,D,Significant Concerns,31.1
CD015042_pub2_data__A2,CD015042,92.0,100.0,70.0,0.9,25.0,58,D,Significant Concerns,31.1
CD015046_pub2_data__A1,CD015046,84.0,100.0,30.0,50.0,25.0,58,D,Significant Concerns,31.1
CD000028_pub4_data__A1,CD000028,44.0,100.0,40.0,4.5,100.0,58,D,Significant Concerns,31.1
CD015038_pub2_data__A15,CD015038,72.0,100.0,40.0,0.1,75.0,57,D,Significant Concerns,28.7
CD013590_pub2_data__A10,CD013590,92.0,100.0,40.0,0.7,50.0,57,D,Significant Concerns,28.7
CD011204_pub3_data__A10,CD011204,64.0,100.0,20.0,0.2,100.0,57,D,Significant Concerns,28.7
CD011204_pub3_data__A8,CD011204,72.0,100.0,40.0,0.2,75.0,57,D,Significant Concerns,28.7
CD015014_pub2_data__A47,CD015014,92.0,100.0,60.0,6.0,25.0,57,D,Significant Concerns,28.7
CD015014_pub2_data__A48,CD015014,92.0,100.0,60.0,6.0,25.0,57,D,Significant Concerns,28.7
CD011305_pub3_data__A4,CD011305,84.0,100.0,30.0,47.2,25.0,57,D,Significant Concerns,28.7
CD011305_pub3_data__A6,CD011305,84.0,100.0,30.0,47.2,25.0,57,D,Significant Concerns,28.7
CD015219_pub2_data__A1,CD015219,64.0,100.0,20.0,0.1,100.0,57,D,Significant Concerns,28.7
CD015219_pub2_data__A15,CD015219,44.0,100.0,40.0,0.1,100.0,57,D,Significant Concerns,28.7
CD015219_pub2_data__A2,CD015219,44.0,100.0,40.0,0.1,100.0,57,D,Significant Concerns,28.7
CD006913_pub3_data__A7,CD006913,64.0,100.0,20.0,0.3,100.0,57,D,Significant Concerns,28.7
CD006632_pub3_data__A4,CD006632,72.0,100.0,10.0,1.0,100.0,57,D,Significant Concerns,28.7
CD006632_pub3_data__A7,CD006632,92.0,100.0,40.0,1.0,50.0,57,D,Significant Concerns,28.7
CD013643_pub2_data__A10,CD013643,92.0,100.0,60.0,5.6,25.0,57,D,Significant Concerns,28.7
CD013643_pub2_data__A11,CD013643,92.0,100.0,60.0,5.6,25.0,57,D,Significant Concerns,28.7
CD013643_pub2_data__A13,CD013643,92.0,100.0,60.0,5.6,25.0,57,D,Significant Concerns,28.7
CD006475_pub3_data__A9,CD006475,44.0,100.0,40.0,0.2,100.0,57,D,Significant Concerns,28.7
CD006515_pub2_data__A3,CD006515,84.0,100.0,70.0,5.9,25.0,57,D,Significant Concerns,28.7
CD015014_pub2_data__A4,CD015014,92.0,100.0,60.0,6.0,25.0,57,D,Significant Concerns,28.7
CD015014_pub2_data__A45,CD015014,92.0,100.0,60.0,6.0,25.0,57,D,Significant Concerns,28.7
CD012397_pub2_data__A7,CD012397,60.0,100.0,20.0,30.3,75.0,57,D,Significant Concerns,28.7
CD015014_pub2_data__A46,CD015014,92.0,100.0,60.0,6.0,25.0,57,D,Significant Concerns,28.7
CD015014_pub2_data__A19,CD015014,92.0,100.0,60.0,6.0,25.0,57,D,Significant Concerns,28.7
CD015014_pub2_data__A20,CD015014,92.0,100.0,60.0,6.0,25.0,57,D,Significant Concerns,28.7
CD015014_pub2_data__A21,CD015014,92.0,100.0,60.0,6.0,25.0,57,D,Significant Concerns,28.7
CD015014_pub2_data__A24,CD015014,92.0,100.0,60.0,6.0,25.0,57,D,Significant Concerns,28.7
CD015014_pub2_data__A25,CD015014,92.0,100.0,60.0,6.0,25.0,57,D,Significant Concerns,28.7
CD013643_pub2_data__A9,CD013643,92.0,100.0,60.0,5.6,25.0,57,D,Significant Concerns,28.7
CD015448_pub2_data__A5,CD015448,92.0,100.0,60.0,10.4,25.0,57,D,Significant Concerns,28.7
CD015530_pub2_data__A3,CD015530,64.0,100.0,20.0,50.0,50.0,57,D,Significant Concerns,28.7
CD015014_pub2_data__A26,CD015014,92.0,100.0,60.0,6.0,25.0,57,D,Significant Concerns,28.7
CD015014_pub2_data__A27,CD015014,92.0,100.0,60.0,6.0,25.0,57,D,Significant Concerns,28.7
CD015014_pub2_data__A28,CD015014,80.0,100.0,0.0,6.0,100.0,57,D,Significant Concerns,28.7
CD015014_pub2_data__A29,CD015014,80.0,100.0,0.0,6.0,100.0,57,D,Significant Concerns,28.7
CD015014_pub2_data__A3,CD015014,92.0,100.0,60.0,6.0,25.0,57,D,Significant Concerns,28.7
CD015014_pub2_data__A30,CD015014,80.0,100.0,0.0,6.0,100.0,57,D,Significant Concerns,28.7
CD011381_pub3_data__A10,CD011381,92.0,90.0,30.0,0.3,75.0,57,D,Significant Concerns,28.7
CD011381_pub3_data__A8,CD011381,92.0,90.0,30.0,0.3,75.0,57,D,Significant Concerns,28.7
CD013643_pub2_data__A4,CD013643,92.0,100.0,60.0,5.6,25.0,57,D,Significant Concerns,28.7
CD013643_pub2_data__A7,CD013643,92.0,100.0,60.0,5.6,25.0,57,D,Significant Concerns,28.7
CD015014_pub2_data__A17,CD015014,92.0,100.0,60.0,6.0,25.0,57,D,Significant Concerns,28.7
CD015314_pub2_data__A1,CD015314,44.0,100.0,40.0,0.1,100.0,57,D,Significant Concerns,28.7
CD015326_pub2_data__A10,CD015326,80.0,100.0,0.0,2.6,100.0,57,D,Significant Concerns,28.7
CD014678_pub2_data__A1,CD014678,64.0,100.0,20.0,2.4,100.0,57,D,Significant Concerns,28.7
CD015213_pub2_data__A9,CD015213,80.0,100.0,0.0,3.1,100.0,57,D,Significant Concerns,28.7
CD012268_pub2_data__A3,CD012268,100.0,100.0,30.0,6.5,50.0,57,D,Significant Concerns,28.7
CD001321_pub7_data__A2,CD001321,44.0,100.0,40.0,0.4,100.0,57,D,Significant Concerns,28.7
CD015120_pub2_data__A1,CD015120,52.0,70.0,20.0,40.9,100.0,57,D,Significant Concerns,28.7
CD013719_pub2_data__A1,CD013719,44.0,100.0,40.0,0.2,100.0,57,D,Significant Concerns,28.7
CD013445_pub2_data__A34,CD013445,72.0,100.0,40.0,0.3,75.0,57,D,Significant Concerns,28.7
CD013445_pub2_data__A17,CD013445,44.0,100.0,40.0,0.3,100.0,57,D,Significant Concerns,28.7
CD013445_pub2_data__A18,CD013445,44.0,100.0,40.0,0.3,100.0,57,D,Significant Concerns,28.7
CD009102_pub2_data__A12,CD009102,92.0,100.0,40.0,0.9,50.0,57,D,Significant Concerns,28.7
CD009102_pub2_data__A2,CD009102,80.0,100.0,30.0,0.9,75.0,57,D,Significant Concerns,28.7
CD009102_pub2_data__A3,CD009102,92.0,100.0,40.0,0.9,50.0,57,D,Significant Concerns,28.7
CD009102_pub2_data__A5,CD009102,92.0,100.0,40.0,0.9,50.0,57,D,Significant Concerns,28.7
CD006475_pub3_data__A10,CD006475,44.0,100.0,40.0,0.2,100.0,57,D,Significant Concerns,28.7
CD013757_pub3_data__A4,CD013757,72.0,100.0,40.0,0.2,75.0,57,D,Significant Concerns,28.7
CD013757_pub3_data__A5,CD013757,72.0,100.0,40.0,0.2,75.0,57,D,Significant Concerns,28.7
CD009102_pub2_data__A1,CD009102,92.0,100.0,40.0,0.9,50.0,57,D,Significant Concerns,28.7
CD015584_pub2_data__A1,CD015584,64.0,100.0,20.0,0.1,100.0,57,D,Significant Concerns,28.7
CD013774_pub2_data__A6,CD013774,80.0,100.0,20.0,7.5,75.0,57,D,Significant Concerns,28.7
CD013774_pub2_data__A7,CD013774,60.0,100.0,40.0,7.5,75.0,57,D,Significant Concerns,28.7
CD009730_pub3_data__A11,CD009730,92.0,100.0,60.0,6.5,25.0,57,D,Significant Concerns,28.7
CD009730_pub3_data__A14,CD009730,92.0,100.0,60.0,6.5,25.0,57,D,Significant Concerns,28.7
CD013774_pub2_data__A10,CD013774,92.0,100.0,60.0,7.5,25.0,57,D,Significant Concerns,28.7
CD013774_pub2_data__A3,CD013774,80.0,100.0,20.0,7.5,75.0,57,D,Significant Concerns,28.7
CD013774_pub2_data__A5,CD013774,60.0,100.0,40.0,7.5,75.0,57,D,Significant Concerns,28.7
CD007572_pub4_data__A3,CD007572,72.0,100.0,40.0,0.1,75.0,57,D,Significant Concerns,28.7
CD006182_pub3_data__A9,CD006182,92.0,100.0,60.0,5.7,25.0,57,D,Significant Concerns,28.7
CD012942_pub2_data__A7,CD012942,44.0,100.0,40.0,0.8,100.0,57,D,Significant Concerns,28.7
CD003429_pub5_data__A10,CD003429,100.0,100.0,30.0,7.3,50.0,57,D,Significant Concerns,28.7
CD006182_pub3_data__A7,CD006182,92.0,100.0,60.0,5.7,25.0,57,D,Significant Concerns,28.7
CD006182_pub3_data__A8,CD006182,92.0,100.0,60.0,5.7,25.0,57,D,Significant Concerns,28.7
CD015588_pub2_data__A20,CD015588,44.0,100.0,40.0,0.1,100.0,57,D,Significant Concerns,28.7
CD015588_pub2_data__A21,CD015588,64.0,100.0,20.0,0.1,100.0,57,D,Significant Concerns,28.7
CD013358_pub2_data__A15,CD013358,64.0,100.0,20.0,0.3,100.0,57,D,Significant Concerns,28.7
CD003429_pub5_data__A9,CD003429,92.0,100.0,60.0,7.3,25.0,57,D,Significant Concerns,28.7
CD003429_pub5_data__A6,CD003429,92.0,100.0,60.0,7.3,25.0,57,D,Significant Concerns,28.7
CD003429_pub5_data__A7,CD003429,100.0,100.0,30.0,7.3,50.0,57,D,Significant Concerns,28.7
CD003429_pub5_data__A8,CD003429,100.0,100.0,30.0,7.3,50.0,57,D,Significant Concerns,28.7
CD008879_pub3_data__A2,CD008879,64.0,100.0,20.0,2.0,100.0,57,D,Significant Concerns,28.7
CD014937_pub2_data__A10,CD014937,44.0,100.0,40.0,0.1,100.0,57,D,Significant Concerns,28.7
CD015331_pub2_data__A70,CD015331,92.0,100.0,40.0,0.7,50.0,57,D,Significant Concerns,28.7
CD015331_pub2_data__A74,CD015331,92.0,100.0,40.0,0.7,50.0,57,D,Significant Concerns,28.7
CD013800_pub2_data__A6,CD013800,44.0,100.0,40.0,2.5,100.0,57,D,Significant Concerns,28.7
CD013344_pub2_data__A4,CD013344,64.0,100.0,20.0,1.6,100.0,57,D,Significant Concerns,28.7
CD014852_pub2_data__A24,CD014852,92.0,100.0,60.0,6.0,25.0,57,D,Significant Concerns,28.7
CD014852_pub2_data__A25,CD014852,92.0,100.0,60.0,6.0,25.0,57,D,Significant Concerns,28.7
CD014852_pub2_data__A28,CD014852,92.0,100.0,60.0,6.0,25.0,57,D,Significant Concerns,28.7
CD014544_pub2_data__A1,CD014544,72.0,100.0,0.0,14.5,100.0,57,D,Significant Concerns,28.7
CD002122_pub3_data__A1,CD002122,64.0,100.0,20.0,0.2,100.0,57,D,Significant Concerns,28.7
CD013821_pub2_data__A7,CD013821,20.0,100.0,30.0,35.7,100.0,57,D,Significant Concerns,28.7
CD013278_pub3_data__A22,CD013278,72.0,100.0,60.0,26.0,25.0,57,D,Significant Concerns,28.7
CD013278_pub3_data__A24,CD013278,72.0,100.0,60.0,26.0,25.0,57,D,Significant Concerns,28.7
CD013295_pub2_data__A1,CD013295,44.0,100.0,40.0,0.5,100.0,57,D,Significant Concerns,28.7
CD013232_pub2_data__A20,CD013232,92.0,100.0,60.0,8.2,25.0,57,D,Significant Concerns,28.7
CD013197_pub2_data__A15,CD013197,44.0,100.0,40.0,0.3,100.0,57,D,Significant Concerns,28.7
CD013197_pub2_data__A17,CD013197,44.0,100.0,40.0,0.3,100.0,57,D,Significant Concerns,28.7
CD013197_pub2_data__A18,CD013197,64.0,100.0,20.0,0.3,100.0,57,D,Significant Concerns,28.7
CD013197_pub2_data__A10,CD013197,44.0,100.0,40.0,0.3,100.0,57,D,Significant Concerns,28.7
CD013197_pub2_data__A13,CD013197,64.0,100.0,20.0,0.3,100.0,57,D,Significant Concerns,28.7
CD008564_pub3_data__A10,CD008564,60.0,100.0,20.0,32.0,75.0,57,D,Significant Concerns,28.7
CD014914_pub2_data__A4,CD014914,44.0,100.0,40.0,0.1,100.0,57,D,Significant Concerns,28.7
CD016119_data__A11,CD016119,92.0,100.0,40.0,1.5,50.0,57,D,Significant Concerns,28.7
CD015331_pub2_data__A13,CD015331,92.0,100.0,40.0,0.7,50.0,57,D,Significant Concerns,28.7
CD015326_pub2_data__A32,CD015326,80.0,100.0,0.0,2.6,100.0,57,D,Significant Concerns,28.7
CD005495_pub5_data__A2,CD005495,80.0,100.0,0.0,3.4,100.0,57,D,Significant Concerns,28.7
CD013844_pub2_data__A5,CD013844,52.0,100.0,30.0,3.8,100.0,57,D,Significant Concerns,28.7
CD015331_pub2_data__A4,CD015331,92.0,100.0,40.0,0.7,50.0,57,D,Significant Concerns,28.7
CD015331_pub2_data__A40,CD015331,92.0,100.0,40.0,0.7,50.0,57,D,Significant Concerns,28.7
CD015331_pub2_data__A41,CD015331,92.0,100.0,40.0,0.7,50.0,57,D,Significant Concerns,28.7
CD015331_pub2_data__A42,CD015331,92.0,100.0,40.0,0.7,50.0,57,D,Significant Concerns,28.7
CD007872_pub4_data__A23,CD007872,64.0,100.0,70.0,25.2,25.0,57,D,Significant Concerns,28.7
CD007872_pub4_data__A10,CD007872,64.0,100.0,70.0,25.2,25.0,57,D,Significant Concerns,28.7
CD007872_pub4_data__A22,CD007872,64.0,100.0,70.0,25.2,25.0,57,D,Significant Concerns,28.7
CD015331_pub2_data__A25,CD015331,92.0,100.0,40.0,0.7,50.0,57,D,Significant Concerns,28.7
CD015331_pub2_data__A3,CD015331,92.0,100.0,40.0,0.7,50.0,57,D,Significant Concerns,28.7
CD004736_pub6_data__A9,CD004736,44.0,100.0,40.0,0.3,100.0,57,D,Significant Concerns,28.7
CD013844_pub2_data__A11,CD013844,92.0,100.0,40.0,3.8,50.0,57,D,Significant Concerns,28.7
CD013844_pub2_data__A2,CD013844,92.0,100.0,40.0,3.8,50.0,57,D,Significant Concerns,28.7
CD013875_pub2_data__A10,CD013875,64.0,100.0,40.0,3.8,75.0,57,D,Significant Concerns,28.7
CD013875_pub2_data__A11,CD013875,64.0,100.0,40.0,3.8,75.0,57,D,Significant Concerns,28.7
CD013875_pub2_data__A12,CD013875,64.0,100.0,40.0,3.8,75.0,57,D,Significant Concerns,28.7
CD013875_pub2_data__A3,CD013875,64.0,100.0,40.0,3.8,75.0,57,D,Significant Concerns,28.7
CD013875_pub2_data__A4,CD013875,100.0,100.0,30.0,3.8,50.0,57,D,Significant Concerns,28.7
CD013051_pub3_data__A2,CD013051,84.0,45.0,80.0,0.1,75.0,57,D,Significant Concerns,28.7
CD013571_pub2_data__A2,CD013571,72.0,100.0,40.0,0.5,75.0,57,D,Significant Concerns,28.7
CD006712_pub3_data__A2,CD006712,60.0,100.0,10.0,13.5,100.0,57,D,Significant Concerns,28.7
CD015476_pub2_data__A10,CD015476,44.0,100.0,40.0,0.5,100.0,57,D,Significant Concerns,28.7
CD006689_pub3_data__A19,CD006689,64.0,100.0,20.0,1.8,100.0,57,D,Significant Concerns,28.7
CD006689_pub3_data__A2,CD006689,64.0,100.0,20.0,1.8,100.0,57,D,Significant Concerns,28.7
CD011305_pub3_data__A14,CD011305,64.0,100.0,50.0,47.2,25.0,57,D,Significant Concerns,28.7
CD009730_pub3_data__A6,CD009730,100.0,100.0,30.0,6.5,50.0,57,D,Significant Concerns,28.7
CD009730_pub3_data__A7,CD009730,100.0,100.0,30.0,6.5,50.0,57,D,Significant Concerns,28.7
CD003519_pub5_data__A6,CD003519,64.0,100.0,20.0,0.1,100.0,57,D,Significant Concerns,28.7
CD000478_pub5_data__A4,CD000478,92.0,100.0,60.0,2.3,25.0,56,D,Significant Concerns,24.5
CD009531_pub3_data__A10,CD009531,92.0,100.0,60.0,2.0,25.0,56,D,Significant Concerns,24.5
CD009531_pub3_data__A1,CD009531,80.0,100.0,0.0,2.0,100.0,56,D,Significant Concerns,24.5
CD000478_pub5_data__A3,CD000478,92.0,100.0,60.0,2.3,25.0,56,D,Significant Concerns,24.5
CD006913_pub3_data__A4,CD006913,80.0,100.0,0.0,0.3,100.0,56,D,Significant Concerns,24.5
CD011330_pub2_data__A1,CD011330,72.0,100.0,0.0,59.0,50.0,56,D,Significant Concerns,24.5
CD015014_pub2_data__A6,CD015014,80.0,100.0,20.0,6.0,75.0,56,D,Significant Concerns,24.5
CD015014_pub2_data__A7,CD015014,80.0,100.0,20.0,6.0,75.0,56,D,Significant Concerns,24.5
CD015014_pub2_data__A8,CD015014,80.0,100.0,20.0,6.0,75.0,56,D,Significant Concerns,24.5
CD014758_pub3_data__A8,CD014758,92.0,100.0,60.0,1.5,25.0,56,D,Significant Concerns,24.5
CD001703_pub4_data__A19,CD001703,92.0,100.0,60.0,0.5,25.0,56,D,Significant Concerns,24.5
CD001703_pub4_data__A20,CD001703,92.0,100.0,60.0,0.5,25.0,56,D,Significant Concerns,24.5
CD001703_pub4_data__A21,CD001703,92.0,100.0,60.0,0.5,25.0,56,D,Significant Concerns,24.5
CD008176_pub3_data__A28,CD008176,92.0,100.0,60.0,0.5,25.0,56,D,Significant Concerns,24.5
CD014763_pub2_data__A1,CD014763,32.0,100.0,50.0,0.4,100.0,56,D,Significant Concerns,24.5
CD014763_pub2_data__A4,CD014763,100.0,100.0,30.0,0.4,50.0,56,D,Significant Concerns,24.5
CD014769_pub2_data__A28,CD014769,92.0,100.0,60.0,3.7,25.0,56,D,Significant Concerns,24.5
CD008309_pub3_data__A14,CD008309,92.0,100.0,60.0,1.3,25.0,56,D,Significant Concerns,24.5
CD008309_pub3_data__A15,CD008309,100.0,100.0,30.0,1.3,50.0,56,D,Significant Concerns,24.5
CD008309_pub3_data__A17,CD008309,92.0,100.0,60.0,1.3,25.0,56,D,Significant Concerns,24.5
CD014871_pub2_data__A25,CD014871,92.0,100.0,60.0,1.1,25.0,56,D,Significant Concerns,24.5
CD014871_pub2_data__A26,CD014871,92.0,100.0,60.0,1.1,25.0,56,D,Significant Concerns,24.5
CD004736_pub6_data__A18,CD004736,60.0,100.0,20.0,0.3,100.0,56,D,Significant Concerns,24.5
CD014861_pub2_data__A8,CD014861,100.0,100.0,30.0,1.3,50.0,56,D,Significant Concerns,24.5
CD012067_pub3_data__A9,CD012067,80.0,100.0,0.0,0.3,100.0,56,D,Significant Concerns,24.5
CD013042_pub2_data__A7,CD013042,80.0,100.0,0.0,1.4,100.0,56,D,Significant Concerns,24.5
CD015849_pub2_data__A21,CD015849,92.0,100.0,60.0,0.8,25.0,56,D,Significant Concerns,24.5
CD015849_pub2_data__A26,CD015849,92.0,100.0,60.0,0.8,25.0,56,D,Significant Concerns,24.5
CD015849_pub2_data__A27,CD015849,92.0,100.0,60.0,0.8,25.0,56,D,Significant Concerns,24.5
CD015331_pub2_data__A36,CD015331,84.0,100.0,70.0,0.7,25.0,56,D,Significant Concerns,24.5
CD013875_pub2_data__A9,CD013875,92.0,100.0,60.0,3.8,25.0,56,D,Significant Concerns,24.5
CD012079_pub2_data__A19,CD012079,80.0,100.0,0.0,0.1,100.0,56,D,Significant Concerns,24.5
CD014861_pub2_data__A9,CD014861,92.0,100.0,60.0,1.3,25.0,56,D,Significant Concerns,24.5
CD013591_pub2_data__A4,CD013591,80.0,100.0,0.0,1.3,100.0,56,D,Significant Concerns,24.5
CD015518_data__A4,CD015518,80.0,100.0,0.0,0.3,100.0,56,D,Significant Concerns,24.5
CD006689_pub3_data__A10,CD006689,80.0,100.0,0.0,1.8,100.0,56,D,Significant Concerns,24.5
CD014871_pub2_data__A39,CD014871,92.0,100.0,60.0,1.1,25.0,56,D,Significant Concerns,24.5
CD014871_pub2_data__A4,CD014871,92.0,100.0,60.0,1.1,25.0,56,D,Significant Concerns,24.5
CD014871_pub2_data__A40,CD014871,92.0,100.0,60.0,1.1,25.0,56,D,Significant Concerns,24.5
CD014871_pub2_data__A13,CD014871,92.0,100.0,60.0,1.1,25.0,56,D,Significant Concerns,24.5
CD014871_pub2_data__A14,CD014871,92.0,100.0,60.0,1.1,25.0,56,D,Significant Concerns,24.5
CD014871_pub2_data__A15,CD014871,92.0,100.0,60.0,1.1,25.0,56,D,Significant Concerns,24.5
CD014871_pub2_data__A16,CD014871,92.0,100.0,60.0,1.1,25.0,56,D,Significant Concerns,24.5
CD014871_pub2_data__A17,CD014871,92.0,100.0,60.0,1.1,25.0,56,D,Significant Concerns,24.5
CD014871_pub2_data__A18,CD014871,92.0,100.0,60.0,1.1,25.0,56,D,Significant Concerns,24.5
CD014871_pub2_data__A19,CD014871,92.0,100.0,60.0,1.1,25.0,56,D,Significant Concerns,24.5
CD014871_pub2_data__A2,CD014871,92.0,100.0,60.0,1.1,25.0,56,D,Significant Concerns,24.5
CD014871_pub2_data__A20,CD014871,92.0,100.0,60.0,1.1,25.0,56,D,Significant Concerns,24.5
CD014871_pub2_data__A21,CD014871,92.0,100.0,60.0,1.1,25.0,56,D,Significant Concerns,24.5
CD014871_pub2_data__A22,CD014871,92.0,100.0,60.0,1.1,25.0,56,D,Significant Concerns,24.5
CD014871_pub2_data__A23,CD014871,92.0,100.0,60.0,1.1,25.0,56,D,Significant Concerns,24.5
CD014871_pub2_data__A24,CD014871,92.0,100.0,60.0,1.1,25.0,56,D,Significant Concerns,24.5
CD014871_pub2_data__A52,CD014871,92.0,100.0,60.0,1.1,25.0,56,D,Significant Concerns,24.5
CD014871_pub2_data__A53,CD014871,92.0,100.0,60.0,1.1,25.0,56,D,Significant Concerns,24.5
CD014871_pub2_data__A54,CD014871,92.0,100.0,60.0,1.1,25.0,56,D,Significant Concerns,24.5
CD014871_pub2_data__A55,CD014871,92.0,100.0,60.0,1.1,25.0,56,D,Significant Concerns,24.5
CD014871_pub2_data__A27,CD014871,92.0,100.0,60.0,1.1,25.0,56,D,Significant Concerns,24.5
CD014871_pub2_data__A28,CD014871,92.0,100.0,60.0,1.1,25.0,56,D,Significant Concerns,24.5
CD014871_pub2_data__A29,CD014871,92.0,100.0,60.0,1.1,25.0,56,D,Significant Concerns,24.5
CD014871_pub2_data__A3,CD014871,100.0,100.0,30.0,1.1,50.0,56,D,Significant Concerns,24.5
CD014871_pub2_data__A30,CD014871,92.0,100.0,60.0,1.1,25.0,56,D,Significant Concerns,24.5
CD014871_pub2_data__A31,CD014871,92.0,100.0,60.0,1.1,25.0,56,D,Significant Concerns,24.5
CD014871_pub2_data__A32,CD014871,92.0,100.0,60.0,1.1,25.0,56,D,Significant Concerns,24.5
CD014871_pub2_data__A33,CD014871,92.0,100.0,60.0,1.1,25.0,56,D,Significant Concerns,24.5
CD014871_pub2_data__A35,CD014871,92.0,100.0,60.0,1.1,25.0,56,D,Significant Concerns,24.5
CD014871_pub2_data__A36,CD014871,92.0,100.0,60.0,1.1,25.0,56,D,Significant Concerns,24.5
CD014871_pub2_data__A37,CD014871,92.0,100.0,60.0,1.1,25.0,56,D,Significant Concerns,24.5
CD014871_pub2_data__A38,CD014871,92.0,100.0,60.0,1.1,25.0,56,D,Significant Concerns,24.5
CD014871_pub2_data__A64,CD014871,92.0,100.0,60.0,1.1,25.0,56,D,Significant Concerns,24.5
CD014871_pub2_data__A65,CD014871,92.0,100.0,60.0,1.1,25.0,56,D,Significant Concerns,24.5
CD014871_pub2_data__A66,CD014871,92.0,100.0,60.0,1.1,25.0,56,D,Significant Concerns,24.5
CD014871_pub2_data__A7,CD014871,92.0,100.0,60.0,1.1,25.0,56,D,Significant Concerns,24.5
CD014871_pub2_data__A8,CD014871,92.0,100.0,60.0,1.1,25.0,56,D,Significant Concerns,24.5
CD014871_pub2_data__A41,CD014871,92.0,100.0,60.0,1.1,25.0,56,D,Significant Concerns,24.5
CD014871_pub2_data__A42,CD014871,92.0,100.0,60.0,1.1,25.0,56,D,Significant Concerns,24.5
CD014871_pub2_data__A43,CD014871,92.0,100.0,60.0,1.1,25.0,56,D,Significant Concerns,24.5
CD014871_pub2_data__A44,CD014871,92.0,100.0,60.0,1.1,25.0,56,D,Significant Concerns,24.5
CD014871_pub2_data__A46,CD014871,92.0,100.0,60.0,1.1,25.0,56,D,Significant Concerns,24.5
CD014871_pub2_data__A47,CD014871,92.0,100.0,60.0,1.1,25.0,56,D,Significant Concerns,24.5
CD014871_pub2_data__A48,CD014871,92.0,100.0,60.0,1.1,25.0,56,D,Significant Concerns,24.5
CD014871_pub2_data__A49,CD014871,92.0,100.0,60.0,1.1,25.0,56,D,Significant Concerns,24.5
CD014871_pub2_data__A5,CD014871,92.0,100.0,60.0,1.1,25.0,56,D,Significant Concerns,24.5
CD014871_pub2_data__A50,CD014871,92.0,100.0,60.0,1.1,25.0,56,D,Significant Concerns,24.5
CD014871_pub2_data__A51,CD014871,92.0,100.0,60.0,1.1,25.0,56,D,Significant Concerns,24.5
CD013875_pub2_data__A2,CD013875,80.0,100.0,20.0,3.8,75.0,56,D,Significant Concerns,24.5
CD013875_pub2_data__A5,CD013875,92.0,100.0,60.0,3.8,25.0,56,D,Significant Concerns,24.5
CD014871_pub2_data__A56,CD014871,92.0,100.0,60.0,1.1,25.0,56,D,Significant Concerns,24.5
CD016064_data__A5,CD016064,80.0,100.0,0.0,0.2,100.0,56,D,Significant Concerns,24.5
CD008309_pub3_data__A25,CD008309,92.0,100.0,60.0,1.3,25.0,56,D,Significant Concerns,24.5
CD008309_pub3_data__A27,CD008309,92.0,100.0,60.0,1.3,25.0,56,D,Significant Concerns,24.5
CD008309_pub3_data__A28,CD008309,92.0,100.0,60.0,1.3,25.0,56,D,Significant Concerns,24.5
CD008349_pub5_data__A12,CD008349,100.0,100.0,30.0,0.5,50.0,56,D,Significant Concerns,24.5
CD014871_pub2_data__A57,CD014871,92.0,100.0,60.0,1.1,25.0,56,D,Significant Concerns,24.5
CD014871_pub2_data__A58,CD014871,92.0,100.0,60.0,1.1,25.0,56,D,Significant Concerns,24.5
CD014871_pub2_data__A59,CD014871,92.0,100.0,60.0,1.1,25.0,56,D,Significant Concerns,24.5
CD014871_pub2_data__A6,CD014871,92.0,100.0,60.0,1.1,25.0,56,D,Significant Concerns,24.5
CD014871_pub2_data__A60,CD014871,92.0,100.0,60.0,1.1,25.0,56,D,Significant Concerns,24.5
CD014871_pub2_data__A61,CD014871,92.0,100.0,60.0,1.1,25.0,56,D,Significant Concerns,24.5
CD014871_pub2_data__A62,CD014871,92.0,100.0,60.0,1.1,25.0,56,D,Significant Concerns,24.5
CD014871_pub2_data__A63,CD014871,92.0,100.0,60.0,1.1,25.0,56,D,Significant Concerns,24.5
CD015849_pub2_data__A32,CD015849,92.0,100.0,60.0,0.8,25.0,56,D,Significant Concerns,24.5
CD015849_pub2_data__A33,CD015849,92.0,100.0,60.0,0.8,25.0,56,D,Significant Concerns,24.5
CD015849_pub2_data__A35,CD015849,92.0,100.0,60.0,0.8,25.0,56,D,Significant Concerns,24.5
CD004762_pub3_data__A1,CD004762,100.0,100.0,30.0,1.2,50.0,56,D,Significant Concerns,24.5
CD004762_pub3_data__A3,CD004762,100.0,100.0,30.0,1.2,50.0,56,D,Significant Concerns,24.5
CD008493_pub5_data__A1,CD008493,80.0,100.0,0.0,0.4,100.0,56,D,Significant Concerns,24.5
CD008493_pub5_data__A6,CD008493,80.0,100.0,0.0,0.4,100.0,56,D,Significant Concerns,24.5
CD008493_pub5_data__A7,CD008493,80.0,100.0,0.0,0.4,100.0,56,D,Significant Concerns,24.5
CD013853_pub2_data__A2,CD013853,80.0,100.0,0.0,50.0,50.0,56,D,Significant Concerns,24.5
CD013054_pub3_data__A7,CD013054,84.0,40.0,80.0,0.1,75.0,56,D,Significant Concerns,24.5
CD013875_pub2_data__A13,CD013875,92.0,100.0,60.0,3.8,25.0,56,D,Significant Concerns,24.5
CD013875_pub2_data__A14,CD013875,92.0,100.0,60.0,3.8,25.0,56,D,Significant Concerns,24.5
CD013875_pub2_data__A15,CD013875,92.0,100.0,60.0,3.8,25.0,56,D,Significant Concerns,24.5
CD013875_pub2_data__A16,CD013875,92.0,100.0,60.0,3.8,25.0,56,D,Significant Concerns,24.5
CD013875_pub2_data__A17,CD013875,92.0,100.0,60.0,3.8,25.0,56,D,Significant Concerns,24.5
CD013875_pub2_data__A18,CD013875,92.0,100.0,60.0,3.8,25.0,56,D,Significant Concerns,24.5
CD014852_pub2_data__A2,CD014852,72.0,100.0,0.0,6.0,100.0,56,D,Significant Concerns,24.5
CD007837_pub3_data__A1,CD007837,80.0,100.0,0.0,50.0,50.0,56,D,Significant Concerns,24.5
CD015331_pub2_data__A38,CD015331,84.0,100.0,70.0,0.7,25.0,56,D,Significant Concerns,24.5
CD007872_pub4_data__A14,CD007872,64.0,100.0,40.0,25.2,50.0,56,D,Significant Concerns,24.5
CD014872_pub2_data__A6,CD014872,80.0,100.0,0.0,1.3,100.0,56,D,Significant Concerns,24.5
CD008349_pub5_data__A8,CD008349,80.0,100.0,0.0,0.5,100.0,56,D,Significant Concerns,24.5
CD008309_pub3_data__A22,CD008309,92.0,100.0,60.0,1.3,25.0,56,D,Significant Concerns,24.5
CD008309_pub3_data__A23,CD008309,92.0,100.0,60.0,1.3,25.0,56,D,Significant Concerns,24.5
CD014871_pub2_data__A1,CD014871,92.0,100.0,60.0,1.1,25.0,56,D,Significant Concerns,24.5
CD014871_pub2_data__A10,CD014871,92.0,100.0,60.0,1.1,25.0,56,D,Significant Concerns,24.5
CD014871_pub2_data__A11,CD014871,92.0,100.0,60.0,1.1,25.0,56,D,Significant Concerns,24.5
CD012993_pub2_data__A1,CD012993,100.0,100.0,30.0,0.4,50.0,56,D,Significant Concerns,24.5
CD012993_pub2_data__A2,CD012993,100.0,100.0,30.0,0.4,50.0,56,D,Significant Concerns,24.5
CD013042_pub2_data__A5,CD013042,80.0,100.0,0.0,1.4,100.0,56,D,Significant Concerns,24.5
CD015849_pub2_data__A30,CD015849,92.0,100.0,60.0,0.8,25.0,56,D,Significant Concerns,24.5
CD015849_pub2_data__A31,CD015849,92.0,100.0,60.0,0.8,25.0,56,D,Significant Concerns,24.5
CD013827_pub2_data__A14,CD013827,92.0,100.0,40.0,0.2,50.0,56,D,Significant Concerns,24.5
CD013105_pub2_data__A4,CD013105,80.0,100.0,0.0,1.3,100.0,56,D,Significant Concerns,24.5
CD005187_pub6_data__A3,CD005187,92.0,100.0,60.0,3.5,25.0,56,D,Significant Concerns,24.5
CD004762_pub3_data__A4,CD004762,100.0,100.0,30.0,1.2,50.0,56,D,Significant Concerns,24.5
CD004762_pub3_data__A5,CD004762,92.0,100.0,60.0,1.2,25.0,56,D,Significant Concerns,24.5
CD014861_pub2_data__A10,CD014861,100.0,100.0,30.0,1.3,50.0,56,D,Significant Concerns,24.5
CD014861_pub2_data__A2,CD014861,92.0,100.0,60.0,1.3,25.0,56,D,Significant Concerns,24.5
CD015160_pub2_data__A2,CD015160,80.0,100.0,0.0,1.7,100.0,56,D,Significant Concerns,24.5
CD015160_pub2_data__A3,CD015160,100.0,100.0,30.0,1.7,50.0,56,D,Significant Concerns,24.5
CD015160_pub2_data__A6,CD015160,100.0,100.0,30.0,1.7,50.0,56,D,Significant Concerns,24.5
CD004871_pub5_data__A1,CD004871,80.0,100.0,0.0,0.1,100.0,56,D,Significant Concerns,24.5
CD004871_pub5_data__A13,CD004871,100.0,100.0,30.0,0.1,50.0,56,D,Significant Concerns,24.5
CD014541_pub2_data__A10,CD014541,92.0,100.0,60.0,1.3,25.0,56,D,Significant Concerns,24.5
CD015213_pub2_data__A14,CD015213,92.0,100.0,60.0,3.1,25.0,56,D,Significant Concerns,24.5
CD014852_pub2_data__A16,CD014852,80.0,100.0,20.0,6.0,75.0,56,D,Significant Concerns,24.5
CD014852_pub2_data__A17,CD014852,80.0,100.0,20.0,6.0,75.0,56,D,Significant Concerns,24.5
CD015849_pub2_data__A42,CD015849,92.0,100.0,60.0,0.8,25.0,56,D,Significant Concerns,24.5
CD011806_pub2_data__A1,CD011806,60.0,100.0,20.0,50.0,50.0,56,D,Significant Concerns,24.5
CD013331_pub2_data__A4,CD013331,60.0,100.0,20.0,50.0,50.0,56,D,Significant Concerns,24.5
CD013342_pub2_data__A12,CD013342,100.0,100.0,30.0,0.4,50.0,56,D,Significant Concerns,24.5
CD013295_pub2_data__A10,CD013295,100.0,100.0,30.0,0.5,50.0,56,D,Significant Concerns,24.5
CD013295_pub2_data__A3,CD013295,80.0,100.0,0.0,0.5,100.0,56,D,Significant Concerns,24.5
CD015746_pub2_data__A2,CD015746,32.0,100.0,50.0,0.1,100.0,56,D,Significant Concerns,24.5
CD015746_pub2_data__A3,CD015746,32.0,100.0,50.0,0.1,100.0,56,D,Significant Concerns,24.5
CD002115_pub6_data__A6,CD002115,100.0,100.0,30.0,0.0,50.0,56,D,Significant Concerns,24.5
CD013295_pub2_data__A6,CD013295,80.0,100.0,0.0,0.5,100.0,56,D,Significant Concerns,24.5
CD013295_pub2_data__A7,CD013295,80.0,100.0,0.0,0.5,100.0,56,D,Significant Concerns,24.5
CD011793_pub3_data__A9,CD011793,92.0,100.0,60.0,1.3,25.0,56,D,Significant Concerns,24.5
CD007639_pub3_data__A3,CD007639,80.0,100.0,0.0,0.4,100.0,56,D,Significant Concerns,24.5
CD013294_pub2_data__A4,CD013294,80.0,100.0,0.0,50.0,50.0,56,D,Significant Concerns,24.5
CD013294_pub2_data__A6,CD013294,80.0,100.0,0.0,50.0,50.0,56,D,Significant Concerns,24.5
CD013232_pub2_data__A2,CD013232,72.0,80.0,20.0,8.2,100.0,56,D,Significant Concerns,24.5
CD011793_pub3_data__A11,CD011793,100.0,100.0,30.0,1.3,50.0,56,D,Significant Concerns,24.5
CD011793_pub3_data__A2,CD011793,80.0,100.0,0.0,1.3,100.0,56,D,Significant Concerns,24.5
CD016120_data__A10,CD016120,92.0,100.0,60.0,0.9,25.0,56,D,Significant Concerns,24.5
CD016120_data__A15,CD016120,92.0,100.0,60.0,0.9,25.0,56,D,Significant Concerns,24.5
CD016120_data__A16,CD016120,92.0,100.0,60.0,0.9,25.0,56,D,Significant Concerns,24.5
CD014852_pub2_data__A20,CD014852,92.0,100.0,30.0,6.0,50.0,56,D,Significant Concerns,24.5
CD014852_pub2_data__A3,CD014852,72.0,100.0,0.0,6.0,100.0,56,D,Significant Concerns,24.5
CD014541_pub2_data__A21,CD014541,92.0,100.0,60.0,1.3,25.0,56,D,Significant Concerns,24.5
CD014541_pub2_data__A23,CD014541,92.0,100.0,60.0,1.3,25.0,56,D,Significant Concerns,24.5
CD014541_pub2_data__A24,CD014541,92.0,100.0,60.0,1.3,25.0,56,D,Significant Concerns,24.5
CD014541_pub2_data__A25,CD014541,92.0,100.0,60.0,1.3,25.0,56,D,Significant Concerns,24.5
CD014541_pub2_data__A28,CD014541,92.0,100.0,60.0,1.3,25.0,56,D,Significant Concerns,24.5
CD015326_pub2_data__A31,CD015326,92.0,100.0,60.0,2.6,25.0,56,D,Significant Concerns,24.5
CD012067_pub3_data__A7,CD012067,80.0,100.0,0.0,0.3,100.0,56,D,Significant Concerns,24.5
CD014833_pub2_data__A8,CD014833,80.0,100.0,20.0,2.7,75.0,56,D,Significant Concerns,24.5
CD015849_pub2_data__A38,CD015849,92.0,100.0,60.0,0.8,25.0,56,D,Significant Concerns,24.5
CD016120_data__A3,CD016120,92.0,100.0,60.0,0.9,25.0,56,D,Significant Concerns,24.5
CD016120_data__A5,CD016120,92.0,100.0,60.0,0.9,25.0,56,D,Significant Concerns,24.5
CD016120_data__A19,CD016120,92.0,100.0,60.0,0.9,25.0,56,D,Significant Concerns,24.5
CD011778_pub2_data__A1,CD011778,80.0,100.0,0.0,0.2,100.0,56,D,Significant Concerns,24.5
CD011778_pub2_data__A5,CD011778,80.0,100.0,0.0,0.2,100.0,56,D,Significant Concerns,24.5
CD011039_pub2_data__A5,CD011039,100.0,100.0,30.0,1.2,50.0,56,D,Significant Concerns,24.5
CD011039_pub2_data__A7,CD011039,92.0,100.0,60.0,1.2,25.0,56,D,Significant Concerns,24.5
CD011039_pub2_data__A8,CD011039,92.0,100.0,60.0,1.2,25.0,56,D,Significant Concerns,24.5
CD011039_pub2_data__A9,CD011039,100.0,100.0,30.0,1.2,50.0,56,D,Significant Concerns,24.5
CD014941_pub2_data__A10,CD014941,64.0,100.0,50.0,16.7,50.0,56,D,Significant Concerns,24.5
CD015331_pub2_data__A67,CD015331,84.0,100.0,70.0,0.7,25.0,56,D,Significant Concerns,24.5
CD015331_pub2_data__A8,CD015331,56.0,100.0,50.0,0.7,75.0,56,D,Significant Concerns,24.5
CD013344_pub2_data__A11,CD013344,100.0,100.0,30.0,1.6,50.0,56,D,Significant Concerns,24.5
CD013344_pub2_data__A13,CD013344,92.0,100.0,60.0,1.6,25.0,56,D,Significant Concerns,24.5
CD013344_pub2_data__A15,CD013344,92.0,100.0,60.0,1.6,25.0,56,D,Significant Concerns,24.5
CD014937_pub2_data__A2,CD014937,80.0,100.0,0.0,0.1,100.0,56,D,Significant Concerns,24.5
CD013358_pub2_data__A10,CD013358,100.0,100.0,30.0,0.3,50.0,56,D,Significant Concerns,24.5
CD013358_pub2_data__A11,CD013358,100.0,100.0,30.0,0.3,50.0,56,D,Significant Concerns,24.5
CD013358_pub2_data__A19,CD013358,100.0,100.0,30.0,0.3,50.0,56,D,Significant Concerns,24.5
CD013800_pub2_data__A1,CD013800,92.0,100.0,60.0,2.5,25.0,56,D,Significant Concerns,24.5
CD003477_pub5_data__A2,CD003477,80.0,100.0,0.0,0.5,100.0,56,D,Significant Concerns,24.5
CD013800_pub2_data__A8,CD013800,56.0,100.0,20.0,2.5,100.0,56,D,Significant Concerns,24.5
CD015331_pub2_data__A9,CD015331,84.0,100.0,70.0,0.7,25.0,56,D,Significant Concerns,24.5
CD013353_pub2_data__A3,CD013353,100.0,100.0,30.0,0.4,50.0,56,D,Significant Concerns,24.5
CD013355_pub2_data__A3,CD013355,92.0,100.0,60.0,1.4,25.0,56,D,Significant Concerns,24.5
CD013342_pub2_data__A8,CD013342,100.0,100.0,30.0,0.4,50.0,56,D,Significant Concerns,24.5
CD013342_pub2_data__A9,CD013342,100.0,100.0,30.0,0.4,50.0,56,D,Significant Concerns,24.5
CD013344_pub2_data__A1,CD013344,80.0,100.0,0.0,1.6,100.0,56,D,Significant Concerns,24.5
CD016120_data__A20,CD016120,92.0,100.0,60.0,0.9,25.0,56,D,Significant Concerns,24.5
CD016120_data__A21,CD016120,92.0,100.0,60.0,0.9,25.0,56,D,Significant Concerns,24.5
CD016120_data__A22,CD016120,92.0,100.0,60.0,0.9,25.0,56,D,Significant Concerns,24.5
CD016120_data__A23,CD016120,92.0,100.0,60.0,0.9,25.0,56,D,Significant Concerns,24.5
CD014844_pub2_data__A4,CD014844,92.0,100.0,60.0,3.6,25.0,56,D,Significant Concerns,24.5
CD014844_pub2_data__A5,CD014844,92.0,100.0,60.0,3.6,25.0,56,D,Significant Concerns,24.5
CD014820_pub2_data__A5,CD014820,80.0,100.0,0.0,0.5,100.0,56,D,Significant Concerns,24.5
CD014833_pub2_data__A10,CD014833,92.0,100.0,60.0,2.7,25.0,56,D,Significant Concerns,24.5
CD014833_pub2_data__A11,CD014833,92.0,100.0,60.0,2.7,25.0,56,D,Significant Concerns,24.5
CD001321_pub7_data__A5,CD001321,80.0,100.0,0.0,0.4,100.0,56,D,Significant Concerns,24.5
CD011039_pub2_data__A10,CD011039,92.0,100.0,60.0,1.2,25.0,56,D,Significant Concerns,24.5
CD013781_pub2_data__A5,CD013781,80.0,100.0,0.0,0.6,100.0,56,D,Significant Concerns,24.5
CD006140_pub3_data__A2,CD006140,64.0,100.0,40.0,0.3,75.0,56,D,Significant Concerns,24.5
CD006182_pub3_data__A3,CD006182,72.0,100.0,0.0,5.7,100.0,56,D,Significant Concerns,24.5
CD006182_pub3_data__A5,CD006182,92.0,100.0,30.0,5.7,50.0,56,D,Significant Concerns,24.5
CD013358_pub2_data__A7,CD013358,100.0,100.0,30.0,0.3,50.0,56,D,Significant Concerns,24.5
CD011626_pub3_data__A6,CD011626,92.0,100.0,30.0,8.6,50.0,56,D,Significant Concerns,24.5
CD015140_pub2_data__A15,CD015140,92.0,100.0,60.0,0.7,25.0,56,D,Significant Concerns,24.5
CD014959_pub2_data__A6,CD014959,92.0,100.0,60.0,2.3,25.0,56,D,Significant Concerns,24.5
CD004667_pub6_data__A16,CD004667,92.0,100.0,60.0,1.4,25.0,56,D,Significant Concerns,24.5
CD006185_pub6_data__A7,CD006185,92.0,50.0,40.0,0.5,100.0,56,D,Significant Concerns,24.5
CD009730_pub3_data__A1,CD009730,72.0,100.0,0.0,6.5,100.0,56,D,Significant Concerns,24.5
CD015140_pub2_data__A10,CD015140,80.0,100.0,0.0,0.7,100.0,56,D,Significant Concerns,24.5
CD016120_data__A6,CD016120,92.0,100.0,60.0,0.9,25.0,56,D,Significant Concerns,24.5
CD016120_data__A7,CD016120,92.0,100.0,60.0,0.9,25.0,56,D,Significant Concerns,24.5
CD016120_data__A9,CD016120,92.0,100.0,60.0,0.9,25.0,56,D,Significant Concerns,24.5
CD012942_pub2_data__A11,CD012942,92.0,100.0,60.0,0.8,25.0,56,D,Significant Concerns,24.5
CD015849_pub2_data__A44,CD015849,92.0,100.0,60.0,0.8,25.0,56,D,Significant Concerns,24.5
CD015849_pub2_data__A45,CD015849,92.0,100.0,60.0,0.8,25.0,56,D,Significant Concerns,24.5
CD015849_pub2_data__A47,CD015849,92.0,100.0,60.0,0.8,25.0,56,D,Significant Concerns,24.5
CD015849_pub2_data__A49,CD015849,92.0,100.0,60.0,0.8,25.0,56,D,Significant Concerns,24.5
CD014541_pub2_data__A6,CD014541,92.0,100.0,60.0,1.3,25.0,56,D,Significant Concerns,24.5
CD014541_pub2_data__A7,CD014541,92.0,100.0,60.0,1.3,25.0,56,D,Significant Concerns,24.5
CD014541_pub2_data__A9,CD014541,92.0,100.0,60.0,1.3,25.0,56,D,Significant Concerns,24.5
CD014844_pub2_data__A2,CD014844,92.0,100.0,60.0,3.6,25.0,56,D,Significant Concerns,24.5
CD014844_pub2_data__A3,CD014844,92.0,100.0,60.0,3.6,25.0,56,D,Significant Concerns,24.5
CD006404_pub5_data__A15,CD006404,92.0,100.0,60.0,0.8,25.0,56,D,Significant Concerns,24.5
CD006404_pub5_data__A18,CD006404,92.0,100.0,60.0,0.8,25.0,56,D,Significant Concerns,24.5
CD013781_pub2_data__A1,CD013781,60.0,100.0,20.0,0.6,100.0,56,D,Significant Concerns,24.5
CD003218_pub3_data__A2,CD003218,100.0,100.0,30.0,1.1,50.0,56,D,Significant Concerns,24.5
CD003218_pub3_data__A3,CD003218,92.0,100.0,60.0,1.1,25.0,56,D,Significant Concerns,24.5
CD003218_pub3_data__A4,CD003218,92.0,100.0,60.0,1.1,25.0,56,D,Significant Concerns,24.5
CD003218_pub3_data__A5,CD003218,100.0,100.0,30.0,1.1,50.0,56,D,Significant Concerns,24.5
CD009730_pub3_data__A15,CD009730,92.0,100.0,30.0,6.5,50.0,56,D,Significant Concerns,24.5
CD009730_pub3_data__A4,CD009730,72.0,100.0,0.0,6.5,100.0,56,D,Significant Concerns,24.5
CD013781_pub2_data__A20,CD013781,92.0,100.0,60.0,0.6,25.0,56,D,Significant Concerns,24.5
CD013781_pub2_data__A23,CD013781,92.0,100.0,60.0,0.6,25.0,56,D,Significant Concerns,24.5
CD013781_pub2_data__A24,CD013781,92.0,100.0,60.0,0.6,25.0,56,D,Significant Concerns,24.5
CD013781_pub2_data__A26,CD013781,92.0,100.0,60.0,0.6,25.0,56,D,Significant Concerns,24.5
CD013774_pub2_data__A2,CD013774,92.0,100.0,30.0,7.5,50.0,56,D,Significant Concerns,24.5
CD013358_pub2_data__A8,CD013358,100.0,100.0,30.0,0.3,50.0,56,D,Significant Concerns,24.5
CD006185_pub6_data__A2,CD006185,72.0,100.0,10.0,0.5,100.0,56,D,Significant Concerns,24.5
CD014833_pub2_data__A13,CD014833,92.0,100.0,60.0,2.7,25.0,56,D,Significant Concerns,24.5
CD014833_pub2_data__A2,CD014833,92.0,100.0,60.0,2.7,25.0,56,D,Significant Concerns,24.5
CD014833_pub2_data__A5,CD014833,92.0,100.0,60.0,2.7,25.0,56,D,Significant Concerns,24.5
CD014833_pub2_data__A6,CD014833,92.0,100.0,60.0,2.7,25.0,56,D,Significant Concerns,24.5
CD002243_pub5_data__A16,CD002243,80.0,100.0,0.0,0.1,100.0,56,D,Significant Concerns,24.5
CD006404_pub5_data__A6,CD006404,80.0,100.0,0.0,0.8,100.0,56,D,Significant Concerns,24.5
CD013745_pub2_data__A5,CD013745,92.0,100.0,30.0,7.0,50.0,56,D,Significant Concerns,24.5
CD007130_pub5_data__A7,CD007130,100.0,100.0,30.0,1.7,50.0,56,D,Significant Concerns,24.5
CD010856_pub3_data__A6,CD010856,80.0,100.0,0.0,0.1,100.0,56,D,Significant Concerns,24.5
CD010856_pub3_data__A7,CD010856,80.0,100.0,0.0,0.1,100.0,56,D,Significant Concerns,24.5
CD009022_pub4_data__A9,CD009022,100.0,100.0,30.0,1.1,50.0,56,D,Significant Concerns,24.5
CD001396_pub4_data__A1,CD001396,80.0,100.0,0.0,0.3,100.0,56,D,Significant Concerns,24.5
CD013414_pub2_data__A4,CD013414,72.0,90.0,20.0,0.2,100.0,56,D,Significant Concerns,24.5
CD006404_pub5_data__A19,CD006404,92.0,100.0,60.0,0.8,25.0,56,D,Significant Concerns,24.5
CD013763_pub3_data__A10,CD013763,100.0,100.0,30.0,0.4,50.0,56,D,Significant Concerns,24.5
CD013763_pub3_data__A11,CD013763,80.0,100.0,0.0,0.4,100.0,56,D,Significant Concerns,24.5
CD015387_pub2_data__A2,CD015387,64.0,100.0,40.0,0.2,75.0,56,D,Significant Concerns,24.5
CD013731_pub2_data__A1,CD013731,60.0,100.0,20.0,50.0,50.0,56,D,Significant Concerns,24.5
CD013745_pub2_data__A1,CD013745,80.0,100.0,20.0,7.0,75.0,56,D,Significant Concerns,24.5
CD013745_pub2_data__A2,CD013745,80.0,100.0,20.0,7.0,75.0,56,D,Significant Concerns,24.5
CD012850_pub2_data__A6,CD012850,100.0,100.0,30.0,25.7,25.0,56,D,Significant Concerns,24.5
CD015326_pub2_data__A27,CD015326,92.0,100.0,60.0,2.6,25.0,56,D,Significant Concerns,24.5
CD014541_pub2_data__A5,CD014541,92.0,100.0,60.0,1.3,25.0,56,D,Significant Concerns,24.5
CD012905_pub2_data__A5,CD012905,100.0,100.0,30.0,0.7,50.0,56,D,Significant Concerns,24.5
CD015849_pub2_data__A36,CD015849,92.0,100.0,60.0,0.8,25.0,56,D,Significant Concerns,24.5
CD015849_pub2_data__A37,CD015849,92.0,100.0,60.0,0.8,25.0,56,D,Significant Concerns,24.5
CD001703_pub4_data__A3,CD001703,92.0,100.0,60.0,0.5,25.0,56,D,Significant Concerns,24.5
CD001703_pub4_data__A5,CD001703,92.0,100.0,60.0,0.5,25.0,56,D,Significant Concerns,24.5
CD001703_pub4_data__A7,CD001703,92.0,100.0,60.0,0.5,25.0,56,D,Significant Concerns,24.5
CD001703_pub4_data__A9,CD001703,92.0,100.0,60.0,0.5,25.0,56,D,Significant Concerns,24.5
CD012757_pub2_data__A5,CD012757,92.0,100.0,60.0,0.8,25.0,56,D,Significant Concerns,24.5
CD014833_pub2_data__A12,CD014833,92.0,100.0,60.0,2.7,25.0,56,D,Significant Concerns,24.5
CD009235_pub4_data__A4,CD009235,80.0,100.0,0.0,2.1,100.0,56,D,Significant Concerns,24.5
CD015432_pub2_data__A10,CD015432,100.0,100.0,30.0,0.3,50.0,56,D,Significant Concerns,24.5
CD015432_pub2_data__A12,CD015432,100.0,100.0,30.0,0.3,50.0,56,D,Significant Concerns,24.5
CD015432_pub2_data__A2,CD015432,80.0,100.0,0.0,0.3,100.0,56,D,Significant Concerns,24.5
CD015432_pub2_data__A4,CD015432,100.0,100.0,30.0,0.3,50.0,56,D,Significant Concerns,24.5
CD015432_pub2_data__A5,CD015432,100.0,100.0,30.0,0.3,50.0,56,D,Significant Concerns,24.5
CD013715_pub2_data__A14,CD013715,100.0,100.0,30.0,0.2,50.0,56,D,Significant Concerns,24.5
CD013715_pub2_data__A16,CD013715,100.0,100.0,30.0,0.2,50.0,56,D,Significant Concerns,24.5
CD013715_pub2_data__A18,CD013715,100.0,100.0,30.0,0.2,50.0,56,D,Significant Concerns,24.5
CD013715_pub2_data__A6,CD013715,100.0,100.0,30.0,0.2,50.0,56,D,Significant Concerns,24.5
CD009235_pub4_data__A5,CD009235,80.0,100.0,0.0,2.1,100.0,56,D,Significant Concerns,24.5
CD009235_pub4_data__A6,CD009235,80.0,100.0,0.0,2.1,100.0,56,D,Significant Concerns,24.5
CD016148_data__A3,CD016148,80.0,100.0,0.0,0.4,100.0,56,D,Significant Concerns,24.5
CD009102_pub2_data__A11,CD009102,84.0,100.0,70.0,0.9,25.0,56,D,Significant Concerns,24.5
CD003216_pub3_data__A2,CD003216,80.0,100.0,10.0,12.5,75.0,56,D,Significant Concerns,24.5
CD013719_pub2_data__A2,CD013719,80.0,100.0,0.0,0.2,100.0,56,D,Significant Concerns,24.5
CD004508_pub5_data__A13,CD004508,92.0,100.0,60.0,4.4,25.0,56,D,Significant Concerns,24.5
CD004508_pub5_data__A17,CD004508,92.0,100.0,60.0,4.4,25.0,56,D,Significant Concerns,24.5
CD009235_pub4_data__A14,CD009235,80.0,100.0,0.0,2.1,100.0,56,D,Significant Concerns,24.5
CD004736_pub6_data__A34,CD004736,80.0,100.0,0.0,0.3,100.0,56,D,Significant Concerns,24.5
CD012214_pub3_data__A3,CD012214,100.0,100.0,30.0,0.5,50.0,56,D,Significant Concerns,24.5
CD012693_pub3_data__A28,CD012693,76.0,100.0,30.0,0.1,75.0,56,D,Significant Concerns,24.5
CD012693_pub3_data__A32,CD012693,100.0,100.0,30.0,0.1,50.0,56,D,Significant Concerns,24.5
CD014585_pub2_data__A6,CD014585,92.0,100.0,60.0,0.9,25.0,56,D,Significant Concerns,24.5
CD001797_pub4_data__A4,CD001797,100.0,100.0,30.0,0.2,50.0,56,D,Significant Concerns,24.5
CD015284_pub2_data__A8,CD015284,100.0,100.0,30.0,0.3,50.0,56,D,Significant Concerns,24.5
CD014820_pub2_data__A4,CD014820,80.0,100.0,0.0,0.5,100.0,56,D,Significant Concerns,24.5
CD015284_pub2_data__A13,CD015284,100.0,100.0,30.0,0.3,50.0,56,D,Significant Concerns,24.5
CD012693_pub3_data__A35,CD012693,100.0,100.0,30.0,0.1,50.0,56,D,Significant Concerns,24.5
CD008176_pub3_data__A17,CD008176,80.0,100.0,0.0,0.5,100.0,56,D,Significant Concerns,24.5
CD009235_pub4_data__A17,CD009235,80.0,100.0,0.0,2.1,100.0,56,D,Significant Concerns,24.5
CD009235_pub4_data__A20,CD009235,80.0,100.0,0.0,2.1,100.0,56,D,Significant Concerns,24.5
CD001703_pub4_data__A17,CD001703,92.0,100.0,60.0,0.5,25.0,56,D,Significant Concerns,24.5
CD001703_pub4_data__A18,CD001703,92.0,100.0,60.0,0.5,25.0,56,D,Significant Concerns,24.5
CD008309_pub3_data__A11,CD008309,100.0,100.0,30.0,1.3,50.0,56,D,Significant Concerns,24.5
CD008309_pub3_data__A12,CD008309,100.0,100.0,30.0,1.3,50.0,56,D,Significant Concerns,24.5
CD014758_pub3_data__A5,CD014758,92.0,100.0,60.0,1.5,25.0,56,D,Significant Concerns,24.5
CD014758_pub3_data__A6,CD014758,92.0,100.0,60.0,1.5,25.0,56,D,Significant Concerns,24.5
CD014758_pub3_data__A7,CD014758,92.0,100.0,60.0,1.5,25.0,56,D,Significant Concerns,24.5
CD015014_pub2_data__A18,CD015014,92.0,100.0,30.0,6.0,50.0,56,D,Significant Concerns,24.5
CD013643_pub2_data__A8,CD013643,92.0,100.0,30.0,5.6,50.0,56,D,Significant Concerns,24.5
CD015448_pub2_data__A4,CD015448,92.0,100.0,30.0,10.4,50.0,56,D,Significant Concerns,24.5
CD015448_pub2_data__A7,CD015448,92.0,100.0,30.0,10.4,50.0,56,D,Significant Concerns,24.5
CD011330_pub2_data__A4,CD011330,72.0,100.0,0.0,59.0,50.0,56,D,Significant Concerns,24.5
CD013643_pub2_data__A6,CD013643,92.0,100.0,30.0,5.6,50.0,56,D,Significant Concerns,24.5
CD015014_pub2_data__A10,CD015014,80.0,100.0,20.0,6.0,75.0,56,D,Significant Concerns,24.5
CD015014_pub2_data__A11,CD015014,92.0,100.0,30.0,6.0,50.0,56,D,Significant Concerns,24.5
CD015014_pub2_data__A12,CD015014,92.0,100.0,30.0,6.0,50.0,56,D,Significant Concerns,24.5
CD001703_pub4_data__A24,CD001703,92.0,100.0,60.0,0.5,25.0,56,D,Significant Concerns,24.5
CD014769_pub2_data__A19,CD014769,92.0,100.0,60.0,3.7,25.0,56,D,Significant Concerns,24.5
CD015014_pub2_data__A9,CD015014,80.0,100.0,20.0,6.0,75.0,56,D,Significant Concerns,24.5
CD015033_pub2_data__A16,CD015033,100.0,100.0,30.0,0.9,50.0,56,D,Significant Concerns,24.5
CD006606_pub5_data__A10,CD006606,92.0,100.0,60.0,1.9,25.0,56,D,Significant Concerns,24.5
CD006606_pub5_data__A11,CD006606,92.0,100.0,60.0,1.9,25.0,56,D,Significant Concerns,24.5
CD013643_pub2_data__A12,CD013643,92.0,100.0,30.0,5.6,50.0,56,D,Significant Concerns,24.5
CD015014_pub2_data__A38,CD015014,92.0,100.0,30.0,6.0,50.0,56,D,Significant Concerns,24.5
CD008176_pub3_data__A20,CD008176,80.0,100.0,0.0,0.5,100.0,56,D,Significant Concerns,24.5
CD015252_pub2_data__A8,CD015252,64.0,100.0,20.0,44.0,50.0,56,D,Significant Concerns,24.5
CD015252_pub2_data__A9,CD015252,64.0,100.0,20.0,44.0,50.0,56,D,Significant Concerns,24.5
CD001703_pub4_data__A10,CD001703,92.0,100.0,60.0,0.5,25.0,56,D,Significant Concerns,24.5
CD001703_pub4_data__A11,CD001703,92.0,100.0,60.0,0.5,25.0,56,D,Significant Concerns,24.5
CD001703_pub4_data__A12,CD001703,92.0,100.0,60.0,0.5,25.0,56,D,Significant Concerns,24.5
CD001703_pub4_data__A14,CD001703,92.0,100.0,60.0,0.5,25.0,56,D,Significant Concerns,24.5
CD001703_pub4_data__A15,CD001703,92.0,100.0,60.0,0.5,25.0,56,D,Significant Concerns,24.5
CD000478_pub5_data__A2,CD000478,100.0,100.0,30.0,2.3,50.0,56,D,Significant Concerns,24.5
CD010001_pub4_data__A3,CD010001,52.0,90.0,40.0,0.3,100.0,56,D,Significant Concerns,24.5
CD013591_pub2_data__A8,CD013591,100.0,100.0,30.0,1.3,50.0,56,D,Significant Concerns,24.5
CD013591_pub2_data__A6,CD013591,92.0,100.0,60.0,1.3,25.0,56,D,Significant Concerns,24.5
CD009531_pub3_data__A9,CD009531,92.0,100.0,60.0,2.0,25.0,56,D,Significant Concerns,24.5
CD009417_pub3_data__A10,CD009417,92.0,100.0,60.0,5.3,25.0,56,D,Significant Concerns,24.5
CD009531_pub3_data__A16,CD009531,92.0,100.0,60.0,2.0,25.0,56,D,Significant Concerns,24.5
CD006689_pub3_data__A24,CD006689,92.0,100.0,60.0,1.8,25.0,56,D,Significant Concerns,24.5
CD013591_pub2_data__A2,CD013591,80.0,100.0,0.0,1.3,100.0,56,D,Significant Concerns,24.5
CD015014_pub2_data__A5,CD015014,80.0,100.0,20.0,6.0,75.0,56,D,Significant Concerns,24.5
CD006606_pub5_data__A12,CD006606,92.0,100.0,60.0,1.9,25.0,56,D,Significant Concerns,24.5
CD006606_pub5_data__A13,CD006606,92.0,100.0,60.0,1.9,25.0,56,D,Significant Concerns,24.5
CD006606_pub5_data__A14,CD006606,92.0,100.0,60.0,1.9,25.0,56,D,Significant Concerns,24.5
CD006913_pub3_data__A2,CD006913,80.0,100.0,0.0,0.3,100.0,56,D,Significant Concerns,24.5
CD002290_pub6_data__A5,CD002290,100.0,100.0,30.0,0.1,50.0,56,D,Significant Concerns,24.5
CD015520_data__A1,CD015520,80.0,100.0,0.0,0.2,100.0,56,D,Significant Concerns,24.5
CD003129_pub2_data__A1,CD003129,64.0,100.0,40.0,27.5,50.0,56,D,Significant Concerns,24.5
CD015520_data__A5,CD015520,100.0,100.0,30.0,0.2,50.0,56,D,Significant Concerns,24.5
CD006689_pub3_data__A23,CD006689,92.0,100.0,60.0,1.8,25.0,56,D,Significant Concerns,24.5
CD006606_pub5_data__A9,CD006606,92.0,100.0,60.0,1.9,25.0,56,D,Significant Concerns,24.5
CD006913_pub3_data__A17,CD006913,100.0,100.0,30.0,0.3,50.0,56,D,Significant Concerns,24.5
CD013571_pub2_data__A1,CD013571,64.0,100.0,40.0,0.5,75.0,56,D,Significant Concerns,24.5
CD015033_pub2_data__A8,CD015033,92.0,100.0,60.0,0.9,25.0,56,D,Significant Concerns,24.5
CD003519_pub5_data__A18,CD003519,64.0,100.0,40.0,0.1,75.0,56,D,Significant Concerns,24.5
CD008309_pub3_data__A18,CD008309,92.0,100.0,60.0,1.3,25.0,56,D,Significant Concerns,24.5
CD008309_pub3_data__A19,CD008309,92.0,100.0,60.0,1.3,25.0,56,D,Significant Concerns,24.5
CD008309_pub3_data__A20,CD008309,92.0,100.0,60.0,1.3,25.0,56,D,Significant Concerns,24.5
CD008309_pub3_data__A21,CD008309,92.0,100.0,60.0,1.3,25.0,56,D,Significant Concerns,24.5
CD014769_pub2_data__A4,CD014769,92.0,100.0,60.0,3.7,25.0,56,D,Significant Concerns,24.5
CD014769_pub2_data__A10,CD014769,80.0,100.0,20.0,3.7,75.0,56,D,Significant Concerns,24.5
CD001703_pub4_data__A22,CD001703,92.0,100.0,60.0,0.5,25.0,56,D,Significant Concerns,24.5
CD001703_pub4_data__A23,CD001703,92.0,100.0,60.0,0.5,25.0,56,D,Significant Concerns,24.5
CD000547_pub3_data__A4,CD000547,80.0,100.0,20.0,0.1,75.0,55,D,Significant Concerns,17.4
CD015042_pub2_data__A1,CD015042,84.0,100.0,40.0,0.9,50.0,55,D,Significant Concerns,17.4
CD000219_pub5_data__A1,CD000219,48.0,85.0,40.0,0.2,100.0,55,D,Significant Concerns,17.4
CD000219_pub5_data__A5,CD000219,80.0,100.0,20.0,0.2,75.0,55,D,Significant Concerns,17.4
CD015038_pub2_data__A12,CD015038,92.0,100.0,60.0,0.1,25.0,55,D,Significant Concerns,17.4
CD015038_pub2_data__A2,CD015038,60.0,100.0,40.0,0.1,75.0,55,D,Significant Concerns,17.4
CD015520_data__A8,CD015520,92.0,100.0,60.0,0.2,25.0,55,D,Significant Concerns,17.4
CD015520_data__A9,CD015520,92.0,100.0,60.0,0.2,25.0,55,D,Significant Concerns,17.4
CD002243_pub5_data__A21,CD002243,36.0,100.0,40.0,0.1,100.0,55,D,Significant Concerns,17.4
CD006919_pub5_data__A11,CD006919,92.0,100.0,60.0,0.2,25.0,55,D,Significant Concerns,17.4
CD006919_pub5_data__A12,CD006919,92.0,100.0,60.0,0.2,25.0,55,D,Significant Concerns,17.4
CD006919_pub5_data__A8,CD006919,92.0,100.0,60.0,0.2,25.0,55,D,Significant Concerns,17.4
CD006919_pub5_data__A9,CD006919,92.0,100.0,60.0,0.2,25.0,55,D,Significant Concerns,17.4
CD006913_pub3_data__A21,CD006913,92.0,100.0,60.0,0.3,25.0,55,D,Significant Concerns,17.4
CD006913_pub3_data__A22,CD006913,92.0,100.0,60.0,0.3,25.0,55,D,Significant Concerns,17.4
CD002290_pub6_data__A4,CD002290,36.0,100.0,40.0,0.1,100.0,55,D,Significant Concerns,17.4
CD007079_pub4_data__A12,CD007079,92.0,100.0,60.0,0.2,25.0,55,D,Significant Concerns,17.4
CD006942_pub4_data__A4,CD006942,92.0,100.0,60.0,0.5,25.0,55,D,Significant Concerns,17.4
CD006942_pub4_data__A5,CD006942,92.0,100.0,60.0,0.5,25.0,55,D,Significant Concerns,17.4
CD009535_pub3_data__A23,CD009535,92.0,100.0,60.0,0.4,25.0,55,D,Significant Concerns,17.4
CD009535_pub3_data__A24,CD009535,92.0,100.0,60.0,0.4,25.0,55,D,Significant Concerns,17.4
CD015033_pub2_data__A17,CD015033,92.0,100.0,30.0,0.9,50.0,55,D,Significant Concerns,17.4
CD015014_pub2_data__A22,CD015014,84.0,100.0,60.0,6.0,25.0,55,D,Significant Concerns,17.4
CD015014_pub2_data__A23,CD015014,84.0,100.0,60.0,6.0,25.0,55,D,Significant Concerns,17.4
CD008940_pub4_data__A6,CD008940,72.0,100.0,0.0,2.2,100.0,55,D,Significant Concerns,17.4
CD009022_pub4_data__A11,CD009022,92.0,100.0,30.0,1.1,50.0,55,D,Significant Concerns,17.4
CD009022_pub4_data__A13,CD009022,92.0,100.0,30.0,1.1,50.0,55,D,Significant Concerns,17.4
CD009022_pub4_data__A2,CD009022,92.0,100.0,30.0,1.1,50.0,55,D,Significant Concerns,17.4
CD009022_pub4_data__A3,CD009022,92.0,100.0,30.0,1.1,50.0,55,D,Significant Concerns,17.4
CD004508_pub5_data__A14,CD004508,92.0,100.0,30.0,4.4,50.0,55,D,Significant Concerns,17.4
CD004508_pub5_data__A15,CD004508,92.0,100.0,30.0,4.4,50.0,55,D,Significant Concerns,17.4
CD004508_pub5_data__A4,CD004508,92.0,100.0,30.0,4.4,50.0,55,D,Significant Concerns,17.4
CD004508_pub5_data__A6,CD004508,92.0,100.0,30.0,4.4,50.0,55,D,Significant Concerns,17.4
CD004508_pub5_data__A7,CD004508,92.0,100.0,30.0,4.4,50.0,55,D,Significant Concerns,17.4
CD015122_pub2_data__A10,CD015122,92.0,100.0,60.0,0.2,25.0,55,D,Significant Concerns,17.4
CD015122_pub2_data__A11,CD015122,92.0,100.0,60.0,0.2,25.0,55,D,Significant Concerns,17.4
CD015122_pub2_data__A12,CD015122,92.0,100.0,60.0,0.2,25.0,55,D,Significant Concerns,17.4
CD015122_pub2_data__A13,CD015122,92.0,100.0,60.0,0.2,25.0,55,D,Significant Concerns,17.4
CD015122_pub2_data__A14,CD015122,92.0,100.0,60.0,0.2,25.0,55,D,Significant Concerns,17.4
CD015122_pub2_data__A15,CD015122,92.0,100.0,60.0,0.2,25.0,55,D,Significant Concerns,17.4
CD016120_data__A4,CD016120,92.0,100.0,30.0,0.9,50.0,55,D,Significant Concerns,17.4
CD016120_data__A8,CD016120,92.0,100.0,30.0,0.9,50.0,55,D,Significant Concerns,17.4
CD016120_data__A17,CD016120,92.0,100.0,30.0,0.9,50.0,55,D,Significant Concerns,17.4
CD016120_data__A18,CD016120,92.0,100.0,30.0,0.9,50.0,55,D,Significant Concerns,17.4
CD015122_pub2_data__A16,CD015122,92.0,100.0,60.0,0.2,25.0,55,D,Significant Concerns,17.4
CD015122_pub2_data__A17,CD015122,92.0,100.0,60.0,0.2,25.0,55,D,Significant Concerns,17.4
CD015122_pub2_data__A22,CD015122,92.0,100.0,60.0,0.2,25.0,55,D,Significant Concerns,17.4
CD015122_pub2_data__A25,CD015122,92.0,100.0,60.0,0.2,25.0,55,D,Significant Concerns,17.4
CD004508_pub5_data__A1,CD004508,92.0,100.0,30.0,4.4,50.0,55,D,Significant Concerns,17.4
CD004508_pub5_data__A10,CD004508,92.0,100.0,30.0,4.4,50.0,55,D,Significant Concerns,17.4
CD014964_pub2_data__A6,CD014964,60.0,100.0,40.0,0.1,75.0,55,D,Significant Concerns,17.4
CD004508_pub5_data__A9,CD004508,92.0,100.0,30.0,4.4,50.0,55,D,Significant Concerns,17.4
CD006919_pub5_data__A10,CD006919,92.0,100.0,60.0,0.2,25.0,55,D,Significant Concerns,17.4
CD015518_data__A8,CD015518,92.0,100.0,60.0,0.3,25.0,55,D,Significant Concerns,17.4
CD015518_data__A9,CD015518,92.0,100.0,60.0,0.3,25.0,55,D,Significant Concerns,17.4
CD006913_pub3_data__A24,CD006913,92.0,100.0,60.0,0.3,25.0,55,D,Significant Concerns,17.4
CD006913_pub3_data__A26,CD006913,92.0,100.0,60.0,0.3,25.0,55,D,Significant Concerns,17.4
CD006913_pub3_data__A27,CD006913,92.0,100.0,60.0,0.3,25.0,55,D,Significant Concerns,17.4
CD006913_pub3_data__A30,CD006913,92.0,100.0,60.0,0.3,25.0,55,D,Significant Concerns,17.4
CD008349_pub5_data__A6,CD008349,72.0,100.0,0.0,0.5,100.0,55,D,Significant Concerns,17.4
CD008349_pub5_data__A7,CD008349,72.0,100.0,0.0,0.5,100.0,55,D,Significant Concerns,17.4
CD008309_pub3_data__A24,CD008309,92.0,100.0,30.0,1.3,50.0,55,D,Significant Concerns,17.4
CD015122_pub2_data__A4,CD015122,80.0,100.0,20.0,0.2,75.0,55,D,Significant Concerns,17.4
CD015122_pub2_data__A8,CD015122,92.0,100.0,60.0,0.2,25.0,55,D,Significant Concerns,17.4
CD004667_pub6_data__A9,CD004667,92.0,100.0,30.0,1.4,50.0,55,D,Significant Concerns,17.4
CD011793_pub3_data__A3,CD011793,72.0,100.0,0.0,1.3,100.0,55,D,Significant Concerns,17.4
CD011793_pub3_data__A4,CD011793,72.0,100.0,0.0,1.3,100.0,55,D,Significant Concerns,17.4
CD011793_pub3_data__A8,CD011793,92.0,100.0,30.0,1.3,50.0,55,D,Significant Concerns,17.4
CD016120_data__A1,CD016120,92.0,100.0,30.0,0.9,50.0,55,D,Significant Concerns,17.4
CD016120_data__A11,CD016120,92.0,100.0,30.0,0.9,50.0,55,D,Significant Concerns,17.4
CD016120_data__A12,CD016120,80.0,100.0,20.0,0.9,75.0,55,D,Significant Concerns,17.4
CD016120_data__A13,CD016120,92.0,100.0,30.0,0.9,50.0,55,D,Significant Concerns,17.4
CD016120_data__A14,CD016120,92.0,100.0,30.0,0.9,50.0,55,D,Significant Concerns,17.4
CD008309_pub3_data__A26,CD008309,92.0,100.0,30.0,1.3,50.0,55,D,Significant Concerns,17.4
CD008309_pub3_data__A8,CD008309,92.0,100.0,30.0,1.3,50.0,55,D,Significant Concerns,17.4
CD008349_pub5_data__A1,CD008349,72.0,100.0,0.0,0.5,100.0,55,D,Significant Concerns,17.4
CD012067_pub3_data__A11,CD012067,92.0,100.0,60.0,0.3,25.0,55,D,Significant Concerns,17.4
CD008349_pub5_data__A13,CD008349,72.0,100.0,0.0,0.5,100.0,55,D,Significant Concerns,17.4
CD015140_pub2_data__A12,CD015140,60.0,100.0,40.0,0.7,75.0,55,D,Significant Concerns,17.4
CD014959_pub2_data__A14,CD014959,92.0,100.0,30.0,2.3,50.0,55,D,Significant Concerns,17.4
CD014959_pub2_data__A16,CD014959,92.0,100.0,30.0,2.3,50.0,55,D,Significant Concerns,17.4
CD014959_pub2_data__A3,CD014959,80.0,100.0,20.0,2.3,75.0,55,D,Significant Concerns,17.4
CD008349_pub5_data__A3,CD008349,72.0,100.0,0.0,0.5,100.0,55,D,Significant Concerns,17.4
CD008349_pub5_data__A4,CD008349,72.0,100.0,0.0,0.5,100.0,55,D,Significant Concerns,17.4
CD008349_pub5_data__A5,CD008349,72.0,100.0,0.0,0.5,100.0,55,D,Significant Concerns,17.4
CD010189_pub3_data__A4,CD010189,92.0,100.0,30.0,0.5,50.0,55,D,Significant Concerns,17.4
CD010189_pub3_data__A5,CD010189,92.0,100.0,30.0,0.5,50.0,55,D,Significant Concerns,17.4
CD010189_pub3_data__A6,CD010189,92.0,100.0,30.0,0.5,50.0,55,D,Significant Concerns,17.4
CD010189_pub3_data__A7,CD010189,92.0,100.0,30.0,0.5,50.0,55,D,Significant Concerns,17.4
CD010189_pub3_data__A8,CD010189,92.0,100.0,30.0,0.5,50.0,55,D,Significant Concerns,17.4
CD015518_data__A10,CD015518,92.0,100.0,60.0,0.3,25.0,55,D,Significant Concerns,17.4
CD013571_pub2_data__A13,CD013571,92.0,100.0,60.0,0.5,25.0,55,D,Significant Concerns,17.4
CD013571_pub2_data__A5,CD013571,80.0,100.0,20.0,0.5,75.0,55,D,Significant Concerns,17.4
CD015518_data__A5,CD015518,92.0,100.0,60.0,0.3,25.0,55,D,Significant Concerns,17.4
CD015518_data__A6,CD015518,92.0,100.0,60.0,0.3,25.0,55,D,Significant Concerns,17.4
CD014914_pub2_data__A12,CD014914,92.0,100.0,60.0,0.1,25.0,55,D,Significant Concerns,17.4
CD014914_pub2_data__A13,CD014914,92.0,100.0,60.0,0.1,25.0,55,D,Significant Concerns,17.4
CD012170_pub2_data__A2,CD012170,72.0,100.0,0.0,1.6,100.0,55,D,Significant Concerns,17.4
CD012079_pub2_data__A5,CD012079,80.0,100.0,20.0,0.1,75.0,55,D,Significant Concerns,17.4
CD014959_pub2_data__A8,CD014959,92.0,100.0,30.0,2.3,50.0,55,D,Significant Concerns,17.4
CD004667_pub6_data__A15,CD004667,60.0,100.0,40.0,1.4,75.0,55,D,Significant Concerns,17.4
CD014941_pub2_data__A8,CD014941,72.0,100.0,60.0,16.7,25.0,55,D,Significant Concerns,17.4
CD014959_pub2_data__A11,CD014959,92.0,100.0,30.0,2.3,50.0,55,D,Significant Concerns,17.4
CD012067_pub3_data__A22,CD012067,92.0,100.0,60.0,0.3,25.0,55,D,Significant Concerns,17.4
CD012067_pub3_data__A24,CD012067,92.0,100.0,60.0,0.3,25.0,55,D,Significant Concerns,17.4
CD012178_pub2_data__A2,CD012178,92.0,100.0,30.0,5.3,50.0,55,D,Significant Concerns,17.4
CD012178_pub2_data__A3,CD012178,92.0,100.0,30.0,5.3,50.0,55,D,Significant Concerns,17.4
CD012178_pub2_data__A4,CD012178,92.0,100.0,30.0,5.3,50.0,55,D,Significant Concerns,17.4
CD012178_pub2_data__A6,CD012178,92.0,100.0,30.0,5.3,50.0,55,D,Significant Concerns,17.4
CD012214_pub3_data__A1,CD012214,84.0,60.0,80.0,0.5,50.0,55,D,Significant Concerns,17.4
CD014937_pub2_data__A16,CD014937,92.0,100.0,60.0,0.1,25.0,55,D,Significant Concerns,17.4
CD014923_pub2_data__A3,CD014923,92.0,100.0,30.0,29.7,25.0,55,D,Significant Concerns,17.4
CD014923_pub2_data__A4,CD014923,92.0,100.0,30.0,29.7,25.0,55,D,Significant Concerns,17.4
CD014914_pub2_data__A11,CD014914,80.0,100.0,20.0,0.1,75.0,55,D,Significant Concerns,17.4
CD006714_pub3_data__A5,CD006714,92.0,100.0,60.0,0.3,25.0,55,D,Significant Concerns,17.4
CD006714_pub3_data__A6,CD006714,92.0,100.0,60.0,0.3,25.0,55,D,Significant Concerns,17.4
CD006714_pub3_data__A8,CD006714,92.0,100.0,60.0,0.3,25.0,55,D,Significant Concerns,17.4
CD006714_pub3_data__A9,CD006714,92.0,100.0,60.0,0.3,25.0,55,D,Significant Concerns,17.4
CD006689_pub3_data__A5,CD006689,52.0,100.0,20.0,1.8,100.0,55,D,Significant Concerns,17.4
CD010189_pub3_data__A3,CD010189,92.0,100.0,30.0,0.5,50.0,55,D,Significant Concerns,17.4
CD013591_pub2_data__A7,CD013591,92.0,100.0,30.0,1.3,50.0,55,D,Significant Concerns,17.4
CD013595_pub2_data__A10,CD013595,72.0,100.0,50.0,27.0,25.0,55,D,Significant Concerns,17.4
CD006714_pub3_data__A13,CD006714,92.0,100.0,60.0,0.3,25.0,55,D,Significant Concerns,17.4
CD006714_pub3_data__A15,CD006714,92.0,100.0,60.0,0.3,25.0,55,D,Significant Concerns,17.4
CD013591_pub2_data__A3,CD013591,72.0,100.0,0.0,1.3,100.0,55,D,Significant Concerns,17.4
CD006714_pub3_data__A11,CD006714,92.0,100.0,60.0,0.3,25.0,55,D,Significant Concerns,17.4
CD006714_pub3_data__A12,CD006714,92.0,100.0,60.0,0.3,25.0,55,D,Significant Concerns,17.4
CD002971_pub6_data__A12,CD002971,92.0,100.0,60.0,0.3,25.0,55,D,Significant Concerns,17.4
CD008237_pub4_data__A6,CD008237,92.0,100.0,60.0,0.1,25.0,55,D,Significant Concerns,17.4
CD008237_pub4_data__A7,CD008237,92.0,100.0,60.0,0.1,25.0,55,D,Significant Concerns,17.4
CD012397_pub2_data__A1,CD012397,72.0,100.0,50.0,30.3,25.0,55,D,Significant Concerns,17.4
CD014914_pub2_data__A6,CD014914,92.0,100.0,60.0,0.1,25.0,55,D,Significant Concerns,17.4
CD014914_pub2_data__A7,CD014914,92.0,100.0,60.0,0.1,25.0,55,D,Significant Concerns,17.4
CD014914_pub2_data__A8,CD014914,92.0,100.0,60.0,0.1,25.0,55,D,Significant Concerns,17.4
CD014914_pub2_data__A9,CD014914,92.0,100.0,60.0,0.1,25.0,55,D,Significant Concerns,17.4
CD014872_pub2_data__A15,CD014872,92.0,100.0,30.0,1.3,50.0,55,D,Significant Concerns,17.4
CD014872_pub2_data__A3,CD014872,72.0,100.0,0.0,1.3,100.0,55,D,Significant Concerns,17.4
CD014872_pub2_data__A7,CD014872,72.0,100.0,0.0,1.3,100.0,55,D,Significant Concerns,17.4
CD014872_pub2_data__A8,CD014872,72.0,100.0,0.0,1.3,100.0,55,D,Significant Concerns,17.4
CD014889_pub2_data__A5,CD014889,92.0,100.0,60.0,0.3,25.0,55,D,Significant Concerns,17.4
CD001552_pub3_data__A1,CD001552,52.0,100.0,20.0,26.7,75.0,55,D,Significant Concerns,17.4
CD001552_pub3_data__A3,CD001552,72.0,100.0,0.0,26.7,75.0,55,D,Significant Concerns,17.4
CD012170_pub2_data__A3,CD012170,92.0,100.0,30.0,1.6,50.0,55,D,Significant Concerns,17.4
CD008176_pub3_data__A4,CD008176,52.0,100.0,20.0,0.5,100.0,55,D,Significant Concerns,17.4
CD009609_pub3_data__A10,CD009609,80.0,100.0,20.0,1.3,75.0,55,D,Significant Concerns,17.4
CD009609_pub3_data__A2,CD009609,92.0,100.0,30.0,1.3,50.0,55,D,Significant Concerns,17.4
CD009535_pub3_data__A10,CD009535,92.0,100.0,60.0,0.4,25.0,55,D,Significant Concerns,17.4
CD009535_pub3_data__A11,CD009535,92.0,100.0,60.0,0.4,25.0,55,D,Significant Concerns,17.4
CD009535_pub3_data__A12,CD009535,92.0,100.0,60.0,0.4,25.0,55,D,Significant Concerns,17.4
CD014861_pub2_data__A1,CD014861,92.0,100.0,30.0,1.3,50.0,55,D,Significant Concerns,17.4
CD009535_pub3_data__A13,CD009535,92.0,100.0,60.0,0.4,25.0,55,D,Significant Concerns,17.4
CD009535_pub3_data__A16,CD009535,92.0,100.0,60.0,0.4,25.0,55,D,Significant Concerns,17.4
CD009535_pub3_data__A17,CD009535,92.0,100.0,60.0,0.4,25.0,55,D,Significant Concerns,17.4
CD008309_pub3_data__A13,CD008309,92.0,100.0,30.0,1.3,50.0,55,D,Significant Concerns,17.4
CD008309_pub3_data__A16,CD008309,92.0,100.0,30.0,1.3,50.0,55,D,Significant Concerns,17.4
CD014803_pub2_data__A1,CD014803,92.0,100.0,30.0,1.5,50.0,55,D,Significant Concerns,17.4
CD003962_pub3_data__A12,CD003962,60.0,100.0,10.0,6.5,100.0,55,D,Significant Concerns,17.4
CD015160_pub2_data__A1,CD015160,72.0,100.0,0.0,1.7,100.0,55,D,Significant Concerns,17.4
CD015160_pub2_data__A4,CD015160,92.0,100.0,30.0,1.7,50.0,55,D,Significant Concerns,17.4
CD015213_pub2_data__A1,CD015213,72.0,100.0,0.0,3.1,100.0,55,D,Significant Concerns,17.4
CD015213_pub2_data__A10,CD015213,72.0,100.0,0.0,3.1,100.0,55,D,Significant Concerns,17.4
CD015213_pub2_data__A3,CD015213,72.0,100.0,0.0,3.1,100.0,55,D,Significant Concerns,17.4
CD014844_pub2_data__A7,CD014844,92.0,100.0,30.0,3.6,50.0,55,D,Significant Concerns,17.4
CD008237_pub4_data__A5,CD008237,92.0,100.0,60.0,0.1,25.0,55,D,Significant Concerns,17.4
CD009535_pub3_data__A18,CD009535,92.0,100.0,60.0,0.4,25.0,55,D,Significant Concerns,17.4
CD009535_pub3_data__A19,CD009535,92.0,100.0,60.0,0.4,25.0,55,D,Significant Concerns,17.4
CD009535_pub3_data__A2,CD009535,60.0,100.0,40.0,0.4,75.0,55,D,Significant Concerns,17.4
CD009535_pub3_data__A20,CD009535,92.0,100.0,60.0,0.4,25.0,55,D,Significant Concerns,17.4
CD009535_pub3_data__A21,CD009535,92.0,100.0,60.0,0.4,25.0,55,D,Significant Concerns,17.4
CD009535_pub3_data__A22,CD009535,92.0,100.0,60.0,0.4,25.0,55,D,Significant Concerns,17.4
CD008176_pub3_data__A27,CD008176,92.0,100.0,30.0,0.5,50.0,55,D,Significant Concerns,17.4
CD015932_pub2_data__A17,CD015932,92.0,100.0,60.0,0.2,25.0,55,D,Significant Concerns,17.4
CD015932_pub2_data__A18,CD015932,92.0,100.0,60.0,0.2,25.0,55,D,Significant Concerns,17.4
CD015932_pub2_data__A19,CD015932,92.0,100.0,60.0,0.2,25.0,55,D,Significant Concerns,17.4
CD015932_pub2_data__A4,CD015932,92.0,100.0,60.0,0.2,25.0,55,D,Significant Concerns,17.4
CD012693_pub3_data__A1,CD012693,56.0,100.0,20.0,0.1,100.0,55,D,Significant Concerns,17.4
CD008176_pub3_data__A18,CD008176,72.0,100.0,0.0,0.5,100.0,55,D,Significant Concerns,17.4
CD008176_pub3_data__A2,CD008176,72.0,100.0,0.0,0.5,100.0,55,D,Significant Concerns,17.4
CD008176_pub3_data__A23,CD008176,72.0,100.0,0.0,0.5,100.0,55,D,Significant Concerns,17.4
CD008176_pub3_data__A10,CD008176,72.0,100.0,0.0,0.5,100.0,55,D,Significant Concerns,17.4
CD008176_pub3_data__A11,CD008176,72.0,100.0,0.0,0.5,100.0,55,D,Significant Concerns,17.4
CD014844_pub2_data__A8,CD014844,92.0,100.0,30.0,3.6,50.0,55,D,Significant Concerns,17.4
CD014844_pub2_data__A9,CD014844,92.0,100.0,30.0,3.6,50.0,55,D,Significant Concerns,17.4
CD014833_pub2_data__A4,CD014833,92.0,100.0,30.0,2.7,50.0,55,D,Significant Concerns,17.4
CD012718_pub2_data__A9,CD012718,92.0,100.0,60.0,0.2,25.0,55,D,Significant Concerns,17.4
CD008145_pub4_data__A3,CD008145,72.0,100.0,0.0,2.8,100.0,55,D,Significant Concerns,17.4
CD008145_pub4_data__A8,CD008145,92.0,100.0,30.0,2.8,50.0,55,D,Significant Concerns,17.4
CD015894_pub2_data__A4,CD015894,92.0,100.0,60.0,0.1,25.0,55,D,Significant Concerns,17.4
CD015932_pub2_data__A1,CD015932,56.0,100.0,20.0,0.2,100.0,55,D,Significant Concerns,17.4
CD009609_pub3_data__A4,CD009609,80.0,100.0,20.0,1.3,75.0,55,D,Significant Concerns,17.4
CD009609_pub3_data__A7,CD009609,80.0,100.0,20.0,1.3,75.0,55,D,Significant Concerns,17.4
CD015932_pub2_data__A16,CD015932,92.0,100.0,60.0,0.2,25.0,55,D,Significant Concerns,17.4
CD002971_pub6_data__A13,CD002971,92.0,100.0,60.0,0.3,25.0,55,D,Significant Concerns,17.4
CD002971_pub6_data__A15,CD002971,92.0,100.0,60.0,0.3,25.0,55,D,Significant Concerns,17.4
CD002971_pub6_data__A6,CD002971,92.0,100.0,60.0,0.3,25.0,55,D,Significant Concerns,17.4
CD002971_pub6_data__A7,CD002971,92.0,100.0,60.0,0.3,25.0,55,D,Significant Concerns,17.4
CD002971_pub6_data__A8,CD002971,92.0,100.0,60.0,0.3,25.0,55,D,Significant Concerns,17.4
CD002971_pub6_data__A9,CD002971,92.0,100.0,60.0,0.3,25.0,55,D,Significant Concerns,17.4
CD015476_pub2_data__A15,CD015476,92.0,100.0,30.0,0.5,50.0,55,D,Significant Concerns,17.4
CD006714_pub3_data__A16,CD006714,92.0,100.0,60.0,0.3,25.0,55,D,Significant Concerns,17.4
CD006714_pub3_data__A17,CD006714,92.0,100.0,60.0,0.3,25.0,55,D,Significant Concerns,17.4
CD006714_pub3_data__A18,CD006714,92.0,100.0,60.0,0.3,25.0,55,D,Significant Concerns,17.4
CD006714_pub3_data__A4,CD006714,92.0,100.0,60.0,0.3,25.0,55,D,Significant Concerns,17.4
CD013462_pub3_data__A7,CD013462,92.0,100.0,60.0,0.2,25.0,55,D,Significant Concerns,17.4
CD014758_pub3_data__A10,CD014758,92.0,100.0,30.0,1.5,50.0,55,D,Significant Concerns,17.4
CD012757_pub2_data__A10,CD012757,92.0,100.0,30.0,0.8,50.0,55,D,Significant Concerns,17.4
CD012850_pub2_data__A10,CD012850,92.0,100.0,30.0,25.7,25.0,55,D,Significant Concerns,17.4
CD012850_pub2_data__A11,CD012850,92.0,100.0,30.0,25.7,25.0,55,D,Significant Concerns,17.4
CD008165_pub5_data__A6,CD008165,60.0,100.0,40.0,0.3,75.0,55,D,Significant Concerns,17.4
CD003519_pub5_data__A22,CD003519,92.0,100.0,60.0,0.1,25.0,55,D,Significant Concerns,17.4
CD003519_pub5_data__A23,CD003519,80.0,100.0,20.0,0.1,75.0,55,D,Significant Concerns,17.4
CD012718_pub2_data__A10,CD012718,92.0,100.0,60.0,0.2,25.0,55,D,Significant Concerns,17.4
CD002203_pub5_data__A8,CD002203,92.0,100.0,60.0,0.4,25.0,55,D,Significant Concerns,17.4
CD013462_pub3_data__A6,CD013462,92.0,100.0,60.0,0.2,25.0,55,D,Significant Concerns,17.4
CD006475_pub3_data__A8,CD006475,36.0,100.0,40.0,0.2,100.0,55,D,Significant Concerns,17.4
CD006689_pub3_data__A22,CD006689,92.0,100.0,30.0,1.8,50.0,55,D,Significant Concerns,17.4
CD006714_pub3_data__A10,CD006714,92.0,100.0,60.0,0.3,25.0,55,D,Significant Concerns,17.4
CD013445_pub2_data__A9,CD013445,92.0,100.0,60.0,0.3,25.0,55,D,Significant Concerns,17.4
CD013445_pub2_data__A26,CD013445,80.0,100.0,20.0,0.3,75.0,55,D,Significant Concerns,17.4
CD013445_pub2_data__A29,CD013445,80.0,100.0,20.0,0.3,75.0,55,D,Significant Concerns,17.4
CD012891_pub2_data__A3,CD012891,80.0,100.0,20.0,0.1,75.0,55,D,Significant Concerns,17.4
CD012850_pub2_data__A7,CD012850,92.0,100.0,30.0,25.7,25.0,55,D,Significant Concerns,17.4
CD012850_pub2_data__A8,CD012850,92.0,100.0,30.0,25.7,25.0,55,D,Significant Concerns,17.4
CD012850_pub2_data__A9,CD012850,92.0,100.0,30.0,25.7,25.0,55,D,Significant Concerns,17.4
CD012850_pub2_data__A16,CD012850,92.0,100.0,30.0,25.7,25.0,55,D,Significant Concerns,17.4
CD012850_pub2_data__A19,CD012850,92.0,100.0,30.0,25.7,25.0,55,D,Significant Concerns,17.4
CD012850_pub2_data__A21,CD012850,92.0,100.0,30.0,25.7,25.0,55,D,Significant Concerns,17.4
CD012850_pub2_data__A22,CD012850,92.0,100.0,30.0,25.7,25.0,55,D,Significant Concerns,17.4
CD012850_pub2_data__A23,CD012850,92.0,100.0,30.0,25.7,25.0,55,D,Significant Concerns,17.4
CD001703_pub4_data__A6,CD001703,92.0,100.0,30.0,0.5,50.0,55,D,Significant Concerns,17.4
CD001703_pub4_data__A8,CD001703,92.0,100.0,30.0,0.5,50.0,55,D,Significant Concerns,17.4
CD014758_pub3_data__A9,CD014758,92.0,100.0,30.0,1.5,50.0,55,D,Significant Concerns,17.4
CD012905_pub2_data__A2,CD012905,72.0,100.0,0.0,0.7,100.0,55,D,Significant Concerns,17.4
CD012905_pub2_data__A4,CD012905,72.0,100.0,0.0,0.7,100.0,55,D,Significant Concerns,17.4
CD012905_pub2_data__A7,CD012905,92.0,100.0,30.0,0.7,50.0,55,D,Significant Concerns,17.4
CD012925_pub2_data__A2,CD012925,80.0,100.0,20.0,0.1,75.0,55,D,Significant Concerns,17.4
CD015254_pub2_data__A12,CD015254,92.0,100.0,60.0,0.1,25.0,55,D,Significant Concerns,17.4
CD004736_pub6_data__A59,CD004736,60.0,100.0,40.0,0.3,75.0,55,D,Significant Concerns,17.4
CD015254_pub2_data__A13,CD015254,92.0,100.0,60.0,0.1,25.0,55,D,Significant Concerns,17.4
CD015254_pub2_data__A14,CD015254,92.0,100.0,60.0,0.1,25.0,55,D,Significant Concerns,17.4
CD013445_pub2_data__A13,CD013445,92.0,100.0,60.0,0.3,25.0,55,D,Significant Concerns,17.4
CD013715_pub2_data__A10,CD013715,92.0,100.0,60.0,0.2,25.0,55,D,Significant Concerns,17.4
CD010856_pub3_data__A3,CD010856,92.0,100.0,60.0,0.1,25.0,55,D,Significant Concerns,17.4
CD013643_pub2_data__A2,CD013643,84.0,100.0,60.0,5.6,25.0,55,D,Significant Concerns,17.4
CD010583_pub6_data__A4,CD010583,72.0,100.0,30.0,0.4,75.0,55,D,Significant Concerns,17.4
CD010856_pub3_data__A10,CD010856,92.0,100.0,60.0,0.1,25.0,55,D,Significant Concerns,17.4
CD013445_pub2_data__A14,CD013445,92.0,100.0,60.0,0.3,25.0,55,D,Significant Concerns,17.4
CD013445_pub2_data__A15,CD013445,92.0,100.0,60.0,0.3,25.0,55,D,Significant Concerns,17.4
CD002203_pub5_data__A24,CD002203,92.0,100.0,60.0,0.4,25.0,55,D,Significant Concerns,17.4
CD012925_pub2_data__A9,CD012925,92.0,100.0,60.0,0.1,25.0,55,D,Significant Concerns,17.4
CD012942_pub2_data__A3,CD012942,52.0,100.0,20.0,0.8,100.0,55,D,Significant Concerns,17.4
CD012942_pub2_data__A4,CD012942,32.0,100.0,40.0,0.8,100.0,55,D,Significant Concerns,17.4
CD012942_pub2_data__A5,CD012942,32.0,100.0,40.0,0.8,100.0,55,D,Significant Concerns,17.4
CD015849_pub2_data__A43,CD015849,92.0,100.0,30.0,0.8,50.0,55,D,Significant Concerns,17.4
CD015255_pub2_data__A18,CD015255,92.0,100.0,60.0,0.3,25.0,55,D,Significant Concerns,17.4
CD015255_pub2_data__A19,CD015255,92.0,100.0,60.0,0.3,25.0,55,D,Significant Concerns,17.4
CD015849_pub2_data__A46,CD015849,92.0,100.0,30.0,0.8,50.0,55,D,Significant Concerns,17.4
CD015849_pub2_data__A48,CD015849,80.0,100.0,20.0,0.8,75.0,55,D,Significant Concerns,17.4
CD012905_pub2_data__A1,CD012905,52.0,100.0,20.0,0.7,100.0,55,D,Significant Concerns,17.4
CD002203_pub5_data__A25,CD002203,92.0,100.0,60.0,0.4,25.0,55,D,Significant Concerns,17.4
CD002203_pub5_data__A27,CD002203,92.0,100.0,60.0,0.4,25.0,55,D,Significant Concerns,17.4
CD002203_pub5_data__A28,CD002203,92.0,100.0,60.0,0.4,25.0,55,D,Significant Concerns,17.4
CD002203_pub5_data__A29,CD002203,92.0,100.0,60.0,0.4,25.0,55,D,Significant Concerns,17.4
CD002203_pub5_data__A30,CD002203,92.0,100.0,60.0,0.4,25.0,55,D,Significant Concerns,17.4
CD007079_pub4_data__A13,CD007079,92.0,100.0,60.0,0.2,25.0,55,D,Significant Concerns,17.4
CD007079_pub4_data__A14,CD007079,92.0,100.0,60.0,0.2,25.0,55,D,Significant Concerns,17.4
CD007130_pub5_data__A2,CD007130,72.0,100.0,0.0,1.7,100.0,55,D,Significant Concerns,17.4
CD007130_pub5_data__A3,CD007130,92.0,100.0,30.0,1.7,50.0,55,D,Significant Concerns,17.4
CD013715_pub2_data__A20,CD013715,92.0,100.0,60.0,0.2,25.0,55,D,Significant Concerns,17.4
CD015255_pub2_data__A20,CD015255,92.0,100.0,60.0,0.3,25.0,55,D,Significant Concerns,17.4
CD015255_pub2_data__A21,CD015255,92.0,100.0,60.0,0.3,25.0,55,D,Significant Concerns,17.4
CD015255_pub2_data__A3,CD015255,80.0,100.0,20.0,0.3,75.0,55,D,Significant Concerns,17.4
CD015255_pub2_data__A4,CD015255,80.0,100.0,20.0,0.3,75.0,55,D,Significant Concerns,17.4
CD015255_pub2_data__A8,CD015255,92.0,100.0,60.0,0.3,25.0,55,D,Significant Concerns,17.4
CD015255_pub2_data__A9,CD015255,80.0,100.0,20.0,0.3,75.0,55,D,Significant Concerns,17.4
CD015284_pub2_data__A14,CD015284,92.0,100.0,60.0,0.3,25.0,55,D,Significant Concerns,17.4
CD015284_pub2_data__A15,CD015284,92.0,100.0,60.0,0.3,25.0,55,D,Significant Concerns,17.4
CD015284_pub2_data__A16,CD015284,92.0,100.0,60.0,0.3,25.0,55,D,Significant Concerns,17.4
CD013715_pub2_data__A5,CD013715,92.0,100.0,60.0,0.2,25.0,55,D,Significant Concerns,17.4
CD013719_pub2_data__A8,CD013719,92.0,100.0,60.0,0.2,25.0,55,D,Significant Concerns,17.4
CD013719_pub2_data__A9,CD013719,92.0,100.0,60.0,0.2,25.0,55,D,Significant Concerns,17.4
CD015387_pub2_data__A9,CD015387,92.0,100.0,60.0,0.2,25.0,55,D,Significant Concerns,17.4
CD015432_pub2_data__A15,CD015432,92.0,100.0,60.0,0.3,25.0,55,D,Significant Concerns,17.4
CD002203_pub5_data__A31,CD002203,92.0,100.0,60.0,0.4,25.0,55,D,Significant Concerns,17.4
CD002203_pub5_data__A32,CD002203,92.0,100.0,60.0,0.4,25.0,55,D,Significant Concerns,17.4
CD002203_pub5_data__A33,CD002203,92.0,100.0,60.0,0.4,25.0,55,D,Significant Concerns,17.4
CD002203_pub5_data__A34,CD002203,92.0,100.0,60.0,0.4,25.0,55,D,Significant Concerns,17.4
CD002203_pub5_data__A35,CD002203,92.0,100.0,60.0,0.4,25.0,55,D,Significant Concerns,17.4
CD002203_pub5_data__A36,CD002203,92.0,100.0,60.0,0.4,25.0,55,D,Significant Concerns,17.4
CD013414_pub2_data__A10,CD013414,92.0,100.0,60.0,0.2,25.0,55,D,Significant Concerns,17.4
CD013414_pub2_data__A12,CD013414,92.0,100.0,60.0,0.2,25.0,55,D,Significant Concerns,17.4
CD015326_pub2_data__A12,CD015326,72.0,100.0,0.0,2.6,100.0,55,D,Significant Concerns,17.4
CD015284_pub2_data__A19,CD015284,92.0,100.0,60.0,0.3,25.0,55,D,Significant Concerns,17.4
CD015284_pub2_data__A20,CD015284,92.0,100.0,60.0,0.3,25.0,55,D,Significant Concerns,17.4
CD015284_pub2_data__A21,CD015284,92.0,100.0,60.0,0.3,25.0,55,D,Significant Concerns,17.4
CD015284_pub2_data__A22,CD015284,92.0,100.0,60.0,0.3,25.0,55,D,Significant Concerns,17.4
CD015284_pub2_data__A23,CD015284,92.0,100.0,60.0,0.3,25.0,55,D,Significant Concerns,17.4
CD015284_pub2_data__A24,CD015284,92.0,100.0,60.0,0.3,25.0,55,D,Significant Concerns,17.4
CD015284_pub2_data__A25,CD015284,92.0,100.0,60.0,0.3,25.0,55,D,Significant Concerns,17.4
CD015284_pub2_data__A26,CD015284,92.0,100.0,60.0,0.3,25.0,55,D,Significant Concerns,17.4
CD015284_pub2_data__A27,CD015284,92.0,100.0,60.0,0.3,25.0,55,D,Significant Concerns,17.4
CD015284_pub2_data__A28,CD015284,92.0,100.0,60.0,0.3,25.0,55,D,Significant Concerns,17.4
CD015284_pub2_data__A32,CD015284,92.0,100.0,60.0,0.3,25.0,55,D,Significant Concerns,17.4
CD015849_pub2_data__A15,CD015849,92.0,100.0,30.0,0.8,50.0,55,D,Significant Concerns,17.4
CD015849_pub2_data__A17,CD015849,92.0,100.0,30.0,0.8,50.0,55,D,Significant Concerns,17.4
CD015849_pub2_data__A18,CD015849,92.0,100.0,30.0,0.8,50.0,55,D,Significant Concerns,17.4
CD015849_pub2_data__A19,CD015849,92.0,100.0,30.0,0.8,50.0,55,D,Significant Concerns,17.4
CD015849_pub2_data__A28,CD015849,92.0,100.0,30.0,0.8,50.0,55,D,Significant Concerns,17.4
CD015284_pub2_data__A33,CD015284,92.0,100.0,60.0,0.3,25.0,55,D,Significant Concerns,17.4
CD015284_pub2_data__A34,CD015284,92.0,100.0,60.0,0.3,25.0,55,D,Significant Concerns,17.4
CD015284_pub2_data__A35,CD015284,92.0,100.0,60.0,0.3,25.0,55,D,Significant Concerns,17.4
CD014678_pub2_data__A5,CD014678,72.0,100.0,0.0,2.4,100.0,55,D,Significant Concerns,17.4
CD014688_pub2_data__A2,CD014688,92.0,100.0,60.0,0.1,25.0,55,D,Significant Concerns,17.4
CD014713_pub2_data__A3,CD014713,92.0,100.0,30.0,1.0,50.0,55,D,Significant Concerns,17.4
CD013054_pub3_data__A5,CD013054,92.0,100.0,60.0,0.1,25.0,55,D,Significant Concerns,17.4
CD013054_pub3_data__A6,CD013054,92.0,100.0,60.0,0.1,25.0,55,D,Significant Concerns,17.4
CD013056_pub3_data__A4,CD013056,92.0,100.0,60.0,0.2,25.0,55,D,Significant Concerns,17.4
CD013051_pub3_data__A3,CD013051,92.0,100.0,60.0,0.1,25.0,55,D,Significant Concerns,17.4
CD015326_pub2_data__A14,CD015326,72.0,100.0,0.0,2.6,100.0,55,D,Significant Concerns,17.4
CD004736_pub6_data__A72,CD004736,92.0,100.0,60.0,0.3,25.0,55,D,Significant Concerns,17.4
CD004736_pub6_data__A73,CD004736,92.0,100.0,60.0,0.3,25.0,55,D,Significant Concerns,17.4
CD004736_pub6_data__A74,CD004736,92.0,100.0,60.0,0.3,25.0,55,D,Significant Concerns,17.4
CD004736_pub6_data__A78,CD004736,92.0,100.0,60.0,0.3,25.0,55,D,Significant Concerns,17.4
CD014624_pub2_data__A8,CD014624,92.0,100.0,60.0,0.1,25.0,55,D,Significant Concerns,17.4
CD014678_pub2_data__A3,CD014678,32.0,100.0,40.0,2.4,100.0,55,D,Significant Concerns,17.4
CD013414_pub2_data__A7,CD013414,92.0,100.0,60.0,0.2,25.0,55,D,Significant Concerns,17.4
CD013408_pub2_data__A10,CD013408,92.0,100.0,60.0,0.3,25.0,55,D,Significant Concerns,17.4
CD006475_pub3_data__A2,CD006475,36.0,100.0,40.0,0.2,100.0,55,D,Significant Concerns,17.4
CD013715_pub2_data__A8,CD013715,92.0,100.0,60.0,0.2,25.0,55,D,Significant Concerns,17.4
CD013719_pub2_data__A10,CD013719,92.0,100.0,60.0,0.2,25.0,55,D,Significant Concerns,17.4
CD013719_pub2_data__A12,CD013719,92.0,100.0,60.0,0.2,25.0,55,D,Significant Concerns,17.4
CD013719_pub2_data__A4,CD013719,92.0,100.0,60.0,0.2,25.0,55,D,Significant Concerns,17.4
CD013719_pub2_data__A6,CD013719,92.0,100.0,60.0,0.2,25.0,55,D,Significant Concerns,17.4
CD013719_pub2_data__A7,CD013719,92.0,100.0,60.0,0.2,25.0,55,D,Significant Concerns,17.4
CD006404_pub5_data__A10,CD006404,72.0,100.0,0.0,0.8,100.0,55,D,Significant Concerns,17.4
CD006404_pub5_data__A13,CD006404,92.0,100.0,30.0,0.8,50.0,55,D,Significant Concerns,17.4
CD006404_pub5_data__A2,CD006404,72.0,100.0,0.0,0.8,100.0,55,D,Significant Concerns,17.4
CD013757_pub3_data__A9,CD013757,92.0,100.0,60.0,0.2,25.0,55,D,Significant Concerns,17.4
CD001797_pub4_data__A8,CD001797,92.0,100.0,60.0,0.2,25.0,55,D,Significant Concerns,17.4
CD004736_pub6_data__A64,CD004736,92.0,100.0,60.0,0.3,25.0,55,D,Significant Concerns,17.4
CD004736_pub6_data__A66,CD004736,92.0,100.0,60.0,0.3,25.0,55,D,Significant Concerns,17.4
CD014585_pub2_data__A4,CD014585,52.0,100.0,20.0,0.9,100.0,55,D,Significant Concerns,17.4
CD015326_pub2_data__A24,CD015326,72.0,100.0,0.0,2.6,100.0,55,D,Significant Concerns,17.4
CD015326_pub2_data__A25,CD015326,72.0,100.0,0.0,2.6,100.0,55,D,Significant Concerns,17.4
CD015326_pub2_data__A26,CD015326,72.0,100.0,0.0,2.6,100.0,55,D,Significant Concerns,17.4
CD014541_pub2_data__A8,CD014541,92.0,100.0,30.0,1.3,50.0,55,D,Significant Concerns,17.4
CD015830_pub2_data__A2,CD015830,92.0,100.0,60.0,0.1,25.0,55,D,Significant Concerns,17.4
CD015830_pub2_data__A4,CD015830,92.0,100.0,60.0,0.1,25.0,55,D,Significant Concerns,17.4
CD015849_pub2_data__A10,CD015849,80.0,100.0,20.0,0.8,75.0,55,D,Significant Concerns,17.4
CD013054_pub3_data__A4,CD013054,92.0,100.0,60.0,0.1,25.0,55,D,Significant Concerns,17.4
CD015788_pub2_data__A3,CD015788,80.0,100.0,20.0,0.1,75.0,55,D,Significant Concerns,17.4
CD015788_pub2_data__A5,CD015788,92.0,100.0,60.0,0.1,25.0,55,D,Significant Concerns,17.4
CD002115_pub6_data__A1,CD002115,80.0,100.0,20.0,0.0,75.0,55,D,Significant Concerns,17.4
CD014541_pub2_data__A16,CD014541,92.0,100.0,30.0,1.3,50.0,55,D,Significant Concerns,17.4
CD014541_pub2_data__A18,CD014541,92.0,100.0,30.0,1.3,50.0,55,D,Significant Concerns,17.4
CD015326_pub2_data__A37,CD015326,72.0,100.0,0.0,2.6,100.0,55,D,Significant Concerns,17.4
CD015328_pub2_data__A7,CD015328,84.0,100.0,30.0,38.3,25.0,55,D,Significant Concerns,17.4
CD013197_pub2_data__A2,CD013197,92.0,100.0,60.0,0.3,25.0,55,D,Significant Concerns,17.4
CD013197_pub2_data__A11,CD013197,92.0,100.0,60.0,0.3,25.0,55,D,Significant Concerns,17.4
CD009535_pub3_data__A4,CD009535,92.0,100.0,60.0,0.4,25.0,55,D,Significant Concerns,17.4
CD013295_pub2_data__A2,CD013295,72.0,100.0,0.0,0.5,100.0,55,D,Significant Concerns,17.4
CD013295_pub2_data__A5,CD013295,72.0,100.0,0.0,0.5,100.0,55,D,Significant Concerns,17.4
CD015779_data__A10,CD015779,92.0,100.0,60.0,0.5,25.0,55,D,Significant Concerns,17.4
CD015779_data__A4,CD015779,92.0,100.0,60.0,0.5,25.0,55,D,Significant Concerns,17.4
CD015779_data__A6,CD015779,92.0,100.0,60.0,0.5,25.0,55,D,Significant Concerns,17.4
CD015779_data__A7,CD015779,92.0,100.0,60.0,0.5,25.0,55,D,Significant Concerns,17.4
CD015779_data__A8,CD015779,92.0,100.0,60.0,0.5,25.0,55,D,Significant Concerns,17.4
CD007639_pub3_data__A8,CD007639,92.0,100.0,60.0,0.4,25.0,55,D,Significant Concerns,17.4
CD007639_pub3_data__A9,CD007639,92.0,100.0,60.0,0.4,25.0,55,D,Significant Concerns,17.4
CD014541_pub2_data__A13,CD014541,92.0,100.0,30.0,1.3,50.0,55,D,Significant Concerns,17.4
CD004925_pub4_data__A6,CD004925,80.0,100.0,20.0,0.7,75.0,55,D,Significant Concerns,17.4
CD004736_pub6_data__A79,CD004736,92.0,100.0,60.0,0.3,25.0,55,D,Significant Concerns,17.4
CD013757_pub3_data__A10,CD013757,92.0,100.0,60.0,0.2,25.0,55,D,Significant Concerns,17.4
CD013757_pub3_data__A6,CD013757,92.0,100.0,60.0,0.2,25.0,55,D,Significant Concerns,17.4
CD013757_pub3_data__A8,CD013757,92.0,100.0,60.0,0.2,25.0,55,D,Significant Concerns,17.4
CD013408_pub2_data__A14,CD013408,92.0,100.0,60.0,0.3,25.0,55,D,Significant Concerns,17.4
CD013408_pub2_data__A16,CD013408,92.0,100.0,60.0,0.3,25.0,55,D,Significant Concerns,17.4
CD013408_pub2_data__A4,CD013408,92.0,100.0,60.0,0.3,25.0,55,D,Significant Concerns,17.4
CD015584_pub2_data__A7,CD015584,92.0,100.0,60.0,0.1,25.0,55,D,Significant Concerns,17.4
CD007639_pub3_data__A12,CD007639,92.0,100.0,60.0,0.4,25.0,55,D,Significant Concerns,17.4
CD007639_pub3_data__A13,CD007639,92.0,100.0,60.0,0.4,25.0,55,D,Significant Concerns,17.4
CD014040_pub2_data__A8,CD014040,92.0,100.0,60.0,0.1,25.0,55,D,Significant Concerns,17.4
CD014089_data__A3,CD014089,72.0,100.0,50.0,27.9,25.0,55,D,Significant Concerns,17.4
CD014089_data__A5,CD014089,72.0,100.0,50.0,27.9,25.0,55,D,Significant Concerns,17.4
CD014089_data__A6,CD014089,72.0,100.0,50.0,27.9,25.0,55,D,Significant Concerns,17.4
CD014089_data__A8,CD014089,72.0,100.0,50.0,27.9,25.0,55,D,Significant Concerns,17.4
CD004871_pub5_data__A5,CD004871,92.0,100.0,60.0,0.1,25.0,55,D,Significant Concerns,17.4
CD004871_pub5_data__A6,CD004871,92.0,100.0,60.0,0.1,25.0,55,D,Significant Concerns,17.4
CD013295_pub2_data__A8,CD013295,72.0,100.0,0.0,0.5,100.0,55,D,Significant Concerns,17.4
CD013295_pub2_data__A9,CD013295,72.0,100.0,0.0,0.5,100.0,55,D,Significant Concerns,17.4
CD009535_pub3_data__A29,CD009535,92.0,100.0,60.0,0.4,25.0,55,D,Significant Concerns,17.4
CD009535_pub3_data__A3,CD009535,92.0,100.0,60.0,0.4,25.0,55,D,Significant Concerns,17.4
CD009535_pub3_data__A30,CD009535,92.0,100.0,60.0,0.4,25.0,55,D,Significant Concerns,17.4
CD009535_pub3_data__A8,CD009535,92.0,100.0,60.0,0.4,25.0,55,D,Significant Concerns,17.4
CD009535_pub3_data__A9,CD009535,92.0,100.0,60.0,0.4,25.0,55,D,Significant Concerns,17.4
CD009609_pub3_data__A1,CD009609,80.0,100.0,20.0,1.3,75.0,55,D,Significant Concerns,17.4
CD002115_pub6_data__A4,CD002115,92.0,100.0,60.0,0.0,25.0,55,D,Significant Concerns,17.4
CD002115_pub6_data__A5,CD002115,92.0,100.0,60.0,0.0,25.0,55,D,Significant Concerns,17.4
CD002115_pub6_data__A8,CD002115,92.0,100.0,60.0,0.0,25.0,55,D,Significant Concerns,17.4
CD013875_pub2_data__A8,CD013875,92.0,100.0,30.0,3.8,50.0,55,D,Significant Concerns,17.4
CD014040_pub2_data__A10,CD014040,92.0,100.0,60.0,0.1,25.0,55,D,Significant Concerns,17.4
CD014040_pub2_data__A7,CD014040,92.0,100.0,60.0,0.1,25.0,55,D,Significant Concerns,17.4
CD007639_pub3_data__A14,CD007639,92.0,100.0,60.0,0.4,25.0,55,D,Significant Concerns,17.4
CD015588_pub2_data__A12,CD015588,92.0,100.0,60.0,0.1,25.0,55,D,Significant Concerns,17.4
CD013781_pub2_data__A21,CD013781,92.0,100.0,30.0,0.6,50.0,55,D,Significant Concerns,17.4
CD013781_pub2_data__A22,CD013781,92.0,100.0,30.0,0.6,50.0,55,D,Significant Concerns,17.4
CD013781_pub2_data__A25,CD013781,92.0,100.0,30.0,0.6,50.0,55,D,Significant Concerns,17.4
CD013781_pub2_data__A10,CD013781,72.0,100.0,0.0,0.6,100.0,55,D,Significant Concerns,17.4
CD003331_pub6_data__A4,CD003331,80.0,100.0,20.0,1.3,75.0,55,D,Significant Concerns,17.4
CD015588_pub2_data__A13,CD015588,80.0,100.0,20.0,0.1,75.0,55,D,Significant Concerns,17.4
CD015588_pub2_data__A14,CD015588,92.0,100.0,60.0,0.1,25.0,55,D,Significant Concerns,17.4
CD002203_pub5_data__A21,CD002203,92.0,100.0,60.0,0.4,25.0,55,D,Significant Concerns,17.4
CD002203_pub5_data__A22,CD002203,92.0,100.0,60.0,0.4,25.0,55,D,Significant Concerns,17.4
CD002203_pub5_data__A23,CD002203,92.0,100.0,60.0,0.4,25.0,55,D,Significant Concerns,17.4
CD013342_pub2_data__A11,CD013342,92.0,100.0,60.0,0.4,25.0,55,D,Significant Concerns,17.4
CD005187_pub6_data__A1,CD005187,92.0,100.0,30.0,3.5,50.0,55,D,Significant Concerns,17.4
CD005187_pub6_data__A2,CD005187,92.0,100.0,30.0,3.5,50.0,55,D,Significant Concerns,17.4
CD009535_pub3_data__A5,CD009535,80.0,100.0,20.0,0.4,75.0,55,D,Significant Concerns,17.4
CD009535_pub3_data__A6,CD009535,92.0,100.0,60.0,0.4,25.0,55,D,Significant Concerns,17.4
CD009535_pub3_data__A7,CD009535,92.0,100.0,60.0,0.4,25.0,55,D,Significant Concerns,17.4
CD015588_pub2_data__A19,CD015588,80.0,100.0,20.0,0.1,75.0,55,D,Significant Concerns,17.4
CD015588_pub2_data__A24,CD015588,92.0,100.0,60.0,0.1,25.0,55,D,Significant Concerns,17.4
CD015588_pub2_data__A28,CD015588,92.0,100.0,60.0,0.1,25.0,55,D,Significant Concerns,17.4
CD015588_pub2_data__A30,CD015588,92.0,100.0,60.0,0.1,25.0,55,D,Significant Concerns,17.4
CD006140_pub3_data__A21,CD006140,92.0,100.0,60.0,0.3,25.0,55,D,Significant Concerns,17.4
CD006182_pub3_data__A6,CD006182,52.0,100.0,40.0,5.7,75.0,55,D,Significant Concerns,17.4
CD003429_pub5_data__A2,CD003429,84.0,100.0,60.0,7.3,25.0,55,D,Significant Concerns,17.4
CD003429_pub5_data__A3,CD003429,84.0,100.0,60.0,7.3,25.0,55,D,Significant Concerns,17.4
CD003331_pub6_data__A9,CD003331,92.0,100.0,30.0,1.3,50.0,55,D,Significant Concerns,17.4
CD013781_pub2_data__A17,CD013781,80.0,100.0,20.0,0.6,75.0,55,D,Significant Concerns,17.4
CD015588_pub2_data__A36,CD015588,92.0,100.0,60.0,0.1,25.0,55,D,Significant Concerns,17.4
CD015588_pub2_data__A37,CD015588,92.0,100.0,60.0,0.1,25.0,55,D,Significant Concerns,17.4
CD015331_pub2_data__A7,CD015331,84.0,100.0,40.0,0.7,50.0,55,D,Significant Concerns,17.4
CD013800_pub2_data__A2,CD013800,92.0,100.0,30.0,2.5,50.0,55,D,Significant Concerns,17.4
CD005343_pub7_data__A8,CD005343,60.0,100.0,40.0,0.3,75.0,55,D,Significant Concerns,17.4
CD013822_pub2_data__A10,CD013822,92.0,100.0,60.0,0.1,25.0,55,D,Significant Concerns,17.4
CD013344_pub2_data__A12,CD013344,92.0,100.0,30.0,1.6,50.0,55,D,Significant Concerns,17.4
CD013344_pub2_data__A14,CD013344,92.0,100.0,30.0,1.6,50.0,55,D,Significant Concerns,17.4
CD002203_pub5_data__A15,CD002203,92.0,100.0,60.0,0.4,25.0,55,D,Significant Concerns,17.4
CD002203_pub5_data__A16,CD002203,92.0,100.0,60.0,0.4,25.0,55,D,Significant Concerns,17.4
CD002203_pub5_data__A18,CD002203,92.0,100.0,60.0,0.4,25.0,55,D,Significant Concerns,17.4
CD002203_pub5_data__A19,CD002203,92.0,100.0,60.0,0.4,25.0,55,D,Significant Concerns,17.4
CD013344_pub2_data__A7,CD013344,92.0,100.0,30.0,1.6,50.0,55,D,Significant Concerns,17.4
CD013344_pub2_data__A9,CD013344,92.0,100.0,30.0,1.6,50.0,55,D,Significant Concerns,17.4
CD013353_pub2_data__A5,CD013353,92.0,100.0,60.0,0.4,25.0,55,D,Significant Concerns,17.4
CD013353_pub2_data__A6,CD013353,92.0,100.0,60.0,0.4,25.0,55,D,Significant Concerns,17.4
CD013355_pub2_data__A1,CD013355,92.0,100.0,30.0,1.4,50.0,55,D,Significant Concerns,17.4
CD013355_pub2_data__A4,CD013355,92.0,100.0,30.0,1.4,50.0,55,D,Significant Concerns,17.4
CD013355_pub2_data__A6,CD013355,92.0,100.0,30.0,1.4,50.0,55,D,Significant Concerns,17.4
CD013355_pub2_data__A7,CD013355,92.0,100.0,30.0,1.4,50.0,55,D,Significant Concerns,17.4
CD006140_pub3_data__A14,CD006140,92.0,100.0,60.0,0.3,25.0,55,D,Significant Concerns,17.4
CD006140_pub3_data__A1,CD006140,60.0,100.0,40.0,0.3,75.0,55,D,Significant Concerns,17.4
CD015588_pub2_data__A39,CD015588,92.0,100.0,60.0,0.1,25.0,55,D,Significant Concerns,17.4
CD015588_pub2_data__A40,CD015588,92.0,100.0,60.0,0.1,25.0,55,D,Significant Concerns,17.4
CD013800_pub2_data__A16,CD013800,92.0,100.0,30.0,2.5,50.0,55,D,Significant Concerns,17.4
CD013781_pub2_data__A8,CD013781,72.0,100.0,0.0,0.6,100.0,55,D,Significant Concerns,17.4
CD013781_pub2_data__A9,CD013781,72.0,100.0,0.0,0.6,100.0,55,D,Significant Concerns,17.4
CD006140_pub3_data__A15,CD006140,92.0,100.0,60.0,0.3,25.0,55,D,Significant Concerns,17.4
CD006140_pub3_data__A18,CD006140,92.0,100.0,60.0,0.3,25.0,55,D,Significant Concerns,17.4
CD006140_pub3_data__A19,CD006140,92.0,100.0,60.0,0.3,25.0,55,D,Significant Concerns,17.4
CD006140_pub3_data__A20,CD006140,92.0,100.0,60.0,0.3,25.0,55,D,Significant Concerns,17.4
CD015588_pub2_data__A41,CD015588,92.0,100.0,60.0,0.1,25.0,55,D,Significant Concerns,17.4
CD013358_pub2_data__A20,CD013358,92.0,100.0,60.0,0.3,25.0,55,D,Significant Concerns,17.4
CD013358_pub2_data__A21,CD013358,92.0,100.0,60.0,0.3,25.0,55,D,Significant Concerns,17.4
CD015588_pub2_data__A9,CD015588,92.0,100.0,60.0,0.1,25.0,55,D,Significant Concerns,17.4
CD013800_pub2_data__A3,CD013800,92.0,100.0,30.0,2.5,50.0,55,D,Significant Concerns,17.4
CD013800_pub2_data__A4,CD013800,92.0,100.0,30.0,2.5,50.0,55,D,Significant Concerns,17.4
CD006140_pub3_data__A4,CD006140,80.0,100.0,20.0,0.3,75.0,55,D,Significant Concerns,17.4
CD002203_pub5_data__A11,CD002203,92.0,100.0,60.0,0.4,25.0,55,D,Significant Concerns,17.4
CD002203_pub5_data__A12,CD002203,92.0,100.0,60.0,0.4,25.0,55,D,Significant Concerns,17.4
CD015038_pub2_data__A5,CD015038,92.0,100.0,60.0,0.1,25.0,55,D,Significant Concerns,17.4
CD015038_pub2_data__A6,CD015038,92.0,100.0,60.0,0.1,25.0,55,D,Significant Concerns,17.4
CD015038_pub2_data__A8,CD015038,92.0,100.0,60.0,0.1,25.0,55,D,Significant Concerns,17.4
CD015038_pub2_data__A9,CD015038,92.0,100.0,60.0,0.1,25.0,55,D,Significant Concerns,17.4
CD009417_pub3_data__A7,CD009417,84.0,100.0,60.0,5.3,25.0,55,D,Significant Concerns,17.4
CD009535_pub3_data__A1,CD009535,92.0,100.0,60.0,0.4,25.0,55,D,Significant Concerns,17.4
CD009417_pub3_data__A1,CD009417,92.0,100.0,30.0,5.3,50.0,55,D,Significant Concerns,17.4
CD009417_pub3_data__A3,CD009417,92.0,100.0,30.0,5.3,50.0,55,D,Significant Concerns,17.4
CD015520_data__A10,CD015520,92.0,100.0,60.0,0.2,25.0,55,D,Significant Concerns,17.4
CD015520_data__A11,CD015520,92.0,100.0,60.0,0.2,25.0,55,D,Significant Concerns,17.4
CD009022_pub4_data__A4,CD009022,92.0,100.0,30.0,1.1,50.0,55,D,Significant Concerns,17.4
CD009022_pub4_data__A6,CD009022,92.0,100.0,30.0,1.1,50.0,55,D,Significant Concerns,17.4
CD009102_pub2_data__A6,CD009102,84.0,100.0,40.0,0.9,50.0,55,D,Significant Concerns,17.4
CD009235_pub4_data__A1,CD009235,72.0,100.0,0.0,2.1,100.0,55,D,Significant Concerns,17.4
CD009235_pub4_data__A3,CD009235,72.0,100.0,0.0,2.1,100.0,55,D,Significant Concerns,17.4
CD015033_pub2_data__A3,CD015033,72.0,100.0,0.0,0.9,100.0,55,D,Significant Concerns,17.4
CD015033_pub2_data__A7,CD015033,92.0,100.0,30.0,0.9,50.0,55,D,Significant Concerns,17.4
CD015033_pub2_data__A9,CD015033,92.0,100.0,30.0,0.9,50.0,55,D,Significant Concerns,17.4
CD015033_pub2_data__A1,CD015033,72.0,100.0,0.0,0.9,100.0,55,D,Significant Concerns,17.4
CD015033_pub2_data__A10,CD015033,92.0,100.0,30.0,0.9,50.0,55,D,Significant Concerns,17.4
CD016148_data__A4,CD016148,80.0,100.0,20.0,0.4,75.0,55,D,Significant Concerns,17.4
CD016148_data__A6,CD016148,92.0,100.0,60.0,0.4,25.0,55,D,Significant Concerns,17.4
CD016148_data__A7,CD016148,92.0,100.0,60.0,0.4,25.0,55,D,Significant Concerns,17.4
CD016148_data__A8,CD016148,92.0,100.0,60.0,0.4,25.0,55,D,Significant Concerns,17.4
CD011381_pub3_data__A6,CD011381,84.0,100.0,60.0,0.3,25.0,54,D,Significant Concerns,11.5
CD016148_data__A5,CD016148,92.0,100.0,30.0,0.4,50.0,54,D,Significant Concerns,11.5
CD000547_pub3_data__A11,CD000547,92.0,100.0,30.0,0.1,50.0,54,D,Significant Concerns,11.5
CD000547_pub3_data__A1,CD000547,72.0,100.0,0.0,0.1,100.0,54,D,Significant Concerns,11.5
CD009417_pub3_data__A4,CD009417,84.0,100.0,30.0,5.3,50.0,54,D,Significant Concerns,11.5
CD009531_pub3_data__A8,CD009531,84.0,100.0,60.0,2.0,25.0,54,D,Significant Concerns,11.5
CD009508_pub2_data__A1,CD009508,72.0,100.0,0.0,0.1,100.0,54,D,Significant Concerns,11.5
CD009417_pub3_data__A9,CD009417,72.0,100.0,20.0,5.3,75.0,54,D,Significant Concerns,11.5
CD013800_pub2_data__A11,CD013800,84.0,100.0,60.0,2.5,25.0,54,D,Significant Concerns,11.5
CD006140_pub3_data__A7,CD006140,52.0,100.0,20.0,0.3,100.0,54,D,Significant Concerns,11.5
CD006140_pub3_data__A6,CD006140,32.0,100.0,40.0,0.3,100.0,54,D,Significant Concerns,11.5
CD002203_pub5_data__A1,CD002203,72.0,100.0,0.0,0.4,100.0,54,D,Significant Concerns,11.5
CD013358_pub2_data__A3,CD013358,72.0,100.0,0.0,0.3,100.0,54,D,Significant Concerns,11.5
CD013358_pub2_data__A2,CD013358,72.0,100.0,0.0,0.3,100.0,54,D,Significant Concerns,11.5
CD007639_pub3_data__A10,CD007639,92.0,100.0,30.0,0.4,50.0,54,D,Significant Concerns,11.5
CD006140_pub3_data__A16,CD006140,92.0,100.0,30.0,0.3,50.0,54,D,Significant Concerns,11.5
CD007572_pub4_data__A8,CD007572,92.0,100.0,30.0,0.1,50.0,54,D,Significant Concerns,11.5
CD007572_pub4_data__A6,CD007572,84.0,100.0,60.0,0.1,25.0,54,D,Significant Concerns,11.5
CD007572_pub4_data__A5,CD007572,92.0,100.0,30.0,0.1,50.0,54,D,Significant Concerns,11.5
CD007572_pub4_data__A11,CD007572,92.0,100.0,30.0,0.1,50.0,54,D,Significant Concerns,11.5
CD007572_pub4_data__A10,CD007572,92.0,100.0,30.0,0.1,50.0,54,D,Significant Concerns,11.5
CD013358_pub2_data__A5,CD013358,72.0,100.0,0.0,0.3,100.0,54,D,Significant Concerns,11.5
CD006027_pub3_data__A1,CD006027,72.0,100.0,0.0,0.4,100.0,54,D,Significant Concerns,11.5
CD006140_pub3_data__A13,CD006140,92.0,100.0,30.0,0.3,50.0,54,D,Significant Concerns,11.5
CD013822_pub2_data__A9,CD013822,92.0,100.0,30.0,0.1,50.0,54,D,Significant Concerns,11.5
CD013355_pub2_data__A5,CD013355,84.0,100.0,60.0,1.4,25.0,54,D,Significant Concerns,11.5
CD013355_pub2_data__A2,CD013355,84.0,100.0,60.0,1.4,25.0,54,D,Significant Concerns,11.5
CD002203_pub5_data__A14,CD002203,92.0,100.0,30.0,0.4,50.0,54,D,Significant Concerns,11.5
CD013342_pub2_data__A7,CD013342,92.0,100.0,30.0,0.4,50.0,54,D,Significant Concerns,11.5
CD013822_pub2_data__A8,CD013822,92.0,100.0,30.0,0.1,50.0,54,D,Significant Concerns,11.5
CD013822_pub2_data__A3,CD013822,72.0,100.0,0.0,0.1,100.0,54,D,Significant Concerns,11.5
CD013822_pub2_data__A2,CD013822,92.0,100.0,30.0,0.1,50.0,54,D,Significant Concerns,11.5
CD013822_pub2_data__A1,CD013822,92.0,50.0,30.0,0.1,100.0,54,D,Significant Concerns,11.5
CD005343_pub7_data__A9,CD005343,72.0,100.0,0.0,0.3,100.0,54,D,Significant Concerns,11.5
CD013781_pub2_data__A15,CD013781,72.0,100.0,20.0,0.6,75.0,54,D,Significant Concerns,11.5
CD003357_pub5_data__A5,CD003357,92.0,100.0,30.0,0.2,50.0,54,D,Significant Concerns,11.5
CD015588_pub2_data__A29,CD015588,92.0,100.0,30.0,0.1,50.0,54,D,Significant Concerns,11.5
CD015588_pub2_data__A16,CD015588,92.0,100.0,30.0,0.1,50.0,54,D,Significant Concerns,11.5
CD013342_pub2_data__A3,CD013342,72.0,100.0,0.0,0.4,100.0,54,D,Significant Concerns,11.5
CD005343_pub7_data__A5,CD005343,92.0,100.0,30.0,0.3,50.0,54,D,Significant Concerns,11.5
CD005343_pub7_data__A12,CD005343,72.0,100.0,0.0,0.3,100.0,54,D,Significant Concerns,11.5
CD005343_pub7_data__A11,CD005343,72.0,100.0,0.0,0.3,100.0,54,D,Significant Concerns,11.5
CD005343_pub7_data__A10,CD005343,72.0,100.0,0.0,0.3,100.0,54,D,Significant Concerns,11.5
CD005343_pub7_data__A1,CD005343,92.0,100.0,30.0,0.3,50.0,54,D,Significant Concerns,11.5
CD013875_pub2_data__A1,CD013875,84.0,100.0,30.0,3.8,50.0,54,D,Significant Concerns,11.5
CD013763_pub3_data__A6,CD013763,72.0,100.0,0.0,0.4,100.0,54,D,Significant Concerns,11.5
CD013763_pub3_data__A5,CD013763,72.0,100.0,0.0,0.4,100.0,54,D,Significant Concerns,11.5
CD013763_pub3_data__A4,CD013763,72.0,100.0,0.0,0.4,100.0,54,D,Significant Concerns,11.5
CD013763_pub3_data__A3,CD013763,72.0,100.0,0.0,0.4,100.0,54,D,Significant Concerns,11.5
CD013763_pub3_data__A2,CD013763,72.0,100.0,0.0,0.4,100.0,54,D,Significant Concerns,11.5
CD013763_pub3_data__A12,CD013763,92.0,100.0,30.0,0.4,50.0,54,D,Significant Concerns,11.5
CD015588_pub2_data__A10,CD015588,92.0,100.0,30.0,0.1,50.0,54,D,Significant Concerns,11.5
CD014040_pub2_data__A5,CD014040,84.0,100.0,60.0,0.1,25.0,54,D,Significant Concerns,11.5
CD014040_pub2_data__A4,CD014040,92.0,100.0,30.0,0.1,50.0,54,D,Significant Concerns,11.5
CD004925_pub4_data__A5,CD004925,72.0,100.0,20.0,0.7,75.0,54,D,Significant Concerns,11.5
CD004871_pub5_data__A7,CD004871,92.0,100.0,30.0,0.1,50.0,54,D,Significant Concerns,11.5
CD002115_pub6_data__A7,CD002115,92.0,100.0,30.0,0.0,50.0,54,D,Significant Concerns,11.5
CD002115_pub6_data__A13,CD002115,92.0,100.0,30.0,0.0,50.0,54,D,Significant Concerns,11.5
CD015746_pub2_data__A1,CD015746,40.0,100.0,30.0,0.1,100.0,54,D,Significant Concerns,11.5
CD009535_pub3_data__A28,CD009535,92.0,100.0,30.0,0.4,50.0,54,D,Significant Concerns,11.5
CD009535_pub3_data__A27,CD009535,92.0,100.0,30.0,0.4,50.0,54,D,Significant Concerns,11.5
CD009535_pub3_data__A26,CD009535,92.0,100.0,30.0,0.4,50.0,54,D,Significant Concerns,11.5
CD009535_pub3_data__A25,CD009535,92.0,100.0,30.0,0.4,50.0,54,D,Significant Concerns,11.5
CD013408_pub2_data__A3,CD013408,84.0,100.0,60.0,0.3,25.0,54,D,Significant Concerns,11.5
CD013408_pub2_data__A15,CD013408,92.0,100.0,30.0,0.3,50.0,54,D,Significant Concerns,11.5
CD013408_pub2_data__A13,CD013408,92.0,100.0,30.0,0.3,50.0,54,D,Significant Concerns,11.5
CD013408_pub2_data__A12,CD013408,92.0,100.0,30.0,0.3,50.0,54,D,Significant Concerns,11.5
CD013757_pub3_data__A3,CD013757,92.0,100.0,30.0,0.2,50.0,54,D,Significant Concerns,11.5
CD006475_pub3_data__A6,CD006475,28.0,100.0,40.0,0.2,100.0,54,D,Significant Concerns,11.5
CD013763_pub3_data__A1,CD013763,72.0,100.0,0.0,0.4,100.0,54,D,Significant Concerns,11.5
CD004925_pub4_data__A7,CD004925,72.0,100.0,20.0,0.7,75.0,54,D,Significant Concerns,11.5
CD004871_pub5_data__A14,CD004871,92.0,100.0,30.0,0.1,50.0,54,D,Significant Concerns,11.5
CD015788_pub2_data__A1,CD015788,92.0,100.0,30.0,0.1,50.0,54,D,Significant Concerns,11.5
CD013197_pub2_data__A3,CD013197,92.0,100.0,30.0,0.3,50.0,54,D,Significant Concerns,11.5
CD013197_pub2_data__A19,CD013197,52.0,100.0,20.0,0.3,100.0,54,D,Significant Concerns,11.5
CD013232_pub2_data__A18,CD013232,84.0,0.0,80.0,8.2,100.0,54,D,Significant Concerns,11.5
CD015788_pub2_data__A4,CD015788,92.0,100.0,30.0,0.1,50.0,54,D,Significant Concerns,11.5
CD015788_pub2_data__A2,CD015788,92.0,100.0,30.0,0.1,50.0,54,D,Significant Concerns,11.5
CD007639_pub3_data__A2,CD007639,72.0,100.0,0.0,0.4,100.0,54,D,Significant Concerns,11.5
CD007639_pub3_data__A15,CD007639,92.0,100.0,30.0,0.4,50.0,54,D,Significant Concerns,11.5
CD004736_pub6_data__A65,CD004736,92.0,100.0,30.0,0.3,50.0,54,D,Significant Concerns,11.5
CD014624_pub2_data__A4,CD014624,44.0,100.0,50.0,0.1,75.0,54,D,Significant Concerns,11.5
CD001797_pub4_data__A9,CD001797,92.0,100.0,30.0,0.2,50.0,54,D,Significant Concerns,11.5
CD013111_pub2_data__A1,CD013111,76.0,90.0,30.0,50.0,25.0,54,D,Significant Concerns,11.5
CD006404_pub5_data__A17,CD006404,84.0,100.0,60.0,0.8,25.0,54,D,Significant Concerns,11.5
CD013715_pub2_data__A7,CD013715,92.0,100.0,30.0,0.2,50.0,54,D,Significant Concerns,11.5
CD013421_pub2_data__A4,CD013421,92.0,100.0,30.0,0.1,50.0,54,D,Significant Concerns,11.5
CD004736_pub6_data__A77,CD004736,92.0,100.0,30.0,0.3,50.0,54,D,Significant Concerns,11.5
CD004736_pub6_data__A75,CD004736,92.0,100.0,30.0,0.3,50.0,54,D,Significant Concerns,11.5
CD004736_pub6_data__A71,CD004736,92.0,100.0,30.0,0.3,50.0,54,D,Significant Concerns,11.5
CD013042_pub2_data__A8,CD013042,84.0,100.0,60.0,1.4,25.0,54,D,Significant Concerns,11.5
CD013054_pub3_data__A8,CD013054,84.0,100.0,60.0,0.1,25.0,54,D,Significant Concerns,11.5
CD015284_pub2_data__A36,CD015284,92.0,100.0,30.0,0.3,50.0,54,D,Significant Concerns,11.5
CD012993_pub2_data__A3,CD012993,92.0,100.0,30.0,0.4,50.0,54,D,Significant Concerns,11.5
CD012993_pub2_data__A7,CD012993,84.0,100.0,60.0,0.4,25.0,54,D,Significant Concerns,11.5
CD012993_pub2_data__A6,CD012993,92.0,100.0,30.0,0.4,50.0,54,D,Significant Concerns,11.5
CD015849_pub2_data__A23,CD015849,72.0,100.0,20.0,0.8,75.0,54,D,Significant Concerns,11.5
CD015284_pub2_data__A31,CD015284,92.0,100.0,30.0,0.3,50.0,54,D,Significant Concerns,11.5
CD015284_pub2_data__A30,CD015284,92.0,100.0,30.0,0.3,50.0,54,D,Significant Concerns,11.5
CD015284_pub2_data__A29,CD015284,92.0,100.0,30.0,0.3,50.0,54,D,Significant Concerns,11.5
CD015284_pub2_data__A18,CD015284,92.0,100.0,30.0,0.3,50.0,54,D,Significant Concerns,11.5
CD015443_pub2_data__A3,CD015443,76.0,90.0,30.0,1.1,75.0,54,D,Significant Concerns,11.5
CD015432_pub2_data__A11,CD015432,92.0,100.0,30.0,0.3,50.0,54,D,Significant Concerns,11.5
CD013715_pub2_data__A22,CD013715,92.0,100.0,30.0,0.2,50.0,54,D,Significant Concerns,11.5
CD015849_pub2_data__A39,CD015849,72.0,100.0,20.0,0.8,75.0,54,D,Significant Concerns,11.5
CD012993_pub2_data__A4,CD012993,92.0,100.0,30.0,0.4,50.0,54,D,Significant Concerns,11.5
CD015284_pub2_data__A17,CD015284,92.0,100.0,30.0,0.3,50.0,54,D,Significant Concerns,11.5
CD015255_pub2_data__A5,CD015255,92.0,100.0,30.0,0.3,50.0,54,D,Significant Concerns,11.5
CD015255_pub2_data__A24,CD015255,84.0,100.0,60.0,0.3,25.0,54,D,Significant Concerns,11.5
CD015255_pub2_data__A23,CD015255,84.0,100.0,60.0,0.3,25.0,54,D,Significant Concerns,11.5
CD015255_pub2_data__A22,CD015255,84.0,100.0,60.0,0.3,25.0,54,D,Significant Concerns,11.5
CD013715_pub2_data__A2,CD013715,84.0,100.0,60.0,0.2,25.0,54,D,Significant Concerns,11.5
CD013715_pub2_data__A17,CD013715,92.0,100.0,30.0,0.2,50.0,54,D,Significant Concerns,11.5
CD015443_pub2_data__A6,CD015443,84.0,100.0,60.0,1.1,25.0,54,D,Significant Concerns,11.5
CD013421_pub2_data__A5,CD013421,92.0,100.0,30.0,0.1,50.0,54,D,Significant Concerns,11.5
CD007079_pub4_data__A2,CD007079,52.0,100.0,20.0,0.2,100.0,54,D,Significant Concerns,11.5
CD007079_pub4_data__A16,CD007079,84.0,100.0,60.0,0.2,25.0,54,D,Significant Concerns,11.5
CD015255_pub2_data__A17,CD015255,92.0,100.0,30.0,0.3,50.0,54,D,Significant Concerns,11.5
CD015255_pub2_data__A11,CD015255,52.0,100.0,20.0,0.3,100.0,54,D,Significant Concerns,11.5
CD015255_pub2_data__A10,CD015255,52.0,100.0,20.0,0.3,100.0,54,D,Significant Concerns,11.5
CD015254_pub2_data__A9,CD015254,52.0,100.0,20.0,0.1,100.0,54,D,Significant Concerns,11.5
CD015254_pub2_data__A6,CD015254,52.0,100.0,20.0,0.1,100.0,54,D,Significant Concerns,11.5
CD012925_pub2_data__A4,CD012925,72.0,100.0,0.0,0.1,100.0,54,D,Significant Concerns,11.5
CD013643_pub2_data__A1,CD013643,84.0,100.0,30.0,5.6,50.0,54,D,Significant Concerns,11.5
CD015443_pub2_data__A8,CD015443,84.0,100.0,60.0,1.1,25.0,54,D,Significant Concerns,11.5
CD015443_pub2_data__A7,CD015443,84.0,100.0,60.0,1.1,25.0,54,D,Significant Concerns,11.5
CD010856_pub3_data__A12,CD010856,92.0,100.0,30.0,0.1,50.0,54,D,Significant Concerns,11.5
CD010856_pub3_data__A11,CD010856,92.0,100.0,30.0,0.1,50.0,54,D,Significant Concerns,11.5
CD007079_pub4_data__A9,CD007079,92.0,100.0,30.0,0.2,50.0,54,D,Significant Concerns,11.5
CD007079_pub4_data__A4,CD007079,72.0,100.0,0.0,0.2,100.0,54,D,Significant Concerns,11.5
CD012891_pub2_data__A2,CD012891,92.0,100.0,30.0,0.1,50.0,54,D,Significant Concerns,11.5
CD015254_pub2_data__A2,CD015254,92.0,100.0,30.0,0.1,50.0,54,D,Significant Concerns,11.5
CD014741_pub2_data__A3,CD014741,72.0,60.0,40.0,0.1,100.0,54,D,Significant Concerns,11.5
CD004736_pub6_data__A56,CD004736,72.0,100.0,0.0,0.3,100.0,54,D,Significant Concerns,11.5
CD015254_pub2_data__A11,CD015254,84.0,100.0,60.0,0.1,25.0,54,D,Significant Concerns,11.5
CD015254_pub2_data__A10,CD015254,84.0,100.0,60.0,0.1,25.0,54,D,Significant Concerns,11.5
CD015254_pub2_data__A1,CD015254,84.0,100.0,60.0,0.1,25.0,54,D,Significant Concerns,11.5
CD012905_pub2_data__A8,CD012905,72.0,100.0,20.0,0.7,75.0,54,D,Significant Concerns,11.5
CD004736_pub6_data__A42,CD004736,72.0,100.0,0.0,0.3,100.0,54,D,Significant Concerns,11.5
CD004736_pub6_data__A35,CD004736,72.0,100.0,0.0,0.3,100.0,54,D,Significant Concerns,11.5
CD003519_pub5_data__A13,CD003519,44.0,100.0,50.0,0.1,75.0,54,D,Significant Concerns,11.5
CD014763_pub2_data__A6,CD014763,92.0,100.0,30.0,0.4,50.0,54,D,Significant Concerns,11.5
CD006712_pub3_data__A4,CD006712,72.0,100.0,60.0,13.5,25.0,54,D,Significant Concerns,11.5
CD002971_pub6_data__A11,CD002971,92.0,100.0,30.0,0.3,50.0,54,D,Significant Concerns,11.5
CD006606_pub5_data__A4,CD006606,84.0,100.0,60.0,1.9,25.0,54,D,Significant Concerns,11.5
CD006606_pub5_data__A3,CD006606,84.0,100.0,60.0,1.9,25.0,54,D,Significant Concerns,11.5
CD013445_pub2_data__A33,CD013445,92.0,100.0,30.0,0.3,50.0,54,D,Significant Concerns,11.5
CD013456_pub2_data__A9,CD013456,60.0,100.0,0.0,32.6,75.0,54,D,Significant Concerns,11.5
CD002203_pub5_data__A9,CD002203,92.0,100.0,30.0,0.4,50.0,54,D,Significant Concerns,11.5
CD002203_pub5_data__A6,CD002203,92.0,100.0,30.0,0.4,50.0,54,D,Significant Concerns,11.5
CD012718_pub2_data__A8,CD012718,84.0,100.0,60.0,0.2,25.0,54,D,Significant Concerns,11.5
CD012718_pub2_data__A7,CD012718,84.0,100.0,60.0,0.2,25.0,54,D,Significant Concerns,11.5
CD012718_pub2_data__A2,CD012718,32.0,100.0,40.0,0.2,100.0,54,D,Significant Concerns,11.5
CD014763_pub2_data__A5,CD014763,92.0,100.0,30.0,0.4,50.0,54,D,Significant Concerns,11.5
CD003519_pub5_data__A10,CD003519,92.0,100.0,30.0,0.1,50.0,54,D,Significant Concerns,11.5
CD012757_pub2_data__A8,CD012757,84.0,100.0,60.0,0.8,25.0,54,D,Significant Concerns,11.5
CD012757_pub2_data__A7,CD012757,84.0,100.0,60.0,0.8,25.0,54,D,Significant Concerns,11.5
CD012757_pub2_data__A4,CD012757,84.0,100.0,60.0,0.8,25.0,54,D,Significant Concerns,11.5
CD013474_pub2_data__A15,CD013474,84.0,100.0,60.0,0.2,25.0,54,D,Significant Concerns,11.5
CD013474_pub2_data__A14,CD013474,84.0,100.0,60.0,0.2,25.0,54,D,Significant Concerns,11.5
CD006714_pub3_data__A3,CD006714,92.0,100.0,30.0,0.3,50.0,54,D,Significant Concerns,11.5
CD006714_pub3_data__A2,CD006714,92.0,100.0,30.0,0.3,50.0,54,D,Significant Concerns,11.5
CD014769_pub2_data__A21,CD014769,44.0,100.0,20.0,3.7,100.0,54,D,Significant Concerns,11.5
CD014769_pub2_data__A13,CD014769,72.0,100.0,20.0,3.7,75.0,54,D,Significant Concerns,11.5
CD015932_pub2_data__A13,CD015932,32.0,100.0,40.0,0.2,100.0,54,D,Significant Concerns,11.5
CD015894_pub2_data__A3,CD015894,92.0,100.0,30.0,0.1,50.0,54,D,Significant Concerns,11.5
CD012693_pub3_data__A30,CD012693,92.0,100.0,30.0,0.1,50.0,54,D,Significant Concerns,11.5
CD012693_pub3_data__A25,CD012693,92.0,100.0,30.0,0.1,50.0,54,D,Significant Concerns,11.5
CD008165_pub5_data__A5,CD008165,92.0,100.0,30.0,0.3,50.0,54,D,Significant Concerns,11.5
CD012693_pub3_data__A9,CD012693,28.0,100.0,40.0,0.1,100.0,54,D,Significant Concerns,11.5
CD004736_pub6_data__A33,CD004736,72.0,100.0,0.0,0.3,100.0,54,D,Significant Concerns,11.5
CD014833_pub2_data__A1,CD014833,84.0,100.0,60.0,2.7,25.0,54,D,Significant Concerns,11.5
CD012693_pub3_data__A10,CD012693,52.0,100.0,20.0,0.1,100.0,54,D,Significant Concerns,11.5
CD014861_pub2_data__A7,CD014861,84.0,100.0,60.0,1.3,25.0,54,D,Significant Concerns,11.5
CD014861_pub2_data__A5,CD014861,84.0,100.0,60.0,1.3,25.0,54,D,Significant Concerns,11.5
CD004736_pub6_data__A15,CD004736,32.0,100.0,40.0,0.3,100.0,54,D,Significant Concerns,11.5
CD016001_data__A17,CD016001,32.0,100.0,40.0,50.0,50.0,54,D,Significant Concerns,11.5
CD012178_pub2_data__A1,CD012178,84.0,100.0,30.0,5.3,50.0,54,D,Significant Concerns,11.5
CD013595_pub2_data__A8,CD013595,72.0,100.0,20.0,27.0,50.0,54,D,Significant Concerns,11.5
CD006714_pub3_data__A7,CD006714,92.0,100.0,30.0,0.3,50.0,54,D,Significant Concerns,11.5
CD014923_pub2_data__A1,CD014923,44.0,100.0,20.0,29.7,75.0,54,D,Significant Concerns,11.5
CD014937_pub2_data__A15,CD014937,32.0,100.0,40.0,0.1,100.0,54,D,Significant Concerns,11.5
CD014937_pub2_data__A13,CD014937,32.0,100.0,40.0,0.1,100.0,54,D,Significant Concerns,11.5
CD014937_pub2_data__A12,CD014937,32.0,100.0,40.0,0.1,100.0,54,D,Significant Concerns,11.5
CD014937_pub2_data__A11,CD014937,32.0,100.0,40.0,0.1,100.0,54,D,Significant Concerns,11.5
CD014937_pub2_data__A1,CD014937,32.0,100.0,40.0,0.1,100.0,54,D,Significant Concerns,11.5
CD014941_pub2_data__A17,CD014941,52.0,100.0,50.0,16.7,50.0,54,D,Significant Concerns,11.5
CD012079_pub2_data__A2,CD012079,52.0,100.0,20.0,0.1,100.0,54,D,Significant Concerns,11.5
CD012079_pub2_data__A16,CD012079,72.0,100.0,0.0,0.1,100.0,54,D,Significant Concerns,11.5
CD014941_pub2_data__A13,CD014941,52.0,100.0,50.0,16.7,50.0,54,D,Significant Concerns,11.5
CD014941_pub2_data__A12,CD014941,72.0,100.0,30.0,16.7,50.0,54,D,Significant Concerns,11.5
CD015140_pub2_data__A6,CD015140,72.0,100.0,20.0,0.7,75.0,54,D,Significant Concerns,11.5
CD012067_pub3_data__A8,CD012067,80.0,90.0,0.0,0.3,100.0,54,D,Significant Concerns,11.5
CD013571_pub2_data__A9,CD013571,92.0,100.0,30.0,0.5,50.0,54,D,Significant Concerns,11.5
CD013571_pub2_data__A7,CD013571,92.0,100.0,30.0,0.5,50.0,54,D,Significant Concerns,11.5
CD013571_pub2_data__A6,CD013571,92.0,100.0,30.0,0.5,50.0,54,D,Significant Concerns,11.5
CD006913_pub3_data__A16,CD006913,84.0,100.0,60.0,0.3,25.0,54,D,Significant Concerns,11.5
CD015518_data__A2,CD015518,72.0,100.0,0.0,0.3,100.0,54,D,Significant Concerns,11.5
CD006913_pub3_data__A15,CD006913,72.0,100.0,0.0,0.3,100.0,54,D,Significant Concerns,11.5
CD014959_pub2_data__A4,CD014959,72.0,100.0,20.0,2.3,75.0,54,D,Significant Concerns,11.5
CD014959_pub2_data__A2,CD014959,72.0,100.0,20.0,2.3,75.0,54,D,Significant Concerns,11.5
CD015140_pub2_data__A14,CD015140,72.0,100.0,20.0,0.7,75.0,54,D,Significant Concerns,11.5
CD016064_data__A4,CD016064,72.0,100.0,0.0,0.2,100.0,54,D,Significant Concerns,11.5
CD009730_pub3_data__A13,CD009730,84.0,100.0,30.0,6.5,50.0,54,D,Significant Concerns,11.5
CD008688_pub3_data__A7,CD008688,72.0,100.0,70.0,5.4,25.0,54,D,Significant Concerns,11.5
CD006913_pub3_data__A14,CD006913,72.0,100.0,0.0,0.3,100.0,54,D,Significant Concerns,11.5
CD006913_pub3_data__A10,CD006913,72.0,100.0,0.0,0.3,100.0,54,D,Significant Concerns,11.5
CD006913_pub3_data__A1,CD006913,72.0,100.0,0.0,0.3,100.0,54,D,Significant Concerns,11.5
CD006913_pub3_data__A3,CD006913,72.0,100.0,0.0,0.3,100.0,54,D,Significant Concerns,11.5
CD006913_pub3_data__A29,CD006913,92.0,100.0,30.0,0.3,50.0,54,D,Significant Concerns,11.5
CD006913_pub3_data__A28,CD006913,84.0,100.0,60.0,0.3,25.0,54,D,Significant Concerns,11.5
CD015518_data__A7,CD015518,92.0,100.0,30.0,0.3,50.0,54,D,Significant Concerns,11.5
CD013474_pub2_data__A9,CD013474,92.0,100.0,30.0,0.2,50.0,54,D,Significant Concerns,11.5
CD013474_pub2_data__A8,CD013474,92.0,100.0,30.0,0.2,50.0,54,D,Significant Concerns,11.5
CD004508_pub5_data__A12,CD004508,84.0,100.0,30.0,4.4,50.0,54,D,Significant Concerns,11.5
CD015122_pub2_data__A26,CD015122,92.0,100.0,30.0,0.2,50.0,54,D,Significant Concerns,11.5
CD015122_pub2_data__A23,CD015122,92.0,100.0,30.0,0.2,50.0,54,D,Significant Concerns,11.5
CD015122_pub2_data__A20,CD015122,92.0,100.0,30.0,0.2,50.0,54,D,Significant Concerns,11.5
CD015122_pub2_data__A18,CD015122,92.0,100.0,30.0,0.2,50.0,54,D,Significant Concerns,11.5
CD011039_pub2_data__A6,CD011039,84.0,100.0,60.0,1.2,25.0,54,D,Significant Concerns,11.5
CD004508_pub5_data__A5,CD004508,84.0,100.0,30.0,4.4,50.0,54,D,Significant Concerns,11.5
CD015014_pub2_data__A16,CD015014,84.0,100.0,30.0,6.0,50.0,54,D,Significant Concerns,11.5
CD015014_pub2_data__A15,CD015014,84.0,100.0,30.0,6.0,50.0,54,D,Significant Concerns,11.5
CD001396_pub4_data__A17,CD001396,92.0,100.0,30.0,0.3,50.0,54,D,Significant Concerns,11.5
CD015014_pub2_data__A14,CD015014,84.0,100.0,30.0,6.0,50.0,54,D,Significant Concerns,11.5
CD015014_pub2_data__A13,CD015014,84.0,100.0,30.0,6.0,50.0,54,D,Significant Concerns,11.5
CD011671_pub3_data__A11,CD011671,92.0,100.0,30.0,0.4,50.0,54,D,Significant Concerns,11.5
CD011039_pub2_data__A2,CD011039,84.0,100.0,60.0,1.2,25.0,54,D,Significant Concerns,11.5
CD011671_pub3_data__A8,CD011671,92.0,100.0,30.0,0.4,50.0,54,D,Significant Concerns,11.5
CD006913_pub3_data__A20,CD006913,92.0,100.0,30.0,0.3,50.0,54,D,Significant Concerns,11.5
CD006913_pub3_data__A19,CD006913,92.0,100.0,30.0,0.3,50.0,54,D,Significant Concerns,11.5
CD015520_data__A6,CD015520,92.0,100.0,30.0,0.2,50.0,54,D,Significant Concerns,11.5
CD015038_pub2_data__A3,CD015038,92.0,100.0,30.0,0.1,50.0,54,D,Significant Concerns,11.5
CD011381_pub3_data__A7,CD011381,84.0,100.0,60.0,0.3,25.0,54,D,Significant Concerns,11.5
CD015038_pub2_data__A16,CD015038,92.0,100.0,30.0,0.1,50.0,54,D,Significant Concerns,11.5
CD011381_pub3_data__A9,CD011381,84.0,100.0,60.0,0.3,25.0,54,D,Significant Concerns,11.5
CD015038_pub2_data__A11,CD015038,92.0,100.0,30.0,0.1,50.0,54,D,Significant Concerns,11.5
CD009417_pub3_data__A5,CD009417,84.0,100.0,30.0,5.3,50.0,54,D,Significant Concerns,11.5
CD000547_pub3_data__A13,CD000547,92.0,100.0,30.0,0.1,50.0,54,D,Significant Concerns,11.5
CD000547_pub3_data__A2,CD000547,92.0,100.0,30.0,0.1,50.0,54,D,Significant Concerns,11.5
CD015033_pub2_data__A11,CD015033,84.0,100.0,30.0,0.9,50.0,53,D,Significant Concerns,8.7
CD015033_pub2_data__A13,CD015033,84.0,100.0,30.0,0.9,50.0,53,D,Significant Concerns,8.7
CD015122_pub2_data__A19,CD015122,84.0,100.0,30.0,0.2,50.0,53,D,Significant Concerns,8.7
CD001321_pub7_data__A4,CD001321,84.0,100.0,30.0,0.4,50.0,53,D,Significant Concerns,8.7
CD011670_pub3_data__A1,CD011670,72.0,100.0,30.0,37.3,25.0,53,D,Significant Concerns,8.7
CD002303_pub4_data__A1,CD002303,72.0,100.0,20.0,0.3,75.0,53,D,Significant Concerns,8.7
CD006913_pub3_data__A11,CD006913,44.0,100.0,20.0,0.3,100.0,53,D,Significant Concerns,8.7
CD006689_pub3_data__A3,CD006689,64.0,100.0,0.0,1.8,100.0,53,D,Significant Concerns,8.7
CD013462_pub3_data__A1,CD013462,24.0,100.0,40.0,0.2,100.0,53,D,Significant Concerns,8.7
CD006515_pub2_data__A2,CD006515,72.0,100.0,60.0,5.9,25.0,53,D,Significant Concerns,8.7
CD006515_pub2_data__A12,CD006515,92.0,100.0,40.0,5.9,25.0,53,D,Significant Concerns,8.7
CD013445_pub2_data__A5,CD013445,44.0,100.0,20.0,0.3,100.0,53,D,Significant Concerns,8.7
CD006714_pub3_data__A1,CD006714,84.0,100.0,30.0,0.3,50.0,53,D,Significant Concerns,8.7
CD015122_pub2_data__A5,CD015122,84.0,100.0,30.0,0.2,50.0,53,D,Significant Concerns,8.7
CD015122_pub2_data__A24,CD015122,84.0,100.0,30.0,0.2,50.0,53,D,Significant Concerns,8.7
CD012079_pub2_data__A22,CD012079,44.0,100.0,20.0,0.1,100.0,53,D,Significant Concerns,8.7
CD012079_pub2_data__A1,CD012079,64.0,100.0,0.0,0.1,100.0,53,D,Significant Concerns,8.7
CD013715_pub2_data__A13,CD013715,84.0,100.0,30.0,0.2,50.0,53,D,Significant Concerns,8.7
CD013715_pub2_data__A23,CD013715,52.0,100.0,40.0,0.2,75.0,53,D,Significant Concerns,8.7
CD004667_pub6_data__A6,CD004667,64.0,100.0,0.0,1.4,100.0,53,D,Significant Concerns,8.7
CD014937_pub2_data__A9,CD014937,24.0,100.0,40.0,0.1,100.0,53,D,Significant Concerns,8.7
CD015140_pub2_data__A16,CD015140,84.0,100.0,30.0,0.7,50.0,53,D,Significant Concerns,8.7
CD008493_pub5_data__A2,CD008493,44.0,100.0,20.0,0.4,100.0,53,D,Significant Concerns,8.7
CD008564_pub3_data__A1,CD008564,12.0,100.0,20.0,32.0,100.0,53,D,Significant Concerns,8.7
CD014965_pub2_data__A19,CD014965,64.0,0.0,50.0,99.7,50.0,53,D,Significant Concerns,8.7
CD015443_pub2_data__A10,CD015443,72.0,90.0,0.0,1.1,100.0,53,D,Significant Concerns,8.7
CD012268_pub2_data__A11,CD012268,60.0,100.0,0.0,6.5,100.0,53,D,Significant Concerns,8.7
CD012268_pub2_data__A6,CD012268,60.0,100.0,0.0,6.5,100.0,53,D,Significant Concerns,8.7
CD012268_pub2_data__A12,CD012268,60.0,100.0,0.0,6.5,100.0,53,D,Significant Concerns,8.7
CD015387_pub2_data__A3,CD015387,44.0,100.0,20.0,0.2,100.0,53,D,Significant Concerns,8.7
CD012268_pub2_data__A8,CD012268,60.0,100.0,0.0,6.5,100.0,53,D,Significant Concerns,8.7
CD012268_pub2_data__A7,CD012268,60.0,100.0,0.0,6.5,100.0,53,D,Significant Concerns,8.7
CD012079_pub2_data__A21,CD012079,44.0,100.0,20.0,0.1,100.0,53,D,Significant Concerns,8.7
CD012214_pub3_data__A5,CD012214,84.0,100.0,30.0,0.5,50.0,53,D,Significant Concerns,8.7
CD016002_data__A5,CD016002,72.0,100.0,20.0,50.0,25.0,53,D,Significant Concerns,8.7
CD014914_pub2_data__A1,CD014914,44.0,100.0,20.0,0.1,100.0,53,D,Significant Concerns,8.7
CD012268_pub2_data__A9,CD012268,60.0,100.0,0.0,6.5,100.0,53,D,Significant Concerns,8.7
CD016002_data__A9,CD016002,72.0,100.0,20.0,50.0,25.0,53,D,Significant Concerns,8.7
CD012850_pub2_data__A5,CD012850,84.0,100.0,30.0,25.7,25.0,53,D,Significant Concerns,8.7
CD003519_pub5_data__A12,CD003519,48.0,100.0,40.0,0.1,75.0,53,D,Significant Concerns,8.7
CD012693_pub3_data__A22,CD012693,84.0,100.0,30.0,0.1,50.0,53,D,Significant Concerns,8.7
CD014833_pub2_data__A7,CD014833,84.0,100.0,30.0,2.7,50.0,53,D,Significant Concerns,8.7
CD012693_pub3_data__A23,CD012693,84.0,100.0,30.0,0.1,50.0,53,D,Significant Concerns,8.7
CD015932_pub2_data__A7,CD015932,84.0,100.0,30.0,0.2,50.0,53,D,Significant Concerns,8.7
CD015877_data__A1,CD015877,72.0,100.0,20.0,50.0,25.0,53,D,Significant Concerns,8.7
CD003519_pub5_data__A17,CD003519,52.0,100.0,40.0,0.1,75.0,53,D,Significant Concerns,8.7
CD009609_pub3_data__A8,CD009609,72.0,100.0,40.0,1.3,50.0,53,D,Significant Concerns,8.7
CD013757_pub3_data__A1,CD013757,72.0,100.0,20.0,0.2,75.0,53,D,Significant Concerns,8.7
CD013408_pub2_data__A8,CD013408,84.0,100.0,30.0,0.3,50.0,53,D,Significant Concerns,8.7
CD014861_pub2_data__A3,CD014861,84.0,100.0,30.0,1.3,50.0,53,D,Significant Concerns,8.7
CD014833_pub2_data__A9,CD014833,84.0,100.0,30.0,2.7,50.0,53,D,Significant Concerns,8.7
CD014861_pub2_data__A11,CD014861,84.0,100.0,30.0,1.3,50.0,53,D,Significant Concerns,8.7
CD003962_pub3_data__A6,CD003962,72.0,100.0,10.0,6.5,75.0,53,D,Significant Concerns,8.7
CD016002_data__A10,CD016002,72.0,100.0,20.0,50.0,25.0,53,D,Significant Concerns,8.7
CD016002_data__A11,CD016002,72.0,100.0,20.0,50.0,25.0,53,D,Significant Concerns,8.7
CD012268_pub2_data__A1,CD012268,60.0,100.0,0.0,6.5,100.0,53,D,Significant Concerns,8.7
CD012268_pub2_data__A10,CD012268,60.0,100.0,0.0,6.5,100.0,53,D,Significant Concerns,8.7
CD013342_pub2_data__A10,CD013342,52.0,100.0,40.0,0.4,75.0,53,D,Significant Concerns,8.7
CD002122_pub3_data__A6,CD002122,24.0,100.0,40.0,0.2,100.0,53,D,Significant Concerns,8.7
CD002122_pub3_data__A2,CD002122,44.0,100.0,20.0,0.2,100.0,53,D,Significant Concerns,8.7
CD015331_pub2_data__A10,CD015331,64.0,100.0,50.0,0.7,50.0,53,D,Significant Concerns,8.7
CD002122_pub3_data__A7,CD002122,44.0,100.0,20.0,0.2,100.0,53,D,Significant Concerns,8.7
CD002115_pub6_data__A9,CD002115,84.0,100.0,30.0,0.0,50.0,53,D,Significant Concerns,8.7
CD005495_pub5_data__A6,CD005495,60.0,100.0,0.0,3.4,100.0,53,D,Significant Concerns,8.7
CD006919_pub5_data__A4,CD006919,72.0,55.0,40.0,0.2,100.0,53,D,Significant Concerns,8.7
CD015033_pub2_data__A21,CD015033,84.0,100.0,30.0,0.9,50.0,53,D,Significant Concerns,8.7
CD015033_pub2_data__A20,CD015033,84.0,100.0,30.0,0.9,50.0,53,D,Significant Concerns,8.7
CD015033_pub2_data__A19,CD015033,84.0,100.0,30.0,0.9,50.0,53,D,Significant Concerns,8.7
CD015033_pub2_data__A18,CD015033,84.0,100.0,30.0,0.9,50.0,53,D,Significant Concerns,8.7
CD002243_pub5_data__A7,CD002243,44.0,100.0,20.0,0.1,100.0,53,D,Significant Concerns,8.7
CD015060_pub2_data__A3,CD015060,72.0,100.0,20.0,50.0,25.0,53,D,Significant Concerns,8.7
CD004871_pub5_data__A2,CD004871,52.0,100.0,40.0,0.1,75.0,53,D,Significant Concerns,8.7
CD002203_pub5_data__A17,CD002203,52.0,100.0,40.0,0.4,75.0,53,D,Significant Concerns,8.7
CD006140_pub3_data__A5,CD006140,72.0,100.0,20.0,0.3,75.0,53,D,Significant Concerns,8.7
CD013056_pub3_data__A1,CD013056,72.0,100.0,20.0,0.2,75.0,53,D,Significant Concerns,8.7
CD014585_pub2_data__A3,CD014585,24.0,100.0,40.0,0.9,100.0,53,D,Significant Concerns,8.7
CD012850_pub2_data__A18,CD012850,84.0,100.0,30.0,25.7,25.0,53,D,Significant Concerns,8.7
CD004736_pub6_data__A60,CD004736,72.0,100.0,20.0,0.3,75.0,53,D,Significant Concerns,8.7
CD015255_pub2_data__A12,CD015255,72.0,100.0,20.0,0.3,75.0,53,D,Significant Concerns,8.7
CD003357_pub5_data__A2,CD003357,52.0,100.0,40.0,0.2,75.0,53,D,Significant Concerns,8.7
CD013781_pub2_data__A18,CD013781,84.0,100.0,30.0,0.6,50.0,53,D,Significant Concerns,8.7
CD012757_pub2_data__A9,CD012757,84.0,100.0,30.0,0.8,50.0,53,D,Significant Concerns,8.7
CD012757_pub2_data__A3,CD012757,84.0,100.0,30.0,0.8,50.0,53,D,Significant Concerns,8.7
CD003414_pub4_data__A1,CD003414,64.0,100.0,0.0,2.5,100.0,53,D,Significant Concerns,8.7
CD007572_pub4_data__A7,CD007572,84.0,100.0,30.0,0.1,50.0,53,D,Significant Concerns,8.7
CD003477_pub5_data__A6,CD003477,84.0,100.0,30.0,0.5,50.0,53,D,Significant Concerns,8.7
CD012850_pub2_data__A13,CD012850,84.0,100.0,30.0,25.7,25.0,53,D,Significant Concerns,8.7
CD012757_pub2_data__A1,CD012757,84.0,100.0,30.0,0.8,50.0,53,D,Significant Concerns,8.7
CD012693_pub3_data__A29,CD012693,84.0,100.0,30.0,0.1,50.0,53,D,Significant Concerns,8.7
CD006140_pub3_data__A17,CD006140,84.0,100.0,30.0,0.3,50.0,53,D,Significant Concerns,8.7
CD013800_pub2_data__A5,CD013800,84.0,100.0,30.0,2.5,50.0,53,D,Significant Concerns,8.7
CD015255_pub2_data__A15,CD015255,84.0,100.0,30.0,0.3,50.0,53,D,Significant Concerns,8.7
CD004736_pub6_data__A58,CD004736,52.0,100.0,40.0,0.3,75.0,53,D,Significant Concerns,8.7
CD012850_pub2_data__A20,CD012850,84.0,100.0,30.0,25.7,25.0,53,D,Significant Concerns,8.7
CD014040_pub2_data__A6,CD014040,84.0,100.0,30.0,0.1,50.0,53,D,Significant Concerns,8.7
CD002112_pub2_data__A4,CD002112,44.0,100.0,20.0,0.1,100.0,53,D,Significant Concerns,8.7
CD013255_pub2_data__A6,CD013255,52.0,100.0,40.0,0.4,75.0,53,D,Significant Concerns,8.7
CD004736_pub6_data__A70,CD004736,84.0,100.0,30.0,0.3,50.0,53,D,Significant Concerns,8.7
CD013800_pub2_data__A10,CD013800,84.0,100.0,30.0,2.5,50.0,53,D,Significant Concerns,8.7
CD013344_pub2_data__A8,CD013344,84.0,100.0,30.0,1.6,50.0,53,D,Significant Concerns,8.7
CD013801_pub2_data__A6,CD013801,72.0,100.0,20.0,50.0,25.0,53,D,Significant Concerns,8.7
CD014713_pub2_data__A2,CD014713,84.0,100.0,30.0,1.0,50.0,53,D,Significant Concerns,8.7
CD015255_pub2_data__A7,CD015255,84.0,100.0,30.0,0.3,50.0,53,D,Significant Concerns,8.7
CD012942_pub2_data__A8,CD012942,24.0,100.0,40.0,0.8,100.0,53,D,Significant Concerns,8.7
CD003414_pub4_data__A2,CD003414,60.0,100.0,0.0,2.5,100.0,53,D,Significant Concerns,8.7
CD015326_pub2_data__A33,CD015326,60.0,100.0,0.0,2.6,100.0,53,D,Significant Concerns,8.7
CD002112_pub2_data__A6,CD002112,84.0,100.0,30.0,0.1,50.0,53,D,Significant Concerns,8.7
CD007674_pub3_data__A8,CD007674,24.0,100.0,40.0,0.2,100.0,53,D,Significant Concerns,8.7
CD009788_pub3_data__A1,CD009788,72.0,100.0,20.0,19.8,50.0,52,D,Significant Concerns,7.3
CD013462_pub3_data__A3,CD013462,60.0,100.0,0.0,0.2,100.0,52,D,Significant Concerns,7.3
CD011204_pub3_data__A7,CD011204,72.0,100.0,40.0,0.2,50.0,52,D,Significant Concerns,7.3
CD007079_pub4_data__A3,CD007079,40.0,100.0,20.0,0.2,100.0,52,D,Significant Concerns,7.3
CD015443_pub2_data__A9,CD015443,84.0,90.0,60.0,1.1,25.0,52,D,Significant Concerns,7.3
CD012067_pub3_data__A1,CD012067,72.0,90.0,0.0,0.3,100.0,52,D,Significant Concerns,7.3
CD015014_pub2_data__A32,CD015014,52.0,100.0,0.0,6.0,100.0,52,D,Significant Concerns,7.3
CD015014_pub2_data__A34,CD015014,52.0,100.0,0.0,6.0,100.0,52,D,Significant Concerns,7.3
CD015014_pub2_data__A33,CD015014,52.0,100.0,0.0,6.0,100.0,52,D,Significant Concerns,7.3
CD015003_pub2_data__A5,CD015003,72.0,100.0,50.0,12.7,25.0,52,D,Significant Concerns,7.3
CD008879_pub3_data__A3,CD008879,60.0,100.0,0.0,2.0,100.0,52,D,Significant Concerns,7.3
CD004508_pub5_data__A2,CD004508,60.0,100.0,20.0,4.4,75.0,52,D,Significant Concerns,7.3
CD004667_pub6_data__A24,CD004667,60.0,100.0,0.0,1.4,100.0,52,D,Significant Concerns,7.3
CD014889_pub2_data__A3,CD014889,72.0,100.0,40.0,0.3,50.0,52,D,Significant Concerns,7.3
CD001552_pub3_data__A2,CD001552,36.0,80.0,40.0,26.7,75.0,52,D,Significant Concerns,7.3
CD012170_pub2_data__A1,CD012170,60.0,100.0,0.0,1.6,100.0,52,D,Significant Concerns,7.3
CD016064_data__A9,CD016064,60.0,100.0,0.0,0.2,100.0,52,D,Significant Concerns,7.3
CD015140_pub2_data__A9,CD015140,60.0,100.0,0.0,0.7,100.0,52,D,Significant Concerns,7.3
CD012079_pub2_data__A11,CD012079,60.0,100.0,0.0,0.1,100.0,52,D,Significant Concerns,7.3
CD013358_pub2_data__A4,CD013358,60.0,100.0,0.0,0.3,100.0,52,D,Significant Concerns,7.3
CD015588_pub2_data__A45,CD015588,60.0,100.0,0.0,0.1,100.0,52,D,Significant Concerns,7.3
CD012718_pub2_data__A1,CD012718,60.0,100.0,0.0,0.2,100.0,52,D,Significant Concerns,7.3
CD003519_pub5_data__A2,CD003519,40.0,100.0,20.0,0.1,100.0,52,D,Significant Concerns,7.3
CD012693_pub3_data__A7,CD012693,60.0,100.0,0.0,0.1,100.0,52,D,Significant Concerns,7.3
CD004736_pub6_data__A6,CD004736,40.0,100.0,20.0,0.3,100.0,52,D,Significant Concerns,7.3
CD003331_pub6_data__A8,CD003331,60.0,100.0,0.0,1.3,100.0,52,D,Significant Concerns,7.3
CD006185_pub6_data__A3,CD006185,72.0,80.0,10.0,0.5,100.0,52,D,Significant Concerns,7.3
CD015588_pub2_data__A4,CD015588,60.0,100.0,0.0,0.1,100.0,52,D,Significant Concerns,7.3
CD013781_pub2_data__A14,CD013781,40.0,100.0,20.0,0.6,100.0,52,D,Significant Concerns,7.3
CD008176_pub3_data__A19,CD008176,60.0,100.0,0.0,0.5,100.0,52,D,Significant Concerns,7.3
CD013763_pub3_data__A9,CD013763,56.0,80.0,50.0,0.4,75.0,52,D,Significant Concerns,7.3
CD013719_pub2_data__A3,CD013719,72.0,100.0,40.0,0.2,50.0,52,D,Significant Concerns,7.3
CD008176_pub3_data__A7,CD008176,60.0,100.0,0.0,0.5,100.0,52,D,Significant Concerns,7.3
CD013672_pub2_data__A3,CD013672,44.0,100.0,40.0,0.5,75.0,52,D,Significant Concerns,7.3
CD004736_pub6_data__A12,CD004736,40.0,100.0,20.0,0.3,100.0,52,D,Significant Concerns,7.3
CD004736_pub6_data__A17,CD004736,40.0,100.0,20.0,0.3,100.0,52,D,Significant Concerns,7.3
CD008176_pub3_data__A16,CD008176,60.0,100.0,0.0,0.5,100.0,52,D,Significant Concerns,7.3
CD008176_pub3_data__A14,CD008176,60.0,100.0,0.0,0.5,100.0,52,D,Significant Concerns,7.3
CD008176_pub3_data__A13,CD008176,60.0,100.0,0.0,0.5,100.0,52,D,Significant Concerns,7.3
CD008176_pub3_data__A15,CD008176,60.0,100.0,0.0,0.5,100.0,52,D,Significant Concerns,7.3
CD012718_pub2_data__A4,CD012718,64.0,100.0,70.0,0.2,25.0,52,D,Significant Concerns,7.3
CD008176_pub3_data__A9,CD008176,60.0,100.0,0.0,0.5,100.0,52,D,Significant Concerns,7.3
CD012693_pub3_data__A20,CD012693,60.0,100.0,0.0,0.1,100.0,52,D,Significant Concerns,7.3
CD015932_pub2_data__A3,CD015932,64.0,100.0,20.0,0.2,75.0,52,D,Significant Concerns,7.3
CD003962_pub3_data__A14,CD003962,72.0,100.0,30.0,6.5,50.0,52,D,Significant Concerns,7.3
CD013781_pub2_data__A4,CD013781,60.0,100.0,0.0,0.6,100.0,52,D,Significant Concerns,7.3
CD013332_pub2_data__A1,CD013332,40.0,100.0,20.0,0.4,100.0,52,D,Significant Concerns,7.3
CD005343_pub7_data__A6,CD005343,72.0,100.0,40.0,0.3,50.0,52,D,Significant Concerns,7.3
CD007639_pub3_data__A4,CD007639,60.0,100.0,0.0,0.4,100.0,52,D,Significant Concerns,7.3
CD002112_pub2_data__A1,CD002112,60.0,100.0,0.0,0.1,100.0,52,D,Significant Concerns,7.3
CD013105_pub2_data__A6,CD013105,60.0,100.0,0.0,1.3,100.0,52,D,Significant Concerns,7.3
CD015330_pub2_data__A7,CD015330,92.0,100.0,40.0,0.8,25.0,52,D,Significant Concerns,7.3
CD015331_pub2_data__A68,CD015331,92.0,100.0,40.0,0.7,25.0,52,D,Significant Concerns,7.3
CD014688_pub2_data__A1,CD014688,60.0,100.0,0.0,0.1,100.0,52,D,Significant Concerns,7.3
CD004736_pub6_data__A53,CD004736,40.0,100.0,20.0,0.3,100.0,52,D,Significant Concerns,7.3
CD015314_pub2_data__A2,CD015314,40.0,100.0,20.0,0.1,100.0,52,D,Significant Concerns,7.3
CD012925_pub2_data__A3,CD012925,60.0,100.0,0.0,0.1,100.0,52,D,Significant Concerns,7.3
CD012993_pub2_data__A9,CD012993,60.0,100.0,0.0,0.4,100.0,52,D,Significant Concerns,7.3
CD008063_pub3_data__A2,CD008063,60.0,100.0,0.0,0.6,100.0,52,D,Significant Concerns,7.3
CD014678_pub2_data__A4,CD014678,60.0,100.0,0.0,2.4,100.0,52,D,Significant Concerns,7.3
CD015779_data__A5,CD015779,72.0,100.0,40.0,0.5,50.0,52,D,Significant Concerns,7.3
CD015330_pub2_data__A8,CD015330,92.0,100.0,40.0,0.8,25.0,52,D,Significant Concerns,7.3
CD015331_pub2_data__A12,CD015331,92.0,100.0,40.0,0.7,25.0,52,D,Significant Concerns,7.3
CD015331_pub2_data__A18,CD015331,92.0,100.0,40.0,0.7,25.0,52,D,Significant Concerns,7.3
CD015331_pub2_data__A14,CD015331,92.0,100.0,40.0,0.7,25.0,52,D,Significant Concerns,7.3
CD015331_pub2_data__A19,CD015331,92.0,100.0,40.0,0.7,25.0,52,D,Significant Concerns,7.3
CD015331_pub2_data__A2,CD015331,92.0,100.0,40.0,0.7,25.0,52,D,Significant Concerns,7.3
CD007639_pub3_data__A6,CD007639,60.0,100.0,0.0,0.4,100.0,52,D,Significant Concerns,7.3
CD015331_pub2_data__A75,CD015331,72.0,100.0,60.0,0.7,25.0,52,D,Significant Concerns,7.3
CD007639_pub3_data__A5,CD007639,60.0,100.0,0.0,0.4,100.0,52,D,Significant Concerns,7.3
CD015331_pub2_data__A47,CD015331,72.0,100.0,10.0,0.7,75.0,52,D,Significant Concerns,7.3
CD015331_pub2_data__A39,CD015331,92.0,100.0,40.0,0.7,25.0,52,D,Significant Concerns,7.3
CD002115_pub6_data__A2,CD002115,36.0,100.0,50.0,0.0,75.0,52,D,Significant Concerns,7.3
CD015331_pub2_data__A26,CD015331,92.0,100.0,40.0,0.7,25.0,52,D,Significant Concerns,7.3
CD015331_pub2_data__A28,CD015331,92.0,100.0,40.0,0.7,25.0,52,D,Significant Concerns,7.3
CD015331_pub2_data__A24,CD015331,92.0,100.0,40.0,0.7,25.0,52,D,Significant Concerns,7.3
CD015038_pub2_data__A1,CD015038,40.0,100.0,20.0,0.1,100.0,52,D,Significant Concerns,7.3
CD014089_data__A7,CD014089,80.0,100.0,20.0,27.9,25.0,51,D,Significant Concerns,6.1
CD011778_pub2_data__A6,CD011778,80.0,100.0,0.0,0.2,75.0,51,D,Significant Concerns,6.1
CD002122_pub3_data__A4,CD002122,60.0,100.0,20.0,0.2,75.0,51,D,Significant Concerns,6.1
CD011778_pub2_data__A3,CD011778,80.0,100.0,0.0,0.2,75.0,51,D,Significant Concerns,6.1
CD014089_data__A1,CD014089,80.0,100.0,20.0,27.9,25.0,51,D,Significant Concerns,6.1
CD014089_data__A4,CD014089,80.0,100.0,20.0,27.9,25.0,51,D,Significant Concerns,6.1
CD005495_pub5_data__A7,CD005495,52.0,100.0,0.0,3.4,100.0,51,D,Significant Concerns,6.1
CD011778_pub2_data__A8,CD011778,100.0,100.0,30.0,0.2,25.0,51,D,Significant Concerns,6.1
CD011778_pub2_data__A9,CD011778,80.0,100.0,0.0,0.2,75.0,51,D,Significant Concerns,6.1
CD009730_pub3_data__A10,CD009730,72.0,100.0,50.0,6.5,25.0,51,D,Significant Concerns,6.1
CD002243_pub5_data__A11,CD002243,36.0,100.0,20.0,0.1,100.0,51,D,Significant Concerns,6.1
CD014089_data__A2,CD014089,80.0,100.0,20.0,27.9,25.0,51,D,Significant Concerns,6.1
CD008349_pub5_data__A2,CD008349,80.0,100.0,0.0,0.5,75.0,51,D,Significant Concerns,6.1
CD016119_data__A20,CD016119,72.0,100.0,30.0,1.5,50.0,51,D,Significant Concerns,6.1
CD013822_pub2_data__A7,CD013822,100.0,50.0,30.0,0.1,75.0,51,D,Significant Concerns,6.1
CD013822_pub2_data__A4,CD013822,100.0,50.0,30.0,0.1,75.0,51,D,Significant Concerns,6.1
CD011778_pub2_data__A2,CD011778,80.0,100.0,0.0,0.2,75.0,51,D,Significant Concerns,6.1
CD011778_pub2_data__A10,CD011778,80.0,100.0,0.0,0.2,75.0,51,D,Significant Concerns,6.1
CD009730_pub3_data__A12,CD009730,92.0,100.0,30.0,6.5,25.0,51,D,Significant Concerns,6.1
CD013053_pub3_data__A2,CD013053,76.0,45.0,80.0,1.6,50.0,51,D,Significant Concerns,6.1
CD013643_pub2_data__A14,CD013643,80.0,100.0,20.0,5.6,50.0,51,D,Significant Concerns,6.1
CD001797_pub4_data__A6,CD001797,100.0,100.0,30.0,0.2,25.0,51,D,Significant Concerns,6.1
CD004667_pub6_data__A4,CD004667,16.0,100.0,40.0,1.4,100.0,51,D,Significant Concerns,6.1
CD008349_pub5_data__A11,CD008349,80.0,100.0,0.0,0.5,75.0,51,D,Significant Concerns,6.1
CD008349_pub5_data__A10,CD008349,80.0,100.0,0.0,0.5,75.0,51,D,Significant Concerns,6.1
CD009730_pub3_data__A9,CD009730,92.0,100.0,30.0,6.5,25.0,51,D,Significant Concerns,6.1
CD013232_pub2_data__A17,CD013232,92.0,50.0,30.0,8.2,75.0,51,D,Significant Concerns,6.1
CD015140_pub2_data__A13,CD015140,60.0,100.0,20.0,0.7,75.0,51,D,Significant Concerns,6.1
CD003429_pub5_data__A4,CD003429,92.0,100.0,30.0,7.3,25.0,51,D,Significant Concerns,6.1
CD013053_pub3_data__A1,CD013053,76.0,45.0,80.0,1.6,50.0,51,D,Significant Concerns,6.1
CD003429_pub5_data__A5,CD003429,92.0,100.0,30.0,7.3,25.0,51,D,Significant Concerns,6.1
CD013056_pub3_data__A2,CD013056,60.0,100.0,20.0,0.2,75.0,51,D,Significant Concerns,6.1
CD014713_pub2_data__A1,CD014713,60.0,100.0,20.0,1.0,75.0,51,D,Significant Concerns,6.1
CD014544_pub2_data__A2,CD014544,52.0,100.0,40.0,14.5,50.0,51,D,Significant Concerns,6.1
CD014544_pub2_data__A4,CD014544,40.0,100.0,0.0,14.5,100.0,51,D,Significant Concerns,6.1
CD013672_pub2_data__A2,CD013672,32.0,100.0,20.0,0.5,100.0,51,D,Significant Concerns,6.1
CD013715_pub2_data__A19,CD013715,64.0,100.0,40.0,0.2,50.0,51,D,Significant Concerns,6.1
CD013474_pub2_data__A10,CD013474,60.0,100.0,20.0,0.2,75.0,51,D,Significant Concerns,6.1
CD004406_pub6_data__A9,CD004406,72.0,100.0,30.0,3.4,50.0,51,D,Significant Concerns,6.1
CD015932_pub2_data__A12,CD015932,40.0,100.0,40.0,0.2,75.0,51,D,Significant Concerns,6.1
CD015932_pub2_data__A15,CD015932,64.0,100.0,40.0,0.2,50.0,51,D,Significant Concerns,6.1
CD014769_pub2_data__A24,CD014769,52.0,100.0,0.0,3.7,100.0,51,D,Significant Concerns,6.1
CD012757_pub2_data__A6,CD012757,64.0,100.0,40.0,0.8,50.0,51,D,Significant Concerns,6.1
CD003519_pub5_data__A19,CD003519,60.0,100.0,70.0,0.1,25.0,51,D,Significant Concerns,6.1
CD013672_pub2_data__A4,CD013672,32.0,100.0,20.0,0.5,100.0,51,D,Significant Concerns,6.1
CD013781_pub2_data__A16,CD013781,60.0,100.0,20.0,0.6,75.0,51,D,Significant Concerns,6.1
CD012850_pub2_data__A4,CD012850,60.0,100.0,20.0,25.7,50.0,51,D,Significant Concerns,6.1
CD014852_pub2_data__A22,CD014852,72.0,100.0,50.0,6.0,25.0,51,D,Significant Concerns,6.1
CD001797_pub4_data__A10,CD001797,64.0,100.0,40.0,0.2,50.0,51,D,Significant Concerns,6.1
CD001797_pub4_data__A1,CD001797,64.0,100.0,40.0,0.2,50.0,51,D,Significant Concerns,6.1
CD015383_pub2_data__A4,CD015383,100.0,100.0,30.0,1.1,25.0,51,D,Significant Concerns,6.1
CD015383_pub2_data__A3,CD015383,100.0,100.0,30.0,1.1,25.0,51,D,Significant Concerns,6.1
CD013358_pub2_data__A18,CD013358,80.0,100.0,0.0,0.3,75.0,51,D,Significant Concerns,6.1
CD014872_pub2_data__A14,CD014872,60.0,100.0,20.0,1.3,75.0,51,D,Significant Concerns,6.1
CD013672_pub2_data__A5,CD013672,32.0,100.0,20.0,0.5,100.0,51,D,Significant Concerns,6.1
CD015443_pub2_data__A4,CD015443,48.0,65.0,40.0,1.1,100.0,51,D,Significant Concerns,6.1
CD015284_pub2_data__A3,CD015284,16.0,100.0,40.0,0.3,100.0,51,D,Significant Concerns,6.1
CD013781_pub2_data__A7,CD013781,80.0,100.0,0.0,0.6,75.0,51,D,Significant Concerns,6.1
CD003429_pub5_data__A1,CD003429,92.0,100.0,30.0,7.3,25.0,51,D,Significant Concerns,6.1
CD013781_pub2_data__A3,CD013781,52.0,100.0,0.0,0.6,100.0,51,D,Significant Concerns,6.1
CD015383_pub2_data__A1,CD015383,100.0,100.0,30.0,1.1,25.0,51,D,Significant Concerns,6.1
CD015383_pub2_data__A2,CD015383,100.0,100.0,30.0,1.1,25.0,51,D,Significant Concerns,6.1
CD014763_pub2_data__A2,CD014763,60.0,100.0,20.0,0.4,75.0,51,D,Significant Concerns,6.1
CD011381_pub3_data__A3,CD011381,44.0,90.0,20.0,0.3,100.0,51,D,Significant Concerns,6.1
CD015003_pub2_data__A2,CD015003,72.0,100.0,20.0,12.7,50.0,51,D,Significant Concerns,6.1
CD015040_pub2_data__A2,CD015040,80.0,100.0,0.0,0.8,75.0,51,D,Significant Concerns,6.1
CD004406_pub6_data__A5,CD004406,72.0,100.0,30.0,3.4,50.0,51,D,Significant Concerns,6.1
CD002243_pub5_data__A6,CD002243,36.0,100.0,20.0,0.1,100.0,51,D,Significant Concerns,6.1
CD013474_pub2_data__A11,CD013474,60.0,100.0,20.0,0.2,75.0,51,D,Significant Concerns,6.1
CD008309_pub3_data__A9,CD008309,92.0,100.0,30.0,1.3,25.0,50,D,Significant Concerns,4.9
CD012079_pub2_data__A3,CD012079,32.0,100.0,20.0,0.1,100.0,50,D,Significant Concerns,4.9
CD002243_pub5_data__A18,CD002243,32.0,100.0,20.0,0.1,100.0,50,D,Significant Concerns,4.9
CD014871_pub2_data__A45,CD014871,92.0,100.0,30.0,1.1,25.0,50,D,Significant Concerns,4.9
CD014871_pub2_data__A9,CD014871,92.0,100.0,30.0,1.1,25.0,50,D,Significant Concerns,4.9
CD012693_pub3_data__A8,CD012693,32.0,100.0,20.0,0.1,100.0,50,D,Significant Concerns,4.9
CD004736_pub6_data__A20,CD004736,32.0,100.0,20.0,0.3,100.0,50,D,Significant Concerns,4.9
CD003519_pub5_data__A7,CD003519,80.0,100.0,20.0,0.1,50.0,50,D,Significant Concerns,4.9
CD003218_pub3_data__A1,CD003218,92.0,100.0,30.0,1.1,25.0,50,D,Significant Concerns,4.9
CD013774_pub2_data__A4,CD013774,72.0,100.0,20.0,7.5,50.0,50,D,Significant Concerns,4.9
CD015033_pub2_data__A15,CD015033,72.0,100.0,0.0,0.9,75.0,50,D,Significant Concerns,4.9
CD013591_pub2_data__A5,CD013591,92.0,100.0,30.0,1.3,25.0,50,D,Significant Concerns,4.9
CD004736_pub6_data__A21,CD004736,32.0,100.0,20.0,0.3,100.0,50,D,Significant Concerns,4.9
CD003519_pub5_data__A1,CD003519,32.0,100.0,20.0,0.1,100.0,50,D,Significant Concerns,4.9
CD013781_pub2_data__A19,CD013781,80.0,100.0,20.0,0.6,50.0,50,D,Significant Concerns,4.9
CD003962_pub3_data__A3,CD003962,36.0,100.0,30.0,6.5,75.0,50,D,Significant Concerns,4.9
CD004736_pub6_data__A10,CD004736,32.0,100.0,20.0,0.3,100.0,50,D,Significant Concerns,4.9
CD014861_pub2_data__A4,CD014861,92.0,100.0,30.0,1.3,25.0,50,D,Significant Concerns,4.9
CD004736_pub6_data__A19,CD004736,32.0,100.0,20.0,0.3,100.0,50,D,Significant Concerns,4.9
CD014852_pub2_data__A26,CD014852,72.0,100.0,20.0,6.0,50.0,50,D,Significant Concerns,4.9
CD015160_pub2_data__A5,CD015160,92.0,100.0,30.0,1.7,25.0,50,D,Significant Concerns,4.9
CD014852_pub2_data__A21,CD014852,72.0,100.0,20.0,6.0,50.0,50,D,Significant Concerns,4.9
CD015160_pub2_data__A7,CD015160,92.0,100.0,30.0,1.7,25.0,50,D,Significant Concerns,4.9
CD004736_pub6_data__A7,CD004736,32.0,100.0,20.0,0.3,100.0,50,D,Significant Concerns,4.9
CD014624_pub2_data__A1,CD014624,32.0,100.0,20.0,0.1,100.0,50,D,Significant Concerns,4.9
CD013105_pub2_data__A7,CD013105,92.0,100.0,30.0,1.3,25.0,50,D,Significant Concerns,4.9
CD014541_pub2_data__A20,CD014541,72.0,100.0,50.0,1.3,25.0,50,D,Significant Concerns,4.9
CD013232_pub2_data__A5,CD013232,64.0,40.0,40.0,8.2,100.0,50,D,Significant Concerns,4.9
CD013232_pub2_data__A15,CD013232,72.0,70.0,0.0,8.2,100.0,50,D,Significant Concerns,4.9
CD014541_pub2_data__A4,CD014541,72.0,100.0,50.0,1.3,25.0,50,D,Significant Concerns,4.9
CD014541_pub2_data__A17,CD014541,72.0,100.0,50.0,1.3,25.0,50,D,Significant Concerns,4.9
CD014959_pub2_data__A1,CD014959,72.0,100.0,50.0,2.3,25.0,50,D,Significant Concerns,4.9
CD009531_pub3_data__A17,CD009531,72.0,100.0,50.0,2.0,25.0,50,D,Significant Concerns,4.9
CD011039_pub2_data__A4,CD011039,72.0,100.0,50.0,1.2,25.0,50,D,Significant Concerns,4.9
CD010583_pub6_data__A8,CD010583,72.0,100.0,30.0,0.4,50.0,50,D,Significant Concerns,4.9
CD015849_pub2_data__A16,CD015849,80.0,100.0,20.0,0.8,50.0,50,D,Significant Concerns,4.9
CD013800_pub2_data__A14,CD013800,72.0,100.0,50.0,2.5,25.0,50,D,Significant Concerns,4.9
CD013800_pub2_data__A9,CD013800,72.0,100.0,50.0,2.5,25.0,50,D,Significant Concerns,4.9
CD013445_pub2_data__A3,CD013445,32.0,100.0,20.0,0.3,100.0,50,D,Significant Concerns,4.9
CD013255_pub2_data__A3,CD013255,52.0,100.0,0.0,0.4,100.0,50,D,Significant Concerns,4.9
CD006606_pub5_data__A5,CD006606,72.0,100.0,50.0,1.9,25.0,50,D,Significant Concerns,4.9
CD006606_pub5_data__A2,CD006606,72.0,100.0,50.0,1.9,25.0,50,D,Significant Concerns,4.9
CD013255_pub2_data__A2,CD013255,32.0,100.0,20.0,0.4,100.0,50,D,Significant Concerns,4.9
CD006606_pub5_data__A6,CD006606,72.0,100.0,50.0,1.9,25.0,50,D,Significant Concerns,4.9
CD006606_pub5_data__A1,CD006606,72.0,100.0,50.0,1.9,25.0,50,D,Significant Concerns,4.9
CD013800_pub2_data__A19,CD013800,72.0,100.0,50.0,2.5,25.0,50,D,Significant Concerns,4.9
CD011039_pub2_data__A1,CD011039,72.0,100.0,50.0,1.2,25.0,50,D,Significant Concerns,4.9
CD014040_pub2_data__A1,CD014040,32.0,100.0,20.0,0.1,100.0,50,D,Significant Concerns,4.9
CD002115_pub6_data__A3,CD002115,80.0,100.0,20.0,0.0,50.0,50,D,Significant Concerns,4.9
CD015331_pub2_data__A37,CD015331,84.0,100.0,40.0,0.7,25.0,50,D,Significant Concerns,4.9
CD011204_pub3_data__A3,CD011204,32.0,100.0,20.0,0.2,100.0,50,D,Significant Concerns,4.9
CD009417_pub3_data__A6,CD009417,92.0,100.0,30.0,5.3,25.0,50,D,Significant Concerns,4.9
CD015040_pub2_data__A4,CD015040,92.0,100.0,30.0,0.8,25.0,50,D,Significant Concerns,4.9
CD015040_pub2_data__A1,CD015040,72.0,100.0,0.0,0.8,75.0,50,D,Significant Concerns,4.9
CD009417_pub3_data__A8,CD009417,92.0,100.0,30.0,5.3,25.0,50,D,Significant Concerns,4.9
CD015588_pub2_data__A2,CD015588,52.0,100.0,0.0,0.1,100.0,50,D,Significant Concerns,4.9
CD014820_pub2_data__A1,CD014820,52.0,100.0,0.0,0.5,100.0,50,D,Significant Concerns,4.9
CD013414_pub2_data__A6,CD013414,52.0,60.0,40.0,0.2,100.0,50,D,Significant Concerns,4.9
CD013781_pub2_data__A12,CD013781,72.0,100.0,0.0,0.6,75.0,50,D,Significant Concerns,4.9
CD001703_pub4_data__A16,CD001703,92.0,100.0,30.0,0.5,25.0,50,D,Significant Concerns,4.9
CD006475_pub3_data__A11,CD006475,32.0,100.0,20.0,0.2,100.0,50,D,Significant Concerns,4.9
CD014852_pub2_data__A27,CD014852,72.0,100.0,20.0,6.0,50.0,50,D,Significant Concerns,4.9
CD014852_pub2_data__A23,CD014852,72.0,100.0,20.0,6.0,50.0,50,D,Significant Concerns,4.9
CD014914_pub2_data__A2,CD014914,32.0,100.0,20.0,0.1,100.0,50,D,Significant Concerns,4.9
CD002203_pub5_data__A4,CD002203,80.0,100.0,20.0,0.4,50.0,50,D,Significant Concerns,4.9
CD014871_pub2_data__A12,CD014871,92.0,100.0,30.0,1.1,25.0,50,D,Significant Concerns,4.9
CD014871_pub2_data__A34,CD014871,92.0,100.0,30.0,1.1,25.0,50,D,Significant Concerns,4.9
CD014713_pub2_data__A4,CD014713,72.0,100.0,50.0,1.0,25.0,50,D,Significant Concerns,4.9
CD015849_pub2_data__A29,CD015849,72.0,100.0,50.0,0.8,25.0,50,D,Significant Concerns,4.9
CD015849_pub2_data__A40,CD015849,72.0,100.0,50.0,0.8,25.0,50,D,Significant Concerns,4.9
CD015849_pub2_data__A50,CD015849,72.0,100.0,50.0,0.8,25.0,50,D,Significant Concerns,4.9
CD008309_pub3_data__A10,CD008309,92.0,100.0,30.0,1.3,25.0,50,D,Significant Concerns,4.9
CD012757_pub2_data__A2,CD012757,72.0,100.0,50.0,0.8,25.0,50,D,Significant Concerns,4.9
CD014624_pub2_data__A2,CD014624,24.0,100.0,20.0,0.1,100.0,49,F,Unreliable,3.5
CD013232_pub2_data__A19,CD013232,92.0,40.0,30.0,8.2,75.0,49,F,Unreliable,3.5
CD015830_pub2_data__A1,CD015830,92.0,100.0,30.0,0.1,25.0,49,F,Unreliable,3.5
CD014624_pub2_data__A10,CD014624,72.0,100.0,50.0,0.1,25.0,49,F,Unreliable,3.5
CD013715_pub2_data__A15,CD013715,92.0,100.0,30.0,0.2,25.0,49,F,Unreliable,3.5
CD015849_pub2_data__A24,CD015849,72.0,100.0,20.0,0.8,50.0,49,F,Unreliable,3.5
CD013800_pub2_data__A13,CD013800,72.0,100.0,20.0,2.5,50.0,49,F,Unreliable,3.5
CD013353_pub2_data__A2,CD013353,92.0,100.0,30.0,0.4,25.0,49,F,Unreliable,3.5
CD015830_pub2_data__A3,CD015830,92.0,100.0,30.0,0.1,25.0,49,F,Unreliable,3.5
CD013800_pub2_data__A12,CD013800,72.0,100.0,20.0,2.5,50.0,49,F,Unreliable,3.5
CD014959_pub2_data__A9,CD014959,52.0,100.0,40.0,2.3,50.0,49,F,Unreliable,3.5
CD014959_pub2_data__A7,CD014959,72.0,100.0,20.0,2.3,50.0,49,F,Unreliable,3.5
CD015140_pub2_data__A17,CD015140,52.0,100.0,40.0,0.7,50.0,49,F,Unreliable,3.5
CD014959_pub2_data__A13,CD014959,72.0,100.0,20.0,2.3,50.0,49,F,Unreliable,3.5
CD005343_pub7_data__A15,CD005343,72.0,100.0,50.0,0.3,25.0,49,F,Unreliable,3.5
CD016120_data__A2,CD016120,72.0,100.0,20.0,0.9,50.0,49,F,Unreliable,3.5
CD011039_pub2_data__A3,CD011039,72.0,100.0,20.0,1.2,50.0,49,F,Unreliable,3.5
CD015122_pub2_data__A21,CD015122,72.0,100.0,50.0,0.2,25.0,49,F,Unreliable,3.5
CD006606_pub5_data__A7,CD006606,72.0,100.0,20.0,1.9,50.0,49,F,Unreliable,3.5
CD015779_data__A9,CD015779,72.0,100.0,50.0,0.5,25.0,49,F,Unreliable,3.5
CD015779_data__A3,CD015779,72.0,100.0,50.0,0.5,25.0,49,F,Unreliable,3.5
CD002122_pub3_data__A5,CD002122,72.0,100.0,50.0,0.2,25.0,49,F,Unreliable,3.5
CD013800_pub2_data__A18,CD013800,72.0,100.0,20.0,2.5,50.0,49,F,Unreliable,3.5
CD002243_pub5_data__A1,CD002243,24.0,100.0,20.0,0.1,100.0,49,F,Unreliable,3.5
CD000028_pub4_data__A6,CD000028,72.0,100.0,20.0,4.5,50.0,49,F,Unreliable,3.5
CD011626_pub3_data__A2,CD011626,60.0,100.0,0.0,8.6,75.0,49,F,Unreliable,3.5
CD004508_pub5_data__A3,CD004508,72.0,100.0,20.0,4.4,50.0,49,F,Unreliable,3.5
CD006913_pub3_data__A18,CD006913,92.0,100.0,30.0,0.3,25.0,49,F,Unreliable,3.5
CD006913_pub3_data__A25,CD006913,92.0,100.0,30.0,0.3,25.0,49,F,Unreliable,3.5
CD002243_pub5_data__A8,CD002243,24.0,100.0,20.0,0.1,100.0,49,F,Unreliable,3.5
CD013800_pub2_data__A17,CD013800,72.0,100.0,20.0,2.5,50.0,49,F,Unreliable,3.5
CD004667_pub6_data__A3,CD004667,24.0,100.0,20.0,1.4,100.0,49,F,Unreliable,3.5
CD013445_pub2_data__A27,CD013445,24.0,100.0,20.0,0.3,100.0,49,F,Unreliable,3.5
CD006606_pub5_data__A8,CD006606,72.0,100.0,20.0,1.9,50.0,49,F,Unreliable,3.5
CD013232_pub2_data__A21,CD013232,92.0,40.0,30.0,8.2,75.0,49,F,Unreliable,3.5
CD015140_pub2_data__A18,CD015140,72.0,100.0,20.0,0.7,50.0,49,F,Unreliable,3.5
CD014541_pub2_data__A3,CD014541,72.0,100.0,20.0,1.3,50.0,49,F,Unreliable,3.5
CD014541_pub2_data__A2,CD014541,72.0,100.0,20.0,1.3,50.0,49,F,Unreliable,3.5
CD012067_pub3_data__A20,CD012067,92.0,100.0,30.0,0.3,25.0,49,F,Unreliable,3.5
CD014937_pub2_data__A3,CD014937,44.0,100.0,0.0,0.1,100.0,49,F,Unreliable,3.5
CD014959_pub2_data__A12,CD014959,52.0,100.0,40.0,2.3,50.0,49,F,Unreliable,3.5
CD014959_pub2_data__A10,CD014959,72.0,100.0,20.0,2.3,50.0,49,F,Unreliable,3.5
CD014959_pub2_data__A5,CD014959,72.0,100.0,20.0,2.3,50.0,49,F,Unreliable,3.5
CD013715_pub2_data__A21,CD013715,72.0,100.0,50.0,0.2,25.0,49,F,Unreliable,3.5
CD014541_pub2_data__A1,CD014541,72.0,100.0,20.0,1.3,50.0,49,F,Unreliable,3.5
CD014959_pub2_data__A15,CD014959,72.0,100.0,20.0,2.3,50.0,49,F,Unreliable,3.5
CD012214_pub3_data__A4,CD012214,92.0,100.0,30.0,0.5,25.0,49,F,Unreliable,3.5
CD002243_pub5_data__A2,CD002243,24.0,100.0,20.0,0.1,100.0,49,F,Unreliable,3.5
CD013715_pub2_data__A12,CD013715,92.0,100.0,30.0,0.2,25.0,49,F,Unreliable,3.5
CD013715_pub2_data__A11,CD013715,92.0,100.0,30.0,0.2,25.0,49,F,Unreliable,3.5
CD013353_pub2_data__A4,CD013353,92.0,100.0,30.0,0.4,25.0,49,F,Unreliable,3.5
CD014624_pub2_data__A7,CD014624,72.0,100.0,50.0,0.1,25.0,49,F,Unreliable,3.5
CD014763_pub2_data__A7,CD014763,72.0,100.0,0.0,0.4,75.0,49,F,Unreliable,3.5
CD012891_pub2_data__A11,CD012891,72.0,100.0,50.0,0.1,25.0,49,F,Unreliable,3.5
CD007639_pub3_data__A1,CD007639,72.0,100.0,0.0,0.4,75.0,49,F,Unreliable,3.5
CD012891_pub2_data__A10,CD012891,72.0,100.0,50.0,0.1,25.0,49,F,Unreliable,3.5
CD001797_pub4_data__A2,CD001797,92.0,100.0,30.0,0.2,25.0,49,F,Unreliable,3.5
CD013800_pub2_data__A15,CD013800,72.0,100.0,20.0,2.5,50.0,49,F,Unreliable,3.5
CD003519_pub5_data__A11,CD003519,72.0,100.0,50.0,0.1,25.0,49,F,Unreliable,3.5
CD014763_pub2_data__A8,CD014763,72.0,100.0,0.0,0.4,75.0,49,F,Unreliable,3.5
CD002203_pub5_data__A5,CD002203,44.0,100.0,0.0,0.4,100.0,49,F,Unreliable,3.5
CD015432_pub2_data__A7,CD015432,52.0,100.0,20.0,0.3,75.0,49,F,Unreliable,3.5
CD015255_pub2_data__A2,CD015255,32.0,100.0,40.0,0.3,75.0,49,F,Unreliable,3.5
CD012891_pub2_data__A9,CD012891,72.0,100.0,50.0,0.1,25.0,49,F,Unreliable,3.5
CD015849_pub2_data__A34,CD015849,72.0,100.0,20.0,0.8,50.0,49,F,Unreliable,3.5
CD012214_pub3_data__A2,CD012214,92.0,100.0,30.0,0.5,25.0,49,F,Unreliable,3.5
CD015588_pub2_data__A48,CD015588,72.0,100.0,50.0,0.1,25.0,49,F,Unreliable,3.5
CD013358_pub2_data__A12,CD013358,72.0,100.0,0.0,0.3,75.0,49,F,Unreliable,3.5
CD014914_pub2_data__A10,CD014914,72.0,100.0,50.0,0.1,25.0,49,F,Unreliable,3.5
CD015849_pub2_data__A41,CD015849,72.0,100.0,20.0,0.8,50.0,49,F,Unreliable,3.5
CD014844_pub2_data__A6,CD014844,72.0,100.0,20.0,3.6,50.0,49,F,Unreliable,3.5
CD013715_pub2_data__A4,CD013715,92.0,100.0,30.0,0.2,25.0,49,F,Unreliable,3.5
CD015588_pub2_data__A35,CD015588,72.0,100.0,50.0,0.1,25.0,49,F,Unreliable,3.5
CD015588_pub2_data__A38,CD015588,72.0,100.0,50.0,0.1,25.0,49,F,Unreliable,3.5
CD015588_pub2_data__A8,CD015588,72.0,100.0,50.0,0.1,25.0,49,F,Unreliable,3.5
CD015255_pub2_data__A16,CD015255,72.0,100.0,50.0,0.3,25.0,49,F,Unreliable,3.5
CD001797_pub4_data__A3,CD001797,92.0,100.0,30.0,0.2,25.0,49,F,Unreliable,3.5
CD013719_pub2_data__A11,CD013719,72.0,100.0,50.0,0.2,25.0,49,F,Unreliable,3.5
CD015588_pub2_data__A15,CD015588,72.0,100.0,50.0,0.1,25.0,49,F,Unreliable,3.5
CD013763_pub3_data__A7,CD013763,72.0,100.0,0.0,0.4,75.0,49,F,Unreliable,3.5
CD008237_pub4_data__A4,CD008237,92.0,100.0,30.0,0.1,25.0,49,F,Unreliable,3.5
CD015932_pub2_data__A9,CD015932,72.0,100.0,50.0,0.2,25.0,49,F,Unreliable,3.5
CD013408_pub2_data__A9,CD013408,72.0,100.0,50.0,0.3,25.0,49,F,Unreliable,3.5
CD014833_pub2_data__A3,CD014833,72.0,100.0,20.0,2.7,50.0,49,F,Unreliable,3.5
CD013715_pub2_data__A9,CD013715,92.0,100.0,30.0,0.2,25.0,49,F,Unreliable,3.5
CD014769_pub2_data__A27,CD014769,72.0,100.0,20.0,3.7,50.0,49,F,Unreliable,3.5
CD012693_pub3_data__A34,CD012693,92.0,100.0,30.0,0.1,25.0,49,F,Unreliable,3.5
CD015932_pub2_data__A10,CD015932,72.0,100.0,50.0,0.2,25.0,49,F,Unreliable,3.5
CD006404_pub5_data__A14,CD006404,72.0,100.0,20.0,0.8,50.0,49,F,Unreliable,3.5
CD006404_pub5_data__A16,CD006404,72.0,100.0,20.0,0.8,50.0,49,F,Unreliable,3.5
CD009609_pub3_data__A3,CD009609,52.0,100.0,40.0,1.3,50.0,49,F,Unreliable,3.5
CD009609_pub3_data__A5,CD009609,72.0,100.0,20.0,1.3,50.0,49,F,Unreliable,3.5
CD012693_pub3_data__A17,CD012693,72.0,100.0,50.0,0.1,25.0,49,F,Unreliable,3.5
CD009609_pub3_data__A6,CD009609,72.0,100.0,20.0,1.3,50.0,49,F,Unreliable,3.5
CD007079_pub4_data__A1,CD007079,24.0,100.0,20.0,0.2,100.0,49,F,Unreliable,3.5
CD015033_pub2_data__A12,CD015033,72.0,100.0,20.0,0.9,50.0,49,F,Unreliable,3.5
CD015588_pub2_data__A31,CD015588,72.0,100.0,50.0,0.1,25.0,49,F,Unreliable,3.5
CD011626_pub3_data__A1,CD011626,60.0,100.0,0.0,8.6,75.0,49,F,Unreliable,3.5
CD003519_pub5_data__A8,CD003519,72.0,100.0,50.0,0.1,25.0,49,F,Unreliable,3.5
CD014769_pub2_data__A23,CD014769,40.0,100.0,0.0,3.7,100.0,49,F,Unreliable,3.5
CD015932_pub2_data__A6,CD015932,72.0,100.0,50.0,0.2,25.0,49,F,Unreliable,3.5
CD015932_pub2_data__A14,CD015932,72.0,100.0,50.0,0.2,25.0,49,F,Unreliable,3.5
CD015033_pub2_data__A22,CD015033,72.0,100.0,20.0,0.9,50.0,49,F,Unreliable,3.5
CD015033_pub2_data__A23,CD015033,72.0,100.0,20.0,0.9,50.0,49,F,Unreliable,3.5
CD006714_pub3_data__A14,CD006714,92.0,100.0,30.0,0.3,25.0,49,F,Unreliable,3.5
CD006913_pub3_data__A23,CD006913,92.0,100.0,30.0,0.3,25.0,49,F,Unreliable,3.5
CD002243_pub5_data__A5,CD002243,24.0,100.0,20.0,0.1,100.0,49,F,Unreliable,3.5
CD002243_pub5_data__A4,CD002243,24.0,100.0,20.0,0.1,100.0,49,F,Unreliable,3.5
CD002243_pub5_data__A3,CD002243,24.0,100.0,20.0,0.1,100.0,49,F,Unreliable,3.5
CD015520_data__A7,CD015520,92.0,100.0,30.0,0.2,25.0,49,F,Unreliable,3.5
CD001321_pub7_data__A1,CD001321,20.0,100.0,20.0,0.4,100.0,48,F,Unreliable,2.1
CD015003_pub2_data__A4,CD015003,32.0,100.0,20.0,12.7,75.0,48,F,Unreliable,2.1
CD003519_pub5_data__A9,CD003519,72.0,100.0,20.0,0.1,50.0,48,F,Unreliable,2.1
CD015588_pub2_data__A32,CD015588,72.0,100.0,20.0,0.1,50.0,48,F,Unreliable,2.1
CD015588_pub2_data__A22,CD015588,72.0,100.0,20.0,0.1,50.0,48,F,Unreliable,2.1
CD004736_pub6_data__A45,CD004736,20.0,100.0,20.0,0.3,100.0,48,F,Unreliable,2.1
CD003519_pub5_data__A25,CD003519,52.0,100.0,40.0,0.1,50.0,48,F,Unreliable,2.1
CD004736_pub6_data__A46,CD004736,20.0,100.0,20.0,0.3,100.0,48,F,Unreliable,2.1
CD004736_pub6_data__A47,CD004736,40.0,100.0,0.0,0.3,100.0,48,F,Unreliable,2.1
CD014803_pub2_data__A2,CD014803,84.0,100.0,30.0,1.5,25.0,48,F,Unreliable,2.1
CD003962_pub3_data__A10,CD003962,72.0,100.0,10.0,6.5,50.0,48,F,Unreliable,2.1
CD008237_pub4_data__A1,CD008237,84.0,100.0,30.0,0.1,25.0,48,F,Unreliable,2.1
CD013408_pub2_data__A6,CD013408,72.0,100.0,20.0,0.3,50.0,48,F,Unreliable,2.1
CD013408_pub2_data__A2,CD013408,72.0,100.0,20.0,0.3,50.0,48,F,Unreliable,2.1
CD015932_pub2_data__A11,CD015932,72.0,100.0,20.0,0.2,50.0,48,F,Unreliable,2.1
CD015932_pub2_data__A8,CD015932,64.0,100.0,50.0,0.2,25.0,48,F,Unreliable,2.1
CD003519_pub5_data__A16,CD003519,72.0,100.0,20.0,0.1,50.0,48,F,Unreliable,2.1
CD014741_pub2_data__A4,CD014741,80.0,60.0,0.0,0.1,100.0,48,F,Unreliable,2.1
CD015219_pub2_data__A10,CD015219,20.0,100.0,20.0,0.1,100.0,48,F,Unreliable,2.1
CD004736_pub6_data__A1,CD004736,20.0,100.0,20.0,0.3,100.0,48,F,Unreliable,2.1
CD004736_pub6_data__A11,CD004736,20.0,100.0,20.0,0.3,100.0,48,F,Unreliable,2.1
CD015443_pub2_data__A1,CD015443,48.0,70.0,20.0,1.1,100.0,48,F,Unreliable,2.1
CD015432_pub2_data__A8,CD015432,64.0,100.0,0.0,0.3,75.0,48,F,Unreliable,2.1
CD004736_pub6_data__A13,CD004736,20.0,100.0,20.0,0.3,100.0,48,F,Unreliable,2.1
CD003519_pub5_data__A24,CD003519,72.0,100.0,20.0,0.1,50.0,48,F,Unreliable,2.1
CD015219_pub2_data__A13,CD015219,72.0,100.0,20.0,0.1,50.0,48,F,Unreliable,2.1
CD015219_pub2_data__A4,CD015219,20.0,100.0,20.0,0.1,100.0,48,F,Unreliable,2.1
CD003519_pub5_data__A21,CD003519,72.0,100.0,20.0,0.1,50.0,48,F,Unreliable,2.1
CD003519_pub5_data__A20,CD003519,72.0,100.0,20.0,0.1,50.0,48,F,Unreliable,2.1
CD012693_pub3_data__A33,CD012693,84.0,100.0,30.0,0.1,25.0,48,F,Unreliable,2.1
CD013719_pub2_data__A5,CD013719,72.0,100.0,20.0,0.2,50.0,48,F,Unreliable,2.1
CD013757_pub3_data__A7,CD013757,72.0,100.0,20.0,0.2,50.0,48,F,Unreliable,2.1
CD004736_pub6_data__A14,CD004736,20.0,100.0,20.0,0.3,100.0,48,F,Unreliable,2.1
CD013255_pub2_data__A1,CD013255,20.0,100.0,20.0,0.4,100.0,48,F,Unreliable,2.1
CD015779_data__A2,CD015779,72.0,100.0,20.0,0.5,50.0,48,F,Unreliable,2.1
CD013827_pub2_data__A9,CD013827,72.0,60.0,10.0,0.2,100.0,48,F,Unreliable,2.1
CD013827_pub2_data__A10,CD013827,72.0,60.0,10.0,0.2,100.0,48,F,Unreliable,2.1
CD013827_pub2_data__A7,CD013827,72.0,60.0,10.0,0.2,100.0,48,F,Unreliable,2.1
CD013827_pub2_data__A8,CD013827,72.0,60.0,10.0,0.2,100.0,48,F,Unreliable,2.1
CD004925_pub4_data__A4,CD004925,40.0,100.0,0.0,0.7,100.0,48,F,Unreliable,2.1
CD007674_pub3_data__A6,CD007674,24.0,100.0,40.0,0.2,75.0,48,F,Unreliable,2.1
CD014964_pub2_data__A2,CD014964,24.0,75.0,40.0,0.1,100.0,48,F,Unreliable,2.1
CD014964_pub2_data__A3,CD014964,24.0,75.0,40.0,0.1,100.0,48,F,Unreliable,2.1
CD014964_pub2_data__A1,CD014964,24.0,75.0,40.0,0.1,100.0,48,F,Unreliable,2.1
CD000547_pub3_data__A8,CD000547,20.0,100.0,20.0,0.1,100.0,48,F,Unreliable,2.1
CD014040_pub2_data__A9,CD014040,72.0,100.0,20.0,0.1,50.0,48,F,Unreliable,2.1
CD004736_pub6_data__A8,CD004736,20.0,100.0,20.0,0.3,100.0,48,F,Unreliable,2.1
CD000547_pub3_data__A9,CD000547,72.0,100.0,20.0,0.1,50.0,48,F,Unreliable,2.1
CD013827_pub2_data__A13,CD013827,84.0,60.0,70.0,0.2,25.0,48,F,Unreliable,2.1
CD012079_pub2_data__A23,CD012079,20.0,100.0,20.0,0.1,100.0,48,F,Unreliable,2.1
CD012079_pub2_data__A24,CD012079,20.0,100.0,20.0,0.1,100.0,48,F,Unreliable,2.1
CD007639_pub3_data__A11,CD007639,72.0,100.0,20.0,0.4,50.0,48,F,Unreliable,2.1
CD015255_pub2_data__A14,CD015255,72.0,100.0,20.0,0.3,50.0,48,F,Unreliable,2.1
CD015254_pub2_data__A8,CD015254,40.0,100.0,0.0,0.1,100.0,48,F,Unreliable,2.1
CD013715_pub2_data__A3,CD013715,72.0,100.0,20.0,0.2,50.0,48,F,Unreliable,2.1
CD006140_pub3_data__A11,CD006140,72.0,100.0,20.0,0.3,50.0,48,F,Unreliable,2.1
CD006140_pub3_data__A12,CD006140,72.0,100.0,20.0,0.3,50.0,48,F,Unreliable,2.1
CD015255_pub2_data__A13,CD015255,72.0,100.0,20.0,0.3,50.0,48,F,Unreliable,2.1
CD015255_pub2_data__A1,CD015255,72.0,100.0,20.0,0.3,50.0,48,F,Unreliable,2.1
CD015254_pub2_data__A7,CD015254,40.0,100.0,0.0,0.1,100.0,48,F,Unreliable,2.1
CD013827_pub2_data__A11,CD013827,72.0,60.0,10.0,0.2,100.0,48,F,Unreliable,2.1
CD013332_pub2_data__A4,CD013332,72.0,100.0,20.0,0.4,50.0,48,F,Unreliable,2.1
CD013105_pub2_data__A5,CD013105,84.0,100.0,30.0,1.3,25.0,48,F,Unreliable,2.1
CD001837_pub4_data__A1,CD001837,20.0,100.0,20.0,0.2,100.0,48,F,Unreliable,2.1
CD001797_pub4_data__A7,CD001797,84.0,100.0,30.0,0.2,25.0,48,F,Unreliable,2.1
CD015849_pub2_data__A20,CD015849,64.0,100.0,20.0,0.8,50.0,47,F,Unreliable,1.4
CD012942_pub2_data__A2,CD012942,12.0,100.0,20.0,0.8,100.0,47,F,Unreliable,1.4
CD015849_pub2_data__A7,CD015849,40.0,100.0,20.0,0.8,75.0,47,F,Unreliable,1.4
CD013800_pub2_data__A7,CD013800,32.0,100.0,0.0,2.5,100.0,47,F,Unreliable,1.4
CD015284_pub2_data__A4,CD015284,60.0,100.0,0.0,0.3,75.0,47,F,Unreliable,1.4
CD009508_pub2_data__A3,CD009508,16.0,100.0,20.0,0.1,100.0,47,F,Unreliable,1.4
CD013822_pub2_data__A5,CD013822,80.0,60.0,20.0,0.1,75.0,47,F,Unreliable,1.4
CD014964_pub2_data__A4,CD014964,40.0,75.0,20.0,0.1,100.0,47,F,Unreliable,1.4
CD002243_pub5_data__A15,CD002243,60.0,100.0,0.0,0.1,75.0,47,F,Unreliable,1.4
CD002243_pub5_data__A13,CD002243,16.0,100.0,20.0,0.1,100.0,47,F,Unreliable,1.4
CD004667_pub6_data__A2,CD004667,12.0,100.0,20.0,1.4,100.0,47,F,Unreliable,1.4
CD015443_pub2_data__A5,CD015443,52.0,65.0,40.0,1.1,75.0,47,F,Unreliable,1.4
CD012693_pub3_data__A26,CD012693,64.0,100.0,20.0,0.1,50.0,47,F,Unreliable,1.4
CD013358_pub2_data__A6,CD013358,60.0,100.0,0.0,0.3,75.0,47,F,Unreliable,1.4
CD012718_pub2_data__A5,CD012718,64.0,100.0,20.0,0.2,50.0,47,F,Unreliable,1.4
CD006404_pub5_data__A3,CD006404,12.0,100.0,20.0,0.8,100.0,47,F,Unreliable,1.4
CD012942_pub2_data__A1,CD012942,12.0,100.0,20.0,0.8,100.0,47,F,Unreliable,1.4
CD015040_pub2_data__A3,CD015040,80.0,100.0,0.0,0.8,50.0,46,F,Unreliable,1.1
CD004871_pub5_data__A10,CD004871,80.0,100.0,0.0,0.1,50.0,46,F,Unreliable,1.1
CD008349_pub5_data__A9,CD008349,80.0,100.0,0.0,0.5,50.0,46,F,Unreliable,1.1
CD013232_pub2_data__A3,CD013232,72.0,0.0,50.0,8.2,100.0,46,F,Unreliable,1.1
CD013232_pub2_data__A16,CD013232,80.0,40.0,0.0,8.2,100.0,46,F,Unreliable,1.1
CD015330_pub2_data__A1,CD015330,72.0,100.0,30.0,0.8,25.0,46,F,Unreliable,1.1
CD003357_pub5_data__A1,CD003357,12.0,100.0,20.0,0.2,100.0,46,F,Unreliable,1.1
CD014741_pub2_data__A5,CD014741,72.0,60.0,0.0,0.1,100.0,46,F,Unreliable,1.1
CD013358_pub2_data__A16,CD013358,80.0,100.0,0.0,0.3,50.0,46,F,Unreliable,1.1
CD006027_pub3_data__A2,CD006027,32.0,100.0,0.0,0.4,100.0,46,F,Unreliable,1.1
CD015014_pub2_data__A39,CD015014,80.0,100.0,20.0,6.0,25.0,46,F,Unreliable,1.1
CD003519_pub5_data__A14,CD003519,60.0,100.0,20.0,0.1,50.0,46,F,Unreliable,1.1
CD013445_pub2_data__A36,CD013445,64.0,100.0,40.0,0.3,25.0,46,F,Unreliable,1.1
CD015330_pub2_data__A6,CD015330,72.0,100.0,30.0,0.8,25.0,46,F,Unreliable,1.1
CD006185_pub6_data__A8,CD006185,72.0,50.0,10.0,0.5,100.0,46,F,Unreliable,1.1
CD013232_pub2_data__A1,CD013232,80.0,40.0,0.0,8.2,100.0,46,F,Unreliable,1.1
CD013232_pub2_data__A7,CD013232,72.0,0.0,50.0,8.2,100.0,46,F,Unreliable,1.1
CD008493_pub5_data__A3,CD008493,4.0,100.0,20.0,0.4,100.0,45,F,Unreliable,0.9
CD015328_pub2_data__A3,CD015328,44.0,100.0,20.0,38.3,25.0,45,F,Unreliable,0.9
CD015328_pub2_data__A1,CD015328,44.0,100.0,20.0,38.3,25.0,45,F,Unreliable,0.9
CD013054_pub3_data__A2,CD013054,36.0,50.0,40.0,0.1,100.0,45,F,Unreliable,0.9
CD015588_pub2_data__A11,CD015588,80.0,100.0,20.0,0.1,25.0,45,F,Unreliable,0.9
CD015588_pub2_data__A17,CD015588,80.0,100.0,20.0,0.1,25.0,45,F,Unreliable,0.9
CD011671_pub3_data__A6,CD011671,80.0,100.0,20.0,0.4,25.0,45,F,Unreliable,0.9
CD015588_pub2_data__A27,CD015588,80.0,100.0,20.0,0.1,25.0,45,F,Unreliable,0.9
CD011671_pub3_data__A5,CD011671,80.0,100.0,20.0,0.4,25.0,45,F,Unreliable,0.9
CD011381_pub3_data__A5,CD011381,64.0,90.0,20.0,0.3,50.0,45,F,Unreliable,0.9
CD014624_pub2_data__A6,CD014624,80.0,100.0,20.0,0.1,25.0,45,F,Unreliable,0.9
CD014964_pub2_data__A5,CD014964,32.0,75.0,20.0,0.1,100.0,45,F,Unreliable,0.9
CD015328_pub2_data__A6,CD015328,44.0,100.0,20.0,38.3,25.0,45,F,Unreliable,0.9
CD015328_pub2_data__A9,CD015328,44.0,100.0,20.0,38.3,25.0,45,F,Unreliable,0.9
CD002112_pub2_data__A2,CD002112,0.0,100.0,20.0,0.1,100.0,44,F,Unreliable,0.6
CD013232_pub2_data__A12,CD013232,72.0,0.0,40.0,8.2,100.0,44,F,Unreliable,0.6
CD013342_pub2_data__A2,CD013342,72.0,50.0,0.0,0.4,100.0,44,F,Unreliable,0.6
CD000547_pub3_data__A10,CD000547,20.0,100.0,0.0,0.1,100.0,44,F,Unreliable,0.6
CD011381_pub3_data__A2,CD011381,16.0,65.0,40.0,0.3,100.0,44,F,Unreliable,0.6
CD011381_pub3_data__A4,CD011381,16.0,65.0,40.0,0.3,100.0,44,F,Unreliable,0.6
CD012718_pub2_data__A6,CD012718,52.0,100.0,20.0,0.2,50.0,44,F,Unreliable,0.6
CD014678_pub2_data__A2,CD014678,20.0,100.0,0.0,2.4,100.0,44,F,Unreliable,0.6
CD013342_pub2_data__A1,CD013342,72.0,50.0,0.0,0.4,100.0,44,F,Unreliable,0.6
CD011778_pub2_data__A4,CD011778,72.0,100.0,0.0,0.2,50.0,44,F,Unreliable,0.6
CD014937_pub2_data__A14,CD014937,20.0,100.0,0.0,0.1,100.0,44,F,Unreliable,0.6
CD013232_pub2_data__A14,CD013232,72.0,40.0,0.0,8.2,100.0,44,F,Unreliable,0.6
CD012079_pub2_data__A20,CD012079,0.0,100.0,20.0,0.1,100.0,44,F,Unreliable,0.6
CD007693_pub3_data__A1,CD007693,44.0,100.0,0.0,50.0,25.0,44,F,Unreliable,0.6
CD015330_pub2_data__A5,CD015330,64.0,100.0,30.0,0.8,25.0,44,F,Unreliable,0.6
CD015328_pub2_data__A4,CD015328,16.0,100.0,40.0,38.3,25.0,44,F,Unreliable,0.6
CD015330_pub2_data__A2,CD015330,44.0,100.0,50.0,0.8,25.0,44,F,Unreliable,0.6
CD011381_pub3_data__A1,CD011381,24.0,90.0,0.0,0.3,100.0,43,F,Unreliable,0.4
CD015588_pub2_data__A23,CD015588,72.0,100.0,20.0,0.1,25.0,43,F,Unreliable,0.4
CD013445_pub2_data__A35,CD013445,72.0,100.0,20.0,0.3,25.0,43,F,Unreliable,0.4
CD012268_pub2_data__A5,CD012268,60.0,100.0,0.0,6.5,50.0,43,F,Unreliable,0.4
CD012693_pub3_data__A24,CD012693,72.0,100.0,20.0,0.1,25.0,43,F,Unreliable,0.4
CD011671_pub3_data__A9,CD011671,72.0,100.0,20.0,0.4,25.0,43,F,Unreliable,0.4
CD015330_pub2_data__A3,CD015330,60.0,100.0,30.0,0.8,25.0,43,F,Unreliable,0.4
CD012891_pub2_data__A5,CD012891,72.0,100.0,20.0,0.1,25.0,43,F,Unreliable,0.4
CD015219_pub2_data__A7,CD015219,72.0,100.0,20.0,0.1,25.0,43,F,Unreliable,0.4
CD015219_pub2_data__A14,CD015219,72.0,100.0,20.0,0.1,25.0,43,F,Unreliable,0.4
CD001797_pub4_data__A5,CD001797,72.0,100.0,20.0,0.2,25.0,43,F,Unreliable,0.4
CD002203_pub5_data__A26,CD002203,72.0,100.0,20.0,0.4,25.0,43,F,Unreliable,0.4
CD012891_pub2_data__A6,CD012891,72.0,100.0,20.0,0.1,25.0,43,F,Unreliable,0.4
CD014624_pub2_data__A9,CD014624,72.0,100.0,20.0,0.1,25.0,43,F,Unreliable,0.4
CD012891_pub2_data__A4,CD012891,64.0,100.0,20.0,0.1,25.0,42,F,Unreliable,0.2
CD013232_pub2_data__A6,CD013232,64.0,0.0,40.0,8.2,100.0,42,F,Unreliable,0.2
CD013232_pub2_data__A8,CD013232,60.0,40.0,0.0,8.2,100.0,42,F,Unreliable,0.2
CD015255_pub2_data__A6,CD015255,64.0,100.0,20.0,0.3,25.0,42,F,Unreliable,0.2
CD013054_pub3_data__A1,CD013054,32.0,80.0,0.0,0.1,100.0,42,F,Unreliable,0.2
CD014758_pub3_data__A1,CD014758,72.0,20.0,0.0,1.5,100.0,39,F,Unreliable,0.2
CD014758_pub3_data__A2,CD014758,72.0,20.0,0.0,1.5,100.0,39,F,Unreliable,0.2
CD015328_pub2_data__A8,CD015328,32.0,100.0,0.0,38.3,25.0,39,F,Unreliable,0.2
CD015443_pub2_data__A2,CD015443,24.0,70.0,0.0,1.1,100.0,39,F,Unreliable,0.2
CD015330_pub2_data__A4,CD015330,60.0,100.0,10.0,0.8,25.0,39,F,Unreliable,0.2
CD013054_pub3_data__A3,CD013054,60.0,60.0,20.0,0.1,50.0,38,F,Unreliable,0.1
CD002290_pub6_data__A1,CD002290,0.0,65.0,20.0,0.1,100.0,37,F,Unreliable,0.1
CD015328_pub2_data__A2,CD015328,4.0,100.0,20.0,38.3,25.0,37,F,Unreliable,0.1
CD012186_pub2_data__A1,CD012186,52.0,20.0,0.0,1.6,100.0,35,F,Unreliable,0.1
CD013232_pub2_data__A9,CD013232,40.0,0.0,20.0,8.2,100.0,34,F,Unreliable,0.0
CD012186_pub2_data__A2,CD012186,16.0,0.0,40.0,1.6,100.0,32,F,Unreliable,0.0
CD015328_pub2_data__A5,CD015328,12.0,0.0,20.0,38.3,25.0,19,F,Unreliable,0.0
